pool,index,name,field,before,after
primary,31,Wydett Williams,contract_value,22,23
primary,55,Malcolm DeWalt,contract_value,22,23
primary,58,Jack Strand,contract_value,22,23
primary,86,Zach Harrison,contract_value,10,25
primary,112,Ethan Burke,contract_value,22,23
primary,128,Carl Jones,contract_value,7,24
primary,139,Joe Fagnano,contract_value,22,23
primary,176,Jordan Hancock,contract_value,90,77
primary,176,Jordan Hancock,contract_type,7,6
primary,176,Jordan Hancock,contract_bonus,5,0
primary,226,Aaron Hall,contract_value,22,23
primary,233,Albert Reese,contract_value,22,23
primary,239,Claudin Cherelus,contract_value,32,20
primary,240,Tyrel Dodson,contract_value,32,33
primary,250,Haynes King,contract_value,22,23
primary,266,Skyler Thomas,contract_value,22,23
primary,287,Scott Daly,contract_value,32,24
primary,315,Jayden Loving,contract_value,22,23
primary,366,Dohnte Meyers,contract_value,22,23
primary,393,Camden Brown,contract_value,22,23
primary,437,Zach Allen,contract_value,2639,2611
primary,437,Zach Allen,contract_type,6,7
primary,442,Garett Bolles,contract_value,953,1487
primary,479,Bishop Fitzgerald,contract_value,22,23
primary,485,Eric O'Neill,contract_value,22,23
primary,510,Levi Onwuzurike,contract_value,8,29
primary,529,Devin Cochran,contract_value,6,7
primary,533,J. Michael Sturdivant,contract_value,22,23
primary,596,Kapena Gushiken,contract_value,22,23
primary,606,Tahj Chambers,contract_value,22,23
primary,630,Darius Slayton,contract_value,32,29
primary,649,Bryan Thomas,contract_value,22,23
primary,691,Xavier Nwankpa,contract_value,22,23
primary,697,Jack Pyburn,contract_value,22,23
primary,700,Bryson Eason,contract_value,22,23
primary,708,Diego Pounds,contract_value,22,23
primary,727,Kahlil Benson,contract_value,22,23
primary,754,DJ Herman,contract_value,22,23
primary,772,Andre Jones,contract_value,6,53
primary,772,Andre Jones,contract_remaining,1,2
primary,772,Andre Jones,contract_type,2,7
primary,772,Andre Jones,contract_bonus,0,5
primary,772,Andre Jones,contract_length,1,2
primary,813,Jacob Thomas,contract_value,22,23
primary,819,Nick Samac,contract_value,27,16
primary,828,Brett Thorson,contract_value,22,23
primary,853,Dell Pettus,contract_value,27,16
primary,879,Erick Hunter,contract_value,22,23
primary,880,Mitch Wishnowsky,contract_value,9,24
primary,885,Channing Canada,contract_value,22,23
primary,891,Tanner Arkin,contract_value,22,23
primary,921,Mason Murphy,contract_value,22,23
primary,924,CJ Donaldson,contract_value,22,23
primary,955,Nikko Reed,contract_value,6,24
primary,980,Dominic Zvada,contract_value,22,23
primary,994,Ben Mann,contract_value,22,23
primary,1038,Troy Reeder,contract_value,10,24
primary,1055,Arian Smith,contract_value,104,92
primary,1055,Arian Smith,contract_type,7,6
primary,1055,Arian Smith,contract_bonus,6,1
primary,1132,Rocco Underwood,contract_value,22,23
primary,1156,Zach Ertz,contract_value,32,7
primary,1205,Kevin Jobity,contract_value,22,23
primary,1220,Tanner Ingle,contract_value,7,24
primary,1232,Wesley Bailey,contract_value,22,23
primary,1235,Ronnie Rivers,contract_value,27,16
primary,1275,Rodney Shelley,contract_value,22,23
primary,1296,Jacob Spomer,contract_value,22,23
primary,1315,Hayden Rucci,contract_value,6,22
primary,1331,Ogbo Okoronkwo,contract_value,11,25
primary,1336,C.J. West,contract_value,103,91
primary,1336,C.J. West,contract_type,7,6
primary,1336,C.J. West,contract_bonus,6,1
primary,1348,James Thompson,contract_value,22,23
primary,1379,Avery Smith,contract_value,22,23
primary,1464,Jalon Daniels,contract_value,22,23
primary,1467,Ayden Garnes,contract_value,22,23
primary,1552,Isaac Yiadom,contract_value,6,25
primary,1562,Drew Stevens,contract_value,22,23
primary,1588,Tanoa Togiai,contract_value,22,23
primary,1644,Collin Wright,contract_value,22,23
primary,1653,Sabastian Harsh,contract_value,22,23
primary,1696,Julian Okwara,pbp_id,1690,0
primary,1696,Julian Okwara,photo_id,1690,0
primary,1696,Julian Okwara,birth_month,10,12
primary,1696,Julian Okwara,birth_day,24,27
primary,1696,Julian Okwara,birth_year_high,9,12
primary,1696,Julian Okwara,jersey,90,99
primary,1696,Julian Okwara,years_pro,8,6
primary,1696,Julian Okwara,contract_type,0,2
primary,1696,Julian Okwara,weight_raw,115,91
primary,1697,Bailey Zappe,pbp_id,3627,0
primary,1697,Bailey Zappe,photo_id,3627,0
primary,1697,Bailey Zappe,birth_month,1,4
primary,1697,Bailey Zappe,birth_day,23,26
primary,1697,Bailey Zappe,birth_year_low,0,3
primary,1697,Bailey Zappe,birth_year_high,10,12
primary,1697,Bailey Zappe,jersey,15,4
primary,1697,Bailey Zappe,years_pro,3,4
primary,1697,Bailey Zappe,contract_type,0,2
primary,1697,Bailey Zappe,contract_bonus,3,0
primary,1697,Bailey Zappe,weight_raw,71,70
primary,1697,Bailey Zappe,height,74,73
primary,1699,Jermar Jefferson,pbp_id,215,0
primary,1699,Jermar Jefferson,photo_id,215,0
primary,1699,Jermar Jefferson,birth_month,3,4
primary,1699,Jermar Jefferson,birth_day,14,15
primary,1699,Jermar Jefferson,birth_year_high,9,0
primary,1699,Jermar Jefferson,jersey,32,17
primary,1699,Jermar Jefferson,years_pro,8,5
primary,1699,Jermar Jefferson,contract_type,0,2
primary,1699,Jermar Jefferson,weight_raw,82,65
primary,1699,Jermar Jefferson,height,74,70
primary,1700,A.J. Green,pbp_id,9027,0
primary,1700,A.J. Green,photo_id,6708,0
primary,1700,A.J. Green,birth_month,5,6
primary,1700,A.J. Green,birth_day,5,9
primary,1700,A.J. Green,birth_year_low,0,2
primary,1700,A.J. Green,birth_year_high,10,12
primary,1700,A.J. Green,jersey,33,24
primary,1700,A.J. Green,years_pro,1,6
primary,1700,A.J. Green,contract_type,0,2
primary,1700,A.J. Green,weight_raw,37,35
primary,1700,A.J. Green,height,70,74
primary,1701,Andre James,pbp_id,4121,0
primary,1701,Andre James,photo_id,4121,0
primary,1701,Andre James,birth_month,10,5
primary,1701,Andre James,birth_day,23,2
primary,1701,Andre James,birth_year_low,2,1
primary,1701,Andre James,birth_year_high,9,12
primary,1701,Andre James,jersey,57,61
primary,1701,Andre James,years_pro,2,7
primary,1701,Andre James,contract_type,0,2
primary,1701,Andre James,weight_raw,85,150
primary,1701,Andre James,height,73,76
primary,1702,Dyontae Johnson,pbp_id,1301,0
primary,1702,Dyontae Johnson,photo_id,1301,0
primary,1702,Dyontae Johnson,birth_month,8,9
primary,1702,Dyontae Johnson,birth_day,31,28
primary,1702,Dyontae Johnson,birth_year_low,7,0
primary,1702,Dyontae Johnson,birth_year_high,8,0
primary,1702,Dyontae Johnson,jersey,59,45
primary,1702,Dyontae Johnson,years_pro,12,3
primary,1702,Dyontae Johnson,contract_type,0,2
primary,1702,Dyontae Johnson,weight_raw,85,80
primary,1703,Jashaun Corbin,pbp_id,4372,0
primary,1703,Jashaun Corbin,photo_id,4372,0
primary,1703,Jashaun Corbin,birth_day,29,20
primary,1703,Jashaun Corbin,birth_year_low,6,0
primary,1703,Jashaun Corbin,birth_year_high,9,0
primary,1703,Jashaun Corbin,jersey,35,36
primary,1703,Jashaun Corbin,years_pro,3,4
primary,1703,Jashaun Corbin,contract_type,0,2
primary,1703,Jashaun Corbin,weight_raw,45,71
primary,1703,Jashaun Corbin,height,67,71
primary,1704,Jaylon Jones,pbp_id,607,0
primary,1704,Jaylon Jones,photo_id,607,0
primary,1704,Jaylon Jones,birth_month,5,10
primary,1704,Jaylon Jones,birth_day,31,14
primary,1704,Jaylon Jones,birth_year_high,9,12
primary,1704,Jaylon Jones,jersey,37,33
primary,1704,Jaylon Jones,years_pro,9,4
primary,1704,Jaylon Jones,contract_type,0,2
primary,1704,Jaylon Jones,weight_raw,43,40
primary,1705,Cam Sample,pbp_id,2138,0
primary,1705,Cam Sample,photo_id,2138,0
primary,1705,Cam Sample,birth_month,12,9
primary,1705,Cam Sample,birth_day,7,20
primary,1705,Cam Sample,birth_year_high,9,12
primary,1705,Cam Sample,jersey,95,69
primary,1705,Cam Sample,years_pro,4,5
primary,1705,Cam Sample,contract_type,0,2
primary,1705,Cam Sample,weight_raw,130,122
primary,1706,Keshawn Banks,pbp_id,3823,0
primary,1706,Keshawn Banks,photo_id,3823,0
primary,1706,Keshawn Banks,birth_month,5,12
primary,1706,Keshawn Banks,birth_day,15,21
primary,1706,Keshawn Banks,birth_year_low,6,3
primary,1706,Keshawn Banks,birth_year_high,9,12
primary,1706,Keshawn Banks,jersey,94,59
primary,1706,Keshawn Banks,years_pro,5,3
primary,1706,Keshawn Banks,contract_type,0,2
primary,1706,Keshawn Banks,weight_raw,100,101
primary,1706,Keshawn Banks,height,74,75
primary,1707,Mario Goodrich,pbp_id,4359,0
primary,1707,Mario Goodrich,photo_id,4359,0
primary,1707,Mario Goodrich,birth_month,11,1
primary,1707,Mario Goodrich,birth_day,7,12
primary,1707,Mario Goodrich,birth_year_low,7,0
primary,1707,Mario Goodrich,birth_year_high,9,0
primary,1707,Mario Goodrich,jersey,31,35
primary,1707,Mario Goodrich,years_pro,3,4
primary,1707,Mario Goodrich,contract_type,0,2
primary,1707,Mario Goodrich,height,68,72
primary,1708,Derek Parish,pbp_id,4313,0
primary,1708,Derek Parish,photo_id,4313,0
primary,1708,Derek Parish,birth_day,12,4
primary,1708,Derek Parish,birth_year_low,7,3
primary,1708,Derek Parish,birth_year_high,9,12
primary,1708,Derek Parish,jersey,97,78
primary,1708,Derek Parish,contract_type,0,2
primary,1708,Derek Parish,weight_raw,140,95
primary,1708,Derek Parish,height,75,74
primary,1709,Jack Browning,pbp_id,4991,0
primary,1709,Jack Browning,photo_id,4991,0
primary,1709,Jack Browning,birth_month,2,11
primary,1709,Jack Browning,birth_day,25,14
primary,1709,Jack Browning,birth_year_low,4,1
primary,1709,Jack Browning,birth_year_high,9,0
primary,1709,Jack Browning,jersey,4,49
primary,1709,Jack Browning,years_pro,3,2
primary,1709,Jack Browning,contract_type,0,2
primary,1709,Jack Browning,weight_raw,54,40
primary,1709,Jack Browning,height,72,71
primary,1710,Scott Miller,pbp_id,908,0
primary,1710,Scott Miller,photo_id,908,0
primary,1710,Scott Miller,birth_month,8,7
primary,1710,Scott Miller,birth_day,20,31
primary,1710,Scott Miller,birth_year_low,7,1
primary,1710,Scott Miller,birth_year_high,8,12
primary,1710,Scott Miller,jersey,86,82
primary,1710,Scott Miller,contract_type,0,2
primary,1710,Scott Miller,weight_raw,65,24
primary,1710,Scott Miller,height,74,69
primary,1711,Adrian Martinez,pbp_id,4339,0
primary,1711,Adrian Martinez,photo_id,4339,0
primary,1711,Adrian Martinez,birth_month,4,1
primary,1711,Adrian Martinez,birth_day,21,7
primary,1711,Adrian Martinez,birth_year_low,7,0
primary,1711,Adrian Martinez,birth_year_high,9,0
primary,1711,Adrian Martinez,jersey,16,4
primary,1711,Adrian Martinez,contract_type,0,2
primary,1711,Adrian Martinez,weight_raw,80,75
primary,1711,Adrian Martinez,height,75,74
primary,1712,Damarion Williams,pbp_id,3161,0
primary,1712,Damarion Williams,photo_id,3161,0
primary,1712,Damarion Williams,birth_month,12,7
primary,1712,Damarion Williams,birth_day,18,15
primary,1712,Damarion Williams,birth_year_low,6,2
primary,1712,Damarion Williams,birth_year_high,9,12
primary,1712,Damarion Williams,jersey,41,28
primary,1712,Damarion Williams,contract_type,0,2
primary,1712,Damarion Williams,weight_raw,46,30
primary,1713,J.T. Woods,pbp_id,6330,0
primary,1713,J.T. Woods,photo_id,6330,0
primary,1713,J.T. Woods,birth_month,4,6
primary,1713,J.T. Woods,birth_day,21,10
primary,1713,J.T. Woods,birth_year_high,10,0
primary,1713,J.T. Woods,jersey,27,35
primary,1713,J.T. Woods,years_pro,1,4
primary,1713,J.T. Woods,contract_type,0,2
primary,1713,J.T. Woods,weight_raw,25,43
primary,1713,J.T. Woods,height,70,74
primary,1714,Chris Williams,pbp_id,4421,0
primary,1714,Chris Williams,photo_id,4421,0
primary,1714,Chris Williams,birth_day,23,16
primary,1714,Chris Williams,birth_year_low,6,2
primary,1714,Chris Williams,birth_year_high,9,12
primary,1714,Chris Williams,jersey,96,61
primary,1714,Chris Williams,years_pro,3,6
primary,1714,Chris Williams,contract_type,0,2
primary,1714,Chris Williams,weight_raw,175,148
primary,1714,Chris Williams,height,77,74
primary,1715,D.J. Johnson,pbp_id,9093,0
primary,1715,D.J. Johnson,photo_id,6729,0
primary,1715,D.J. Johnson,birth_month,5,10
primary,1715,D.J. Johnson,birth_day,5,29
primary,1715,D.J. Johnson,birth_year_low,0,2
primary,1715,D.J. Johnson,birth_year_high,10,12
primary,1715,D.J. Johnson,jersey,48,53
primary,1715,D.J. Johnson,years_pro,1,3
primary,1715,D.J. Johnson,contract_type,0,2
primary,1715,D.J. Johnson,weight_raw,80,110
primary,1715,D.J. Johnson,height,74,76
primary,1716,Amari Burney,pbp_id,3231,0
primary,1716,Amari Burney,photo_id,3231,0
primary,1716,Amari Burney,birth_month,3,6
primary,1716,Amari Burney,birth_day,11,19
primary,1716,Amari Burney,birth_year_low,5,0
primary,1716,Amari Burney,birth_year_high,9,0
primary,1716,Amari Burney,jersey,52,49
primary,1716,Amari Burney,years_pro,4,3
primary,1716,Amari Burney,contract_type,0,2
primary,1716,Amari Burney,weight_raw,80,78
primary,1716,Amari Burney,height,72,74
primary,1717,Israel Antwine,pbp_id,3554,0
primary,1717,Israel Antwine,photo_id,3554,0
primary,1717,Israel Antwine,birth_month,8,3
primary,1717,Israel Antwine,birth_day,21,27
primary,1717,Israel Antwine,birth_year_low,6,0
primary,1717,Israel Antwine,birth_year_high,9,0
primary,1717,Israel Antwine,jersey,96,64
primary,1717,Israel Antwine,years_pro,3,4
primary,1717,Israel Antwine,contract_type,0,2
primary,1717,Israel Antwine,weight_raw,155,150
primary,1717,Israel Antwine,height,77,75
primary,1718,D.J. Humphries,pbp_id,6470,0
primary,1718,D.J. Humphries,photo_id,6470,0
primary,1718,D.J. Humphries,birth_month,3,12
primary,1718,D.J. Humphries,birth_day,26,28
primary,1718,D.J. Humphries,birth_year_low,2,5
primary,1718,D.J. Humphries,birth_year_high,10,11
primary,1718,D.J. Humphries,jersey,66,79
primary,1718,D.J. Humphries,years_pro,1,11
primary,1718,D.J. Humphries,contract_type,0,2
primary,1718,D.J. Humphries,weight_raw,170,157
primary,1718,D.J. Humphries,height,76,77
primary,1719,Jeremiah Martin,pbp_id,1992,0
primary,1719,Jeremiah Martin,photo_id,1992,0
primary,1719,Jeremiah Martin,birth_month,7,6
primary,1719,Jeremiah Martin,birth_day,11,10
primary,1719,Jeremiah Martin,birth_year_low,2,0
primary,1719,Jeremiah Martin,birth_year_high,9,0
primary,1719,Jeremiah Martin,jersey,55,69
primary,1719,Jeremiah Martin,years_pro,6,3
primary,1719,Jeremiah Martin,contract_type,0,2
primary,1719,Jeremiah Martin,weight_raw,94,117
primary,1719,Jeremiah Martin,height,74,76
primary,1720,Austin Deculus,pbp_id,3164,0
primary,1720,Austin Deculus,photo_id,3164,0
primary,1720,Austin Deculus,birth_month,5,3
primary,1720,Austin Deculus,birth_day,11,12
primary,1720,Austin Deculus,birth_year_low,6,3
primary,1720,Austin Deculus,birth_year_high,9,12
primary,1720,Austin Deculus,jersey,78,76
primary,1720,Austin Deculus,contract_type,0,2
primary,1720,Austin Deculus,weight_raw,150,180
primary,1720,Austin Deculus,height,75,77
primary,1721,Garrett Nelson,pbp_id,4330,0
primary,1721,Garrett Nelson,photo_id,4330,0
primary,1721,Garrett Nelson,birth_month,11,3
primary,1721,Garrett Nelson,birth_day,21,1
primary,1721,Garrett Nelson,birth_year_low,6,0
primary,1721,Garrett Nelson,birth_year_high,9,0
primary,1721,Garrett Nelson,jersey,53,59
primary,1721,Garrett Nelson,contract_type,0,2
primary,1721,Garrett Nelson,weight_raw,80,95
primary,1721,Garrett Nelson,height,73,76
primary,1722,Shane Zylstra,pbp_id,4343,0
primary,1722,Shane Zylstra,photo_id,4343,0
primary,1722,Shane Zylstra,birth_month,1,11
primary,1722,Shane Zylstra,birth_day,10,16
primary,1722,Shane Zylstra,birth_year_high,10,12
primary,1722,Shane Zylstra,jersey,83,80
primary,1722,Shane Zylstra,years_pro,3,5
primary,1722,Shane Zylstra,contract_type,0,2
primary,1722,Shane Zylstra,weight_raw,116,94
primary,1722,Shane Zylstra,height,75,76
primary,1723,Chris Glaser,pbp_id,5447,0
primary,1723,Chris Glaser,photo_id,5447,0
primary,1723,Chris Glaser,birth_month,5,10
primary,1723,Chris Glaser,birth_day,28,1
primary,1723,Chris Glaser,birth_year_low,0,3
primary,1723,Chris Glaser,birth_year_high,10,12
primary,1723,Chris Glaser,jersey,79,68
primary,1723,Chris Glaser,years_pro,2,4
primary,1723,Chris Glaser,contract_type,0,2
primary,1723,Chris Glaser,weight_raw,151,150
primary,1723,Chris Glaser,height,75,76
primary,1724,Josh Ross,pbp_id,3178,0
primary,1724,Josh Ross,photo_id,3178,0
primary,1724,Josh Ross,birth_month,2,10
primary,1724,Josh Ross,birth_day,22,31
primary,1724,Josh Ross,birth_year_low,5,3
primary,1724,Josh Ross,birth_year_high,9,12
primary,1724,Josh Ross,years_pro,5,4
primary,1724,Josh Ross,contract_type,0,2
primary,1724,Josh Ross,weight_raw,100,74
primary,1724,Josh Ross,height,74,72
primary,1725,Josh Butler,pbp_id,5227,0
primary,1725,Josh Butler,photo_id,5227,0
primary,1725,Josh Butler,birth_month,1,11
primary,1725,Josh Butler,birth_day,6,25
primary,1725,Josh Butler,birth_year_low,1,0
primary,1725,Josh Butler,birth_year_high,10,12
primary,1725,Josh Butler,jersey,22,31
primary,1725,Josh Butler,years_pro,2,3
primary,1725,Josh Butler,contract_type,0,2
primary,1725,Josh Butler,weight_raw,35,32
primary,1725,Josh Butler,height,70,72
primary,1726,Maurice Alexander,pbp_id,57,0
primary,1726,Maurice Alexander,photo_id,57,0
primary,1726,Maurice Alexander,birth_month,2,1
primary,1726,Maurice Alexander,birth_day,17,10
primary,1726,Maurice Alexander,birth_year_high,9,12
primary,1726,Maurice Alexander,jersey,81,13
primary,1726,Maurice Alexander,years_pro,10,6
primary,1726,Maurice Alexander,contract_type,0,2
primary,1726,Maurice Alexander,weight_raw,65,30
primary,1726,Maurice Alexander,height,74,70
primary,1727,Jerome Carvin,pbp_id,1621,0
primary,1727,Jerome Carvin,photo_id,1621,0
primary,1727,Jerome Carvin,birth_month,7,9
primary,1727,Jerome Carvin,birth_day,19,20
primary,1727,Jerome Carvin,birth_year_low,4,0
primary,1727,Jerome Carvin,birth_year_high,9,0
primary,1727,Jerome Carvin,jersey,77,79
primary,1727,Jerome Carvin,years_pro,7,3
primary,1727,Jerome Carvin,contract_type,0,2
primary,1727,Jerome Carvin,weight_raw,160,171
primary,1727,Jerome Carvin,height,75,77
primary,1728,Tre Hawkins,pbp_id,3562,0
primary,1728,Tre Hawkins,photo_id,3562,0
primary,1728,Tre Hawkins,birth_month,10,8
primary,1728,Tre Hawkins,birth_day,13,1
primary,1728,Tre Hawkins,birth_year_low,6,0
primary,1728,Tre Hawkins,birth_year_high,9,0
primary,1728,Tre Hawkins,jersey,20,45
primary,1728,Tre Hawkins,contract_type,0,2
primary,1728,Tre Hawkins,weight_raw,40,45
primary,1728,Tre Hawkins,height,70,75
primary,1729,Durell Nchami,pbp_id,4768,0
primary,1729,Durell Nchami,photo_id,4768,0
primary,1729,Durell Nchami,birth_month,5,2
primary,1729,Durell Nchami,birth_year_low,7,0
primary,1729,Durell Nchami,birth_year_high,9,0
primary,1729,Durell Nchami,jersey,93,74
primary,1729,Durell Nchami,contract_type,0,2
primary,1729,Durell Nchami,weight_raw,121,110
primary,1729,Durell Nchami,height,77,76
primary,1730,Eric Scott,pbp_id,5077,0
primary,1730,Eric Scott,photo_id,5077,0
primary,1730,Eric Scott,birth_month,10,8
primary,1730,Eric Scott,birth_day,8,7
primary,1730,Eric Scott,birth_year_low,2,3
primary,1730,Eric Scott,birth_year_high,10,12
primary,1730,Eric Scott,jersey,41,5
primary,1730,Eric Scott,years_pro,1,3
primary,1730,Eric Scott,contract_type,0,2
primary,1730,Eric Scott,weight_raw,25,52
primary,1730,Eric Scott,height,69,74
primary,1731,Isaiah Bolden,pbp_id,1343,0
primary,1731,Isaiah Bolden,photo_id,1343,0
primary,1731,Isaiah Bolden,birth_month,3,12
primary,1731,Isaiah Bolden,birth_day,30,16
primary,1731,Isaiah Bolden,birth_year_low,4,3
primary,1731,Isaiah Bolden,birth_year_high,9,12
primary,1731,Isaiah Bolden,jersey,30,49
primary,1731,Isaiah Bolden,years_pro,7,3
primary,1731,Isaiah Bolden,contract_type,0,2
primary,1731,Isaiah Bolden,weight_raw,48,55
primary,1731,Isaiah Bolden,height,69,74
primary,1732,Kellen Diesch,pbp_id,3859,0
primary,1732,Kellen Diesch,photo_id,3859,0
primary,1732,Kellen Diesch,birth_month,4,8
primary,1732,Kellen Diesch,birth_day,16,23
primary,1732,Kellen Diesch,birth_year_low,7,1
primary,1732,Kellen Diesch,birth_year_high,9,12
primary,1732,Kellen Diesch,jersey,72,65
primary,1732,Kellen Diesch,contract_type,0,2
primary,1732,Kellen Diesch,weight_raw,185,150
primary,1732,Kellen Diesch,height,77,79
primary,1733,Travis Bell,pbp_id,5074,0
primary,1733,Travis Bell,photo_id,5074,0
primary,1733,Travis Bell,birth_month,5,10
primary,1733,Travis Bell,birth_day,5,27
primary,1733,Travis Bell,birth_year_low,0,2
primary,1733,Travis Bell,birth_year_high,10,12
primary,1733,Travis Bell,jersey,97,66
primary,1733,Travis Bell,years_pro,2,3
primary,1733,Travis Bell,contract_type,0,2
primary,1733,Travis Bell,weight_raw,151,155
primary,1733,Travis Bell,height,75,73
primary,1734,Alex Austin,pbp_id,5141,0
primary,1734,Alex Austin,photo_id,5141,0
primary,1734,Alex Austin,birth_month,4,5
primary,1734,Alex Austin,birth_day,21,22
primary,1734,Alex Austin,birth_year_low,0,1
primary,1734,Alex Austin,birth_year_high,10,0
primary,1734,Alex Austin,jersey,31,26
primary,1734,Alex Austin,years_pro,2,3
primary,1734,Alex Austin,contract_type,0,2
primary,1734,Alex Austin,weight_raw,44,41
primary,1734,Alex Austin,height,70,73
primary,1735,Drew Sanders,pbp_id,5196,0
primary,1735,Drew Sanders,photo_id,5196,0
primary,1735,Drew Sanders,birth_month,5,12
primary,1735,Drew Sanders,birth_day,28,31
primary,1735,Drew Sanders,birth_year_low,1,0
primary,1735,Drew Sanders,birth_year_high,10,0
primary,1735,Drew Sanders,jersey,53,41
primary,1735,Drew Sanders,contract_type,0,2
primary,1735,Drew Sanders,weight_raw,100,83
primary,1735,Drew Sanders,height,72,77
primary,1736,Sebastian Gutierrez,pbp_id,5295,0
primary,1736,Sebastian Gutierrez,photo_id,5295,0
primary,1736,Sebastian Gutierrez,birth_month,5,7
primary,1736,Sebastian Gutierrez,birth_day,2,6
primary,1736,Sebastian Gutierrez,birth_year_low,0,2
primary,1736,Sebastian Gutierrez,birth_year_high,10,12
primary,1736,Sebastian Gutierrez,jersey,74,61
primary,1736,Sebastian Gutierrez,years_pro,2,4
primary,1736,Sebastian Gutierrez,contract_type,0,2
primary,1736,Sebastian Gutierrez,weight_raw,171,145
primary,1737,Tarik Black,pbp_id,5419,0
primary,1737,Tarik Black,photo_id,5419,0
primary,1737,Tarik Black,birth_month,3,2
primary,1737,Tarik Black,birth_day,2,10
primary,1737,Tarik Black,birth_year_low,1,2
primary,1737,Tarik Black,birth_year_high,10,12
primary,1737,Tarik Black,jersey,4,12
primary,1737,Tarik Black,years_pro,2,5
primary,1737,Tarik Black,contract_type,0,2
primary,1737,Tarik Black,weight_raw,86,67
primary,1737,Tarik Black,position,2,3
primary,1738,Antwaun Powell-Ryland,pbp_id,391,0
primary,1738,Antwaun Powell-Ryland,photo_id,391,0
primary,1738,Antwaun Powell-Ryland,birth_month,12,2
primary,1738,Antwaun Powell-Ryland,birth_day,17,23
primary,1738,Antwaun Powell-Ryland,birth_year_low,1,2
primary,1738,Antwaun Powell-Ryland,birth_year_high,9,0
primary,1738,Antwaun Powell-Ryland,jersey,95,56
primary,1738,Antwaun Powell-Ryland,years_pro,8,1
primary,1738,Antwaun Powell-Ryland,contract_type,0,2
primary,1738,Antwaun Powell-Ryland,weight_raw,120,102
primary,1738,Antwaun Powell-Ryland,height,74,75
primary,1739,Steven Gilmore,pbp_id,2573,0
primary,1739,Steven Gilmore,photo_id,2573,0
primary,1739,Steven Gilmore,birth_month,10,9
primary,1739,Steven Gilmore,birth_day,8,17
primary,1739,Steven Gilmore,birth_year_low,5,3
primary,1739,Steven Gilmore,birth_year_high,9,12
primary,1739,Steven Gilmore,jersey,23,13
primary,1739,Steven Gilmore,years_pro,6,3
primary,1739,Steven Gilmore,contract_type,0,2
primary,1739,Steven Gilmore,weight_raw,49,20
primary,1739,Steven Gilmore,height,71,72
primary,1740,Zachary Thomas,pbp_id,5201,0
primary,1740,Zachary Thomas,photo_id,5201,0
primary,1740,Zachary Thomas,birth_month,8,5
primary,1740,Zachary Thomas,birth_day,3,26
primary,1740,Zachary Thomas,birth_year_low,0,2
primary,1740,Zachary Thomas,birth_year_high,10,12
primary,1740,Zachary Thomas,jersey,79,72
primary,1740,Zachary Thomas,years_pro,2,4
primary,1740,Zachary Thomas,contract_type,0,2
primary,1740,Zachary Thomas,weight_raw,187,150
primary,1740,Zachary Thomas,height,78,77
primary,1741,Andrew Stueber,pbp_id,5476,0
primary,1741,Andrew Stueber,photo_id,5476,0
primary,1741,Andrew Stueber,birth_month,9,7
primary,1741,Andrew Stueber,birth_day,13,1
primary,1741,Andrew Stueber,birth_year_low,7,3
primary,1741,Andrew Stueber,birth_year_high,9,12
primary,1741,Andrew Stueber,jersey,70,74
primary,1741,Andrew Stueber,years_pro,2,4
primary,1741,Andrew Stueber,contract_type,0,2
primary,1741,Andrew Stueber,weight_raw,153,188
primary,1741,Andrew Stueber,height,77,79
primary,1742,Tanner Brown,pbp_id,6135,0
primary,1742,Tanner Brown,photo_id,6135,0
primary,1742,Tanner Brown,birth_month,6,12
primary,1742,Tanner Brown,birth_day,13,28
primary,1742,Tanner Brown,birth_year_low,0,3
primary,1742,Tanner Brown,birth_year_high,10,12
primary,1742,Tanner Brown,jersey,4,46
primary,1742,Tanner Brown,years_pro,1,3
primary,1742,Tanner Brown,contract_type,0,2
primary,1742,Tanner Brown,weight_raw,50,30
primary,1742,Tanner Brown,height,73,72
primary,1743,Marte Mapu,pbp_id,1649,0
primary,1743,Marte Mapu,photo_id,1649,0
primary,1743,Marte Mapu,birth_month,10,11
primary,1743,Marte Mapu,birth_day,31,8
primary,1743,Marte Mapu,birth_year_low,2,3
primary,1743,Marte Mapu,birth_year_high,9,12
primary,1743,Marte Mapu,jersey,50,14
primary,1743,Marte Mapu,years_pro,9,3
primary,1743,Marte Mapu,contract_type,0,2
primary,1743,Marte Mapu,weight_raw,76,66
primary,1743,Marte Mapu,height,71,75
primary,1744,Devonnsha Maxwell,pbp_id,3058,0
primary,1744,Devonnsha Maxwell,photo_id,3058,0
primary,1744,Devonnsha Maxwell,birth_month,9,5
primary,1744,Devonnsha Maxwell,birth_day,16,5
primary,1744,Devonnsha Maxwell,birth_year_low,6,3
primary,1744,Devonnsha Maxwell,birth_year_high,9,12
primary,1744,Devonnsha Maxwell,jersey,92,73
primary,1744,Devonnsha Maxwell,years_pro,4,3
primary,1744,Devonnsha Maxwell,contract_type,0,2
primary,1744,Devonnsha Maxwell,weight_raw,165,146
primary,1744,Devonnsha Maxwell,height,75,74
primary,1745,Lucas Scott,pbp_id,3616,0
primary,1745,Lucas Scott,photo_id,3616,0
primary,1745,Lucas Scott,birth_month,12,8
primary,1745,Lucas Scott,birth_day,15,25
primary,1745,Lucas Scott,birth_year_low,6,3
primary,1745,Lucas Scott,birth_year_high,9,0
primary,1745,Lucas Scott,jersey,39,47
primary,1745,Lucas Scott,years_pro,2,1
primary,1745,Lucas Scott,contract_type,0,2
primary,1745,Lucas Scott,weight_raw,92,155
primary,1745,Lucas Scott,height,73,75
primary,1746,Kenny Dyson,pbp_id,3633,0
primary,1746,Kenny Dyson,photo_id,3633,0
primary,1746,Kenny Dyson,birth_month,5,6
primary,1746,Kenny Dyson,birth_day,9,27
primary,1746,Kenny Dyson,birth_year_low,7,1
primary,1746,Kenny Dyson,birth_year_high,9,0
primary,1746,Kenny Dyson,jersey,52,54
primary,1746,Kenny Dyson,years_pro,3,2
primary,1746,Kenny Dyson,contract_type,0,2
primary,1746,Kenny Dyson,weight_raw,98,85
primary,1746,Kenny Dyson,height,74,75
primary,1747,Seth Coleman,pbp_id,3902,0
primary,1747,Seth Coleman,photo_id,3902,0
primary,1747,Seth Coleman,birth_month,6,12
primary,1747,Seth Coleman,birth_day,16,7
primary,1747,Seth Coleman,birth_year_low,7,0
primary,1747,Seth Coleman,birth_year_high,9,0
primary,1747,Seth Coleman,jersey,95,90
primary,1747,Seth Coleman,years_pro,3,1
primary,1747,Seth Coleman,contract_type,0,2
primary,1747,Seth Coleman,weight_raw,110,100
primary,1747,Seth Coleman,height,74,77
primary,1748,Cornell Powell,pbp_id,4377,0
primary,1748,Cornell Powell,photo_id,4377,0
primary,1748,Cornell Powell,birth_month,11,10
primary,1748,Cornell Powell,birth_day,5,30
primary,1748,Cornell Powell,birth_year_low,5,1
primary,1748,Cornell Powell,birth_year_high,9,12
primary,1748,Cornell Powell,jersey,10,85
primary,1748,Cornell Powell,years_pro,3,5
primary,1748,Cornell Powell,contract_type,0,2
primary,1748,Cornell Powell,weight_raw,66,60
primary,1748,Cornell Powell,height,74,72
primary,1748,Cornell Powell,position,2,3
primary,1749,Brodric Martin,pbp_id,876,0
primary,1749,Brodric Martin,photo_id,876,0
primary,1749,Brodric Martin,birth_month,9,5
primary,1749,Brodric Martin,birth_day,14,24
primary,1749,Brodric Martin,birth_year_low,1,3
primary,1749,Brodric Martin,birth_year_high,9,12
primary,1749,Brodric Martin,jersey,90,98
primary,1749,Brodric Martin,years_pro,8,3
primary,1749,Brodric Martin,contract_type,0,2
primary,1749,Brodric Martin,weight_raw,210,180
primary,1749,Brodric Martin,height,75,77
primary,1750,Tre' McKitty,pbp_id,1669,0
primary,1750,Tre' McKitty,photo_id,1669,0
primary,1750,Tre' McKitty,birth_month,2,1
primary,1750,Tre' McKitty,birth_day,27,12
primary,1750,Tre' McKitty,birth_year_low,7,3
primary,1750,Tre' McKitty,birth_year_high,9,12
primary,1750,Tre' McKitty,jersey,86,46
primary,1750,Tre' McKitty,years_pro,8,5
primary,1750,Tre' McKitty,contract_type,0,2
primary,1750,Tre' McKitty,weight_raw,112,95
primary,1751,Ron Stone,pbp_id,3040,0
primary,1751,Ron Stone,photo_id,3040,0
primary,1751,Ron Stone,birth_month,10,5
primary,1751,Ron Stone,birth_day,17,26
primary,1751,Ron Stone,birth_year_low,1,0
primary,1751,Ron Stone,birth_year_high,10,0
primary,1751,Ron Stone,jersey,55,53
primary,1751,Ron Stone,years_pro,4,2
primary,1751,Ron Stone,contract_type,0,2
primary,1751,Ron Stone,weight_raw,100,96
primary,1751,Ron Stone,height,73,75
primary,1752,Jake Moody,pbp_id,3082,0
primary,1752,Jake Moody,photo_id,3082,0
primary,1752,Jake Moody,birth_month,7,11
primary,1752,Jake Moody,birth_day,10,23
primary,1752,Jake Moody,birth_year_low,6,3
primary,1752,Jake Moody,birth_year_high,9,12
primary,1752,Jake Moody,jersey,7,16
primary,1752,Jake Moody,years_pro,5,3
primary,1752,Jake Moody,contract_type,0,2
primary,1752,Jake Moody,weight_raw,39,60
primary,1752,Jake Moody,height,70,73
primary,1753,J.R. Singleton,pbp_id,3195,0
primary,1753,J.R. Singleton,photo_id,3195,0
primary,1753,J.R. Singleton,birth_month,1,2
primary,1753,J.R. Singleton,birth_day,23,13
primary,1753,J.R. Singleton,birth_year_low,0,2
primary,1753,J.R. Singleton,birth_year_high,10,0
primary,1753,J.R. Singleton,jersey,93,70
primary,1753,J.R. Singleton,years_pro,4,1
primary,1753,J.R. Singleton,contract_type,0,2
primary,1753,J.R. Singleton,weight_raw,140,155
primary,1753,J.R. Singleton,height,77,73
primary,1754,Jimmy Morrissey,pbp_id,3504,0
primary,1754,Jimmy Morrissey,photo_id,3504,0
primary,1754,Jimmy Morrissey,birth_month,9,6
primary,1754,Jimmy Morrissey,birth_day,5,9
primary,1754,Jimmy Morrissey,birth_year_low,7,2
primary,1754,Jimmy Morrissey,birth_year_high,9,12
primary,1754,Jimmy Morrissey,jersey,35,65
primary,1754,Jimmy Morrissey,years_pro,1,5
primary,1754,Jimmy Morrissey,contract_type,0,2
primary,1754,Jimmy Morrissey,weight_raw,90,155
primary,1754,Jimmy Morrissey,height,72,76
primary,1754,Jimmy Morrissey,position,8,12
primary,1755,Ben Sauls,pbp_id,3538,0
primary,1755,Ben Sauls,photo_id,3538,0
primary,1755,Ben Sauls,birth_month,6,7
primary,1755,Ben Sauls,birth_day,18,31
primary,1755,Ben Sauls,birth_year_low,7,1
primary,1755,Ben Sauls,birth_year_high,9,0
primary,1755,Ben Sauls,jersey,3,30
primary,1755,Ben Sauls,years_pro,4,1
primary,1755,Ben Sauls,contract_type,0,2
primary,1755,Ben Sauls,weight_raw,68,35
primary,1755,Ben Sauls,height,74,70
primary,1756,Nicholas Petit-Frere,pbp_id,3581,0
primary,1756,Nicholas Petit-Frere,photo_id,3581,0
primary,1756,Nicholas Petit-Frere,birth_month,10,9
primary,1756,Nicholas Petit-Frere,birth_day,13,15
primary,1756,Nicholas Petit-Frere,birth_year_low,1,3
primary,1756,Nicholas Petit-Frere,birth_year_high,10,12
primary,1756,Nicholas Petit-Frere,jersey,73,77
primary,1756,Nicholas Petit-Frere,years_pro,3,4
primary,1756,Nicholas Petit-Frere,contract_type,0,2
primary,1757,Joshuah Bledsoe,pbp_id,3612,0
primary,1757,Joshuah Bledsoe,photo_id,3612,0
primary,1757,Joshuah Bledsoe,birth_month,7,12
primary,1757,Joshuah Bledsoe,birth_day,19,30
primary,1757,Joshuah Bledsoe,birth_year_low,7,2
primary,1757,Joshuah Bledsoe,birth_year_high,9,12
primary,1757,Joshuah Bledsoe,jersey,10,46
primary,1757,Joshuah Bledsoe,years_pro,2,5
primary,1757,Joshuah Bledsoe,contract_type,0,2
primary,1757,Joshuah Bledsoe,weight_raw,65,48
primary,1757,Joshuah Bledsoe,height,74,71
primary,1757,Joshuah Bledsoe,position,2,5
primary,1758,Elliott Brown,pbp_id,3764,0
primary,1758,Elliott Brown,photo_id,3764,0
primary,1758,Elliott Brown,birth_month,6,2
primary,1758,Elliott Brown,birth_day,28,2
primary,1758,Elliott Brown,birth_year_low,5,2
primary,1758,Elliott Brown,birth_year_high,9,12
primary,1758,Elliott Brown,jersey,58,41
primary,1758,Elliott Brown,years_pro,5,2
primary,1758,Elliott Brown,contract_type,0,2
primary,1758,Elliott Brown,weight_raw,100,55
primary,1758,Elliott Brown,height,76,77
primary,1759,Lance McCutcheon,pbp_id,3766,0
primary,1759,Lance McCutcheon,photo_id,3766,0
primary,1759,Lance McCutcheon,birth_month,11,2
primary,1759,Lance McCutcheon,birth_day,5,28
primary,1759,Lance McCutcheon,birth_year_low,4,3
primary,1759,Lance McCutcheon,birth_year_high,9,12
primary,1759,Lance McCutcheon,jersey,41,89
primary,1759,Lance McCutcheon,contract_type,0,2
primary,1759,Lance McCutcheon,weight_raw,92,50
primary,1759,Lance McCutcheon,height,72,75
primary,1759,Lance McCutcheon,position,8,3
primary,1760,Jamil Muhammad,pbp_id,3819,0
primary,1760,Jamil Muhammad,photo_id,3819,0
primary,1760,Jamil Muhammad,birth_month,6,2
primary,1760,Jamil Muhammad,birth_day,16,1
primary,1760,Jamil Muhammad,birth_year_low,4,1
primary,1760,Jamil Muhammad,birth_year_high,9,0
primary,1760,Jamil Muhammad,jersey,76,67
primary,1760,Jamil Muhammad,years_pro,4,1
primary,1760,Jamil Muhammad,contract_type,0,2
primary,1760,Jamil Muhammad,weight_raw,125,110
primary,1760,Jamil Muhammad,height,76,73
primary,1761,Cam Riley,pbp_id,5014,0
primary,1761,Cam Riley,photo_id,5014,0
primary,1761,Cam Riley,birth_day,6,29
primary,1761,Cam Riley,birth_year_low,7,2
primary,1761,Cam Riley,birth_year_high,9,0
primary,1761,Cam Riley,jersey,53,38
primary,1761,Cam Riley,years_pro,2,1
primary,1761,Cam Riley,contract_type,0,2
primary,1761,Cam Riley,weight_raw,77,87
primary,1761,Cam Riley,height,74,77
primary,1762,Samori Toure,pbp_id,5026,0
primary,1762,Samori Toure,photo_id,5026,0
primary,1762,Samori Toure,birth_month,11,3
primary,1762,Samori Toure,birth_day,4,24
primary,1762,Samori Toure,birth_year_low,7,2
primary,1762,Samori Toure,birth_year_high,9,12
primary,1762,Samori Toure,jersey,16,46
primary,1762,Samori Toure,years_pro,3,4
primary,1762,Samori Toure,contract_type,0,2
primary,1762,Samori Toure,weight_raw,38,40
primary,1762,Samori Toure,height,74,73
primary,1762,Samori Toure,position,2,3
primary,1763,Michael Niese,pbp_id,5149,0
primary,1763,Michael Niese,photo_id,5149,0
primary,1763,Michael Niese,birth_month,4,1
primary,1763,Michael Niese,birth_day,11,13
primary,1763,Michael Niese,birth_year_low,1,2
primary,1763,Michael Niese,birth_year_high,10,12
primary,1763,Michael Niese,years_pro,2,4
primary,1763,Michael Niese,contract_type,0,2
primary,1763,Michael Niese,weight_raw,153,145
primary,1764,Tanner McCalister,pbp_id,2592,0
primary,1764,Tanner McCalister,photo_id,2592,0
primary,1764,Tanner McCalister,birth_month,6,1
primary,1764,Tanner McCalister,birth_day,3,27
primary,1764,Tanner McCalister,birth_year_low,6,0
primary,1764,Tanner McCalister,birth_year_high,9,0
primary,1764,Tanner McCalister,jersey,28,34
primary,1764,Tanner McCalister,years_pro,5,3
primary,1764,Tanner McCalister,contract_type,0,2
primary,1764,Tanner McCalister,weight_raw,53,41
primary,1764,Tanner McCalister,height,72,71
primary,1765,Qwuantrezz Knight,pbp_id,1902,0
primary,1765,Qwuantrezz Knight,photo_id,1902,0
primary,1765,Qwuantrezz Knight,birth_month,11,10
primary,1765,Qwuantrezz Knight,birth_day,29,10
primary,1765,Qwuantrezz Knight,birth_year_low,4,1
primary,1765,Qwuantrezz Knight,birth_year_high,9,12
primary,1765,Qwuantrezz Knight,jersey,36,32
primary,1765,Qwuantrezz Knight,years_pro,7,4
primary,1765,Qwuantrezz Knight,contract_type,0,2
primary,1765,Qwuantrezz Knight,weight_raw,50,49
primary,1765,Qwuantrezz Knight,height,71,72
primary,1766,Quindell Johnson,pbp_id,3056,0
primary,1766,Quindell Johnson,photo_id,3056,0
primary,1766,Quindell Johnson,birth_month,4,11
primary,1766,Quindell Johnson,birth_day,22,5
primary,1766,Quindell Johnson,birth_year_low,6,3
primary,1766,Quindell Johnson,birth_year_high,9,12
primary,1766,Quindell Johnson,jersey,34,40
primary,1766,Quindell Johnson,years_pro,4,3
primary,1766,Quindell Johnson,contract_type,0,2
primary,1766,Quindell Johnson,weight_raw,51,55
primary,1766,Quindell Johnson,height,72,73
primary,1767,Barry Wesley,pbp_id,3387,0
primary,1767,Barry Wesley,photo_id,3387,0
primary,1767,Barry Wesley,birth_month,6,7
primary,1767,Barry Wesley,birth_day,4,14
primary,1767,Barry Wesley,birth_year_low,6,3
primary,1767,Barry Wesley,birth_year_high,9,12
primary,1767,Barry Wesley,jersey,78,69
primary,1767,Barry Wesley,contract_type,0,2
primary,1767,Barry Wesley,weight_raw,190,160
primary,1767,Barry Wesley,height,80,79
primary,1768,Otis Reese,pbp_id,3406,0
primary,1768,Otis Reese,photo_id,3406,0
primary,1768,Otis Reese,birth_month,2,7
primary,1768,Otis Reese,birth_day,19,2
primary,1768,Otis Reese,birth_year_low,6,2
primary,1768,Otis Reese,birth_year_high,9,12
primary,1768,Otis Reese,jersey,52,50
primary,1768,Otis Reese,years_pro,5,3
primary,1768,Otis Reese,contract_type,0,2
primary,1768,Otis Reese,weight_raw,90,75
primary,1768,Otis Reese,height,72,75
primary,1769,Kendric Pryor,pbp_id,3565,0
primary,1769,Kendric Pryor,photo_id,3565,0
primary,1769,Kendric Pryor,birth_day,27,6
primary,1769,Kendric Pryor,birth_year_low,7,2
primary,1769,Kendric Pryor,birth_year_high,9,12
primary,1769,Kendric Pryor,jersey,6,19
primary,1769,Kendric Pryor,years_pro,3,4
primary,1769,Kendric Pryor,contract_type,0,2
primary,1769,Kendric Pryor,weight_raw,64,39
primary,1769,Kendric Pryor,height,74,71
primary,1769,Kendric Pryor,position,1,3
primary,1770,Ekow Boye-Doe,pbp_id,3811,0
primary,1770,Ekow Boye-Doe,photo_id,3811,0
primary,1770,Ekow Boye-Doe,birth_month,5,11
primary,1770,Ekow Boye-Doe,birth_day,10,4
primary,1770,Ekow Boye-Doe,birth_year_low,5,3
primary,1770,Ekow Boye-Doe,birth_year_high,9,12
primary,1770,Ekow Boye-Doe,jersey,21,43
primary,1770,Ekow Boye-Doe,years_pro,4,3
primary,1770,Ekow Boye-Doe,contract_type,0,2
primary,1770,Ekow Boye-Doe,weight_raw,25,21
primary,1770,Ekow Boye-Doe,height,71,72
primary,1771,Dennis Houston,pbp_id,3863,0
primary,1771,Dennis Houston,photo_id,3863,0
primary,1771,Dennis Houston,birth_month,2,4
primary,1771,Dennis Houston,birth_day,17,24
primary,1771,Dennis Houston,birth_year_low,6,3
primary,1771,Dennis Houston,birth_year_high,9,12
primary,1771,Dennis Houston,jersey,47,89
primary,1771,Dennis Houston,years_pro,5,4
primary,1771,Dennis Houston,contract_type,0,2
primary,1771,Dennis Houston,weight_raw,87,55
primary,1771,Dennis Houston,height,72,73
primary,1771,Dennis Houston,position,10,3
primary,1772,Alex Cook,pbp_id,3360,0
primary,1772,Alex Cook,photo_id,3360,0
primary,1772,Alex Cook,birth_month,7,5
primary,1772,Alex Cook,birth_day,15,21
primary,1772,Alex Cook,birth_year_low,4,3
primary,1772,Alex Cook,birth_year_high,9,12
primary,1772,Alex Cook,jersey,41,39
primary,1772,Alex Cook,years_pro,6,3
primary,1772,Alex Cook,contract_type,0,2
primary,1772,Alex Cook,weight_raw,61,46
primary,1772,Alex Cook,height,70,73
primary,1773,Danny Gray,pbp_id,5239,0
primary,1773,Danny Gray,photo_id,5239,0
primary,1773,Danny Gray,birth_year_low,0,3
primary,1773,Danny Gray,birth_year_high,10,12
primary,1773,Danny Gray,jersey,2,82
primary,1773,Danny Gray,years_pro,1,4
primary,1773,Danny Gray,contract_type,0,2
primary,1773,Danny Gray,weight_raw,65,49
primary,1773,Danny Gray,height,75,72
primary,1773,Danny Gray,position,1,3
primary,1774,Erik Ezukanma,pbp_id,5479,0
primary,1774,Erik Ezukanma,photo_id,5479,0
primary,1774,Erik Ezukanma,birth_month,4,1
primary,1774,Erik Ezukanma,birth_day,9,25
primary,1774,Erik Ezukanma,birth_year_high,10,0
primary,1774,Erik Ezukanma,jersey,2,49
primary,1774,Erik Ezukanma,years_pro,1,4
primary,1774,Erik Ezukanma,contract_type,0,2
primary,1774,Erik Ezukanma,weight_raw,78,70
primary,1774,Erik Ezukanma,height,75,74
primary,1774,Erik Ezukanma,position,2,3
primary,1775,Liam Fornadel,pbp_id,1536,0
primary,1775,Liam Fornadel,photo_id,1536,0
primary,1775,Liam Fornadel,birth_month,5,6
primary,1775,Liam Fornadel,birth_year_low,4,3
primary,1775,Liam Fornadel,birth_year_high,9,12
primary,1775,Liam Fornadel,jersey,9,50
primary,1775,Liam Fornadel,years_pro,8,4
primary,1775,Liam Fornadel,contract_type,0,2
primary,1775,Liam Fornadel,weight_raw,55,160
primary,1775,Liam Fornadel,height,75,76
primary,1775,Liam Fornadel,position,1,12
primary,1776,Zack Kuntz,pbp_id,2647,0
primary,1776,Zack Kuntz,photo_id,2647,0
primary,1776,Zack Kuntz,birth_month,10,6
primary,1776,Zack Kuntz,birth_day,2,9
primary,1776,Zack Kuntz,birth_year_low,5,3
primary,1776,Zack Kuntz,birth_year_high,9,12
primary,1776,Zack Kuntz,jersey,44,47
primary,1776,Zack Kuntz,years_pro,5,3
primary,1776,Zack Kuntz,contract_type,0,2
primary,1776,Zack Kuntz,weight_raw,105,101
primary,1776,Zack Kuntz,height,71,80
primary,1776,Zack Kuntz,position,8,9
primary,1777,Jason Brownlee,pbp_id,2790,0
primary,1777,Jason Brownlee,photo_id,2790,0
primary,1777,Jason Brownlee,birth_month,10,1
primary,1777,Jason Brownlee,birth_day,6,30
primary,1777,Jason Brownlee,birth_year_low,5,3
primary,1777,Jason Brownlee,birth_year_high,9,12
primary,1777,Jason Brownlee,jersey,16,89
primary,1777,Jason Brownlee,years_pro,4,3
primary,1777,Jason Brownlee,contract_type,0,2
primary,1777,Jason Brownlee,weight_raw,62,52
primary,1778,Owen Wright,pbp_id,3396,0
primary,1778,Owen Wright,photo_id,3396,0
primary,1778,Owen Wright,birth_month,9,2
primary,1778,Owen Wright,birth_day,13,28
primary,1778,Owen Wright,birth_year_low,4,3
primary,1778,Owen Wright,birth_year_high,9,12
primary,1778,Owen Wright,jersey,57,42
primary,1778,Owen Wright,years_pro,4,3
primary,1778,Owen Wright,contract_type,0,2
primary,1778,Owen Wright,weight_raw,98,75
primary,1778,Owen Wright,height,73,69
primary,1778,Owen Wright,position,10,7
primary,1779,Jake Haener,pbp_id,2710,0
primary,1779,Jake Haener,photo_id,2710,0
primary,1779,Jake Haener,birth_month,7,3
primary,1779,Jake Haener,birth_day,25,10
primary,1779,Jake Haener,birth_year_low,6,3
primary,1779,Jake Haener,birth_year_high,9,12
primary,1779,Jake Haener,jersey,17,18
primary,1779,Jake Haener,years_pro,5,3
primary,1779,Jake Haener,contract_length,4,0
primary,1779,Jake Haener,weight_raw,75,50
primary,1779,Jake Haener,height,74,73
primary,1781,Trey Dean,pbp_id,4162,0
primary,1781,Trey Dean,photo_id,4162,0
primary,1781,Trey Dean,birth_day,11,29
primary,1781,Trey Dean,birth_year_low,3,0
primary,1781,Trey Dean,birth_year_high,9,0
primary,1781,Trey Dean,jersey,6,35
primary,1781,Trey Dean,years_pro,1,3
primary,1781,Trey Dean,contract_type,0,2
primary,1781,Trey Dean,weight_raw,65,56
primary,1781,Trey Dean,height,70,74
primary,1781,Trey Dean,position,1,6
primary,1782,Deuce Vaughn,pbp_id,4796,0
primary,1782,Deuce Vaughn,photo_id,4796,0
primary,1782,Deuce Vaughn,birth_month,6,11
primary,1782,Deuce Vaughn,birth_day,19,2
primary,1782,Deuce Vaughn,birth_year_low,7,1
primary,1782,Deuce Vaughn,birth_year_high,9,0
primary,1782,Deuce Vaughn,jersey,40,31
primary,1782,Deuce Vaughn,years_pro,2,3
primary,1782,Deuce Vaughn,contract_type,0,2
primary,1782,Deuce Vaughn,weight_raw,83,26
primary,1782,Deuce Vaughn,height,75,65
primary,1782,Deuce Vaughn,position,8,7
primary,1783,Brandon Hill,pbp_id,5452,0
primary,1783,Brandon Hill,photo_id,5452,0
primary,1783,Brandon Hill,birth_day,10,6
primary,1783,Brandon Hill,birth_year_low,7,0
primary,1783,Brandon Hill,birth_year_high,9,0
primary,1783,Brandon Hill,jersey,7,30
primary,1783,Brandon Hill,years_pro,1,3
primary,1783,Brandon Hill,contract_type,0,2
primary,1783,Brandon Hill,height,74,71
primary,1783,Brandon Hill,position,2,6
primary,1784,Gabe Hall,pbp_id,5467,0
primary,1784,Gabe Hall,photo_id,5467,0
primary,1784,Gabe Hall,birth_month,7,1
primary,1784,Gabe Hall,birth_day,17,12
primary,1784,Gabe Hall,birth_year_high,10,0
primary,1784,Gabe Hall,jersey,60,96
primary,1784,Gabe Hall,contract_type,0,2
primary,1784,Gabe Hall,weight_raw,153,142
primary,1784,Gabe Hall,height,73,78
primary,1785,Elijah Cooks,pbp_id,896,0
primary,1785,Elijah Cooks,photo_id,896,0
primary,1785,Elijah Cooks,birth_month,12,10
primary,1785,Elijah Cooks,birth_day,22,13
primary,1785,Elijah Cooks,birth_year_low,1,2
primary,1785,Elijah Cooks,birth_year_high,9,12
primary,1785,Elijah Cooks,jersey,36,80
primary,1785,Elijah Cooks,years_pro,9,3
primary,1785,Elijah Cooks,contract_type,0,2
primary,1785,Elijah Cooks,weight_raw,100,60
primary,1785,Elijah Cooks,height,74,76
primary,1785,Elijah Cooks,position,8,3
primary,1786,Jason Taylor,pbp_id,1935,0
primary,1786,Jason Taylor,photo_id,1935,0
primary,1786,Jason Taylor,birth_month,8,12
primary,1786,Jason Taylor,birth_day,1,30
primary,1786,Jason Taylor,birth_year_low,4,3
primary,1786,Jason Taylor,birth_year_high,9,12
primary,1786,Jason Taylor,jersey,31,34
primary,1786,Jason Taylor,years_pro,6,3
primary,1786,Jason Taylor,contract_type,0,2
primary,1786,Jason Taylor,weight_raw,50,65
primary,1787,Braeden Daniels,pbp_id,1845,0
primary,1787,Braeden Daniels,photo_id,1845,0
primary,1787,Braeden Daniels,birth_month,11,8
primary,1787,Braeden Daniels,birth_day,17,22
primary,1787,Braeden Daniels,birth_year_low,1,0
primary,1787,Braeden Daniels,birth_year_high,9,0
primary,1787,Braeden Daniels,jersey,60,79
primary,1787,Braeden Daniels,years_pro,8,3
primary,1787,Braeden Daniels,contract_type,0,2
primary,1787,Braeden Daniels,weight_raw,175,147
primary,1787,Braeden Daniels,height,80,76
primary,1788,Mark Perry,pbp_id,1899,0
primary,1788,Mark Perry,photo_id,1899,0
primary,1788,Mark Perry,birth_month,12,5
primary,1788,Mark Perry,birth_day,20,30
primary,1788,Mark Perry,birth_year_low,4,1
primary,1788,Mark Perry,birth_year_high,9,0
primary,1788,Mark Perry,jersey,30,41
primary,1788,Mark Perry,years_pro,6,2
primary,1788,Mark Perry,contract_type,0,2
primary,1788,Mark Perry,weight_raw,60,65
primary,1789,Isaiah Winstead,pbp_id,3145,0
primary,1789,Isaiah Winstead,photo_id,3145,0
primary,1789,Isaiah Winstead,birth_month,6,8
primary,1789,Isaiah Winstead,birth_day,26,9
primary,1789,Isaiah Winstead,birth_year_low,6,3
primary,1789,Isaiah Winstead,birth_year_high,9,12
primary,1789,Isaiah Winstead,jersey,88,27
primary,1789,Isaiah Winstead,years_pro,5,3
primary,1789,Isaiah Winstead,contract_type,0,2
primary,1789,Isaiah Winstead,weight_raw,38,63
primary,1789,Isaiah Winstead,height,70,76
primary,1790,Myles Cole,pbp_id,3163,0
primary,1790,Myles Cole,photo_id,3163,0
primary,1790,Myles Cole,birth_month,12,4
primary,1790,Myles Cole,birth_day,22,29
primary,1790,Myles Cole,birth_year_low,5,0
primary,1790,Myles Cole,birth_year_high,9,0
primary,1790,Myles Cole,jersey,61,57
primary,1790,Myles Cole,years_pro,4,2
primary,1790,Myles Cole,contract_type,0,2
primary,1790,Myles Cole,weight_raw,163,130
primary,1790,Myles Cole,height,73,78
primary,1791,Peter Bowden,pbp_id,3165,0
primary,1791,Peter Bowden,photo_id,3165,0
primary,1791,Peter Bowden,birth_day,26,24
primary,1791,Peter Bowden,birth_year_low,0,1
primary,1791,Peter Bowden,birth_year_high,10,0
primary,1791,Peter Bowden,jersey,68,59
primary,1791,Peter Bowden,years_pro,4,2
primary,1791,Peter Bowden,contract_type,0,2
primary,1791,Peter Bowden,weight_raw,162,67
primary,1791,Peter Bowden,height,77,74
primary,1793,Ben Sims,pbp_id,3600,0
primary,1793,Ben Sims,photo_id,3600,0
primary,1793,Ben Sims,birth_month,11,5
primary,1793,Ben Sims,birth_day,3,16
primary,1793,Ben Sims,birth_year_low,4,0
primary,1793,Ben Sims,birth_year_high,9,0
primary,1793,Ben Sims,jersey,49,89
primary,1793,Ben Sims,contract_type,0,2
primary,1793,Ben Sims,weight_raw,105,101
primary,1794,Ricky Lee,pbp_id,3607,0
primary,1794,Ricky Lee,photo_id,3607,0
primary,1794,Ricky Lee,birth_day,10,16
primary,1794,Ricky Lee,birth_year_low,6,3
primary,1794,Ricky Lee,birth_year_high,9,12
primary,1794,Ricky Lee,jersey,74,66
primary,1794,Ricky Lee,contract_type,0,2
primary,1794,Ricky Lee,weight_raw,154,155
primary,1794,Ricky Lee,height,78,77
primary,1795,Darrian Dalcourt,pbp_id,3678,0
primary,1795,Darrian Dalcourt,photo_id,3678,0
primary,1795,Darrian Dalcourt,birth_month,7,9
primary,1795,Darrian Dalcourt,birth_day,14,17
primary,1795,Darrian Dalcourt,birth_year_low,7,0
primary,1795,Darrian Dalcourt,birth_year_high,9,0
primary,1795,Darrian Dalcourt,years_pro,3,2
primary,1795,Darrian Dalcourt,contract_type,0,2
primary,1795,Darrian Dalcourt,weight_raw,161,155
primary,1795,Darrian Dalcourt,height,76,75
primary,1796,Jaheim Bell,pbp_id,1507,0
primary,1796,Jaheim Bell,photo_id,1507,0
primary,1796,Jaheim Bell,birth_month,11,6
primary,1796,Jaheim Bell,birth_year_low,2,1
primary,1796,Jaheim Bell,birth_year_high,9,0
primary,1796,Jaheim Bell,jersey,86,82
primary,1796,Jaheim Bell,years_pro,7,2
primary,1796,Jaheim Bell,contract_type,0,2
primary,1796,Jaheim Bell,weight_raw,110,89
primary,1796,Jaheim Bell,height,77,74
primary,1797,Jordan Mims,pbp_id,3901,0
primary,1797,Jordan Mims,photo_id,3901,0
primary,1797,Jordan Mims,birth_month,7,6
primary,1797,Jordan Mims,birth_day,17,16
primary,1797,Jordan Mims,birth_year_low,5,3
primary,1797,Jordan Mims,birth_year_high,9,12
primary,1797,Jordan Mims,jersey,47,41
primary,1797,Jordan Mims,years_pro,4,3
primary,1797,Jordan Mims,contract_type,0,2
primary,1797,Jordan Mims,weight_raw,104,55
primary,1797,Jordan Mims,height,75,72
primary,1797,Jordan Mims,position,10,7
primary,1798,Anfernee Orji,pbp_id,4083,0
primary,1798,Anfernee Orji,photo_id,4083,0
primary,1798,Anfernee Orji,birth_month,1,10
primary,1798,Anfernee Orji,birth_day,7,6
primary,1798,Anfernee Orji,birth_year_low,5,0
primary,1798,Anfernee Orji,birth_year_high,9,0
primary,1798,Anfernee Orji,jersey,41,59
primary,1798,Anfernee Orji,years_pro,2,3
primary,1798,Anfernee Orji,contract_type,0,2
primary,1798,Anfernee Orji,weight_raw,93,80
primary,1798,Anfernee Orji,height,73,74
primary,1798,Anfernee Orji,position,8,11
primary,1799,Jimmy Ciarlo,pbp_id,4092,0
primary,1799,Jimmy Ciarlo,photo_id,4092,0
primary,1799,Jimmy Ciarlo,birth_day,7,28
primary,1799,Jimmy Ciarlo,birth_year_low,6,1
primary,1799,Jimmy Ciarlo,birth_year_high,9,0
primary,1799,Jimmy Ciarlo,jersey,51,35
primary,1799,Jimmy Ciarlo,years_pro,3,2
primary,1799,Jimmy Ciarlo,contract_type,0,2
primary,1799,Jimmy Ciarlo,weight_raw,90,75
primary,1799,Jimmy Ciarlo,height,72,74
primary,1800,Malik Cunningham,pbp_id,4149,0
primary,1800,Malik Cunningham,photo_id,4149,0
primary,1800,Malik Cunningham,birth_month,4,10
primary,1800,Malik Cunningham,birth_day,27,6
primary,1800,Malik Cunningham,birth_year_low,5,2
primary,1800,Malik Cunningham,birth_year_high,9,12
primary,1800,Malik Cunningham,jersey,6,15
primary,1800,Malik Cunningham,years_pro,1,3
primary,1800,Malik Cunningham,contract_type,0,2
primary,1800,Malik Cunningham,weight_raw,75,40
primary,1800,Malik Cunningham,height,77,73
primary,1800,Malik Cunningham,position,2,3
primary,1801,Dalton Wagner,pbp_id,4225,0
primary,1801,Dalton Wagner,photo_id,4225,0
primary,1801,Dalton Wagner,birth_month,11,10
primary,1801,Dalton Wagner,birth_day,23,5
primary,1801,Dalton Wagner,birth_year_low,6,2
primary,1801,Dalton Wagner,birth_year_high,9,12
primary,1801,Dalton Wagner,jersey,5,78
primary,1801,Dalton Wagner,years_pro,2,3
primary,1801,Dalton Wagner,contract_type,0,2
primary,1801,Dalton Wagner,weight_raw,44,181
primary,1801,Dalton Wagner,height,74,80
primary,1801,Dalton Wagner,position,2,14
primary,1802,Austin Reed,pbp_id,4814,0
primary,1802,Austin Reed,photo_id,4814,0
primary,1802,Austin Reed,birth_day,19,22
primary,1802,Austin Reed,birth_year_low,7,0
primary,1802,Austin Reed,birth_year_high,9,0
primary,1802,Austin Reed,years_pro,3,2
primary,1802,Austin Reed,contract_type,0,2
primary,1802,Austin Reed,weight_raw,82,70
primary,1802,Austin Reed,height,76,73
primary,1803,Beau Brade,pbp_id,4904,0
primary,1803,Beau Brade,photo_id,4904,0
primary,1803,Beau Brade,birth_month,5,1
primary,1803,Beau Brade,birth_day,3,29
primary,1803,Beau Brade,birth_year_low,7,2
primary,1803,Beau Brade,birth_year_high,9,0
primary,1803,Beau Brade,jersey,40,34
primary,1803,Beau Brade,contract_type,0,2
primary,1803,Beau Brade,weight_raw,107,50
primary,1803,Beau Brade,position,8,5
primary,1804,Curtis Jacobs,pbp_id,4983,0
primary,1804,Curtis Jacobs,photo_id,4983,0
primary,1804,Curtis Jacobs,birth_month,1,2
primary,1804,Curtis Jacobs,birth_day,16,18
primary,1804,Curtis Jacobs,birth_year_low,7,2
primary,1804,Curtis Jacobs,birth_year_high,9,0
primary,1804,Curtis Jacobs,jersey,56,57
primary,1804,Curtis Jacobs,years_pro,4,2
primary,1804,Curtis Jacobs,contract_type,0,2
primary,1804,Curtis Jacobs,weight_raw,92,85
primary,1805,DeShawn McKnight,pbp_id,5170,0
primary,1805,DeShawn McKnight,photo_id,5170,0
primary,1805,DeShawn McKnight,birth_month,2,8
primary,1805,DeShawn McKnight,birth_day,26,7
primary,1805,DeShawn McKnight,birth_year_low,1,3
primary,1805,DeShawn McKnight,birth_year_high,10,0
primary,1805,DeShawn McKnight,jersey,98,73
primary,1805,DeShawn McKnight,years_pro,2,0
primary,1805,DeShawn McKnight,contract_type,0,2
primary,1805,DeShawn McKnight,weight_raw,85,133
primary,1805,DeShawn McKnight,height,74,73
primary,1806,Audric Estime,pbp_id,5171,0
primary,1806,Audric Estime,photo_id,5171,0
primary,1806,Audric Estime,birth_month,2,9
primary,1806,Audric Estime,birth_day,12,6
primary,1806,Audric Estime,birth_year_low,0,3
primary,1806,Audric Estime,birth_year_high,10,0
primary,1806,Audric Estime,jersey,22,30
primary,1806,Audric Estime,contract_type,0,2
primary,1806,Audric Estime,weight_raw,47,77
primary,1806,Audric Estime,height,72,71
primary,1807,Dayton Wade,pbp_id,5197,0
primary,1807,Dayton Wade,photo_id,5197,0
primary,1807,Dayton Wade,birth_month,4,9
primary,1807,Dayton Wade,birth_day,14,8
primary,1807,Dayton Wade,birth_year_low,7,0
primary,1807,Dayton Wade,birth_year_high,9,0
primary,1807,Dayton Wade,jersey,81,18
primary,1807,Dayton Wade,contract_type,0,2
primary,1807,Dayton Wade,weight_raw,59,25
primary,1807,Dayton Wade,height,77,69
primary,1808,Ryan Cooper,pbp_id,5216,0
primary,1808,Ryan Cooper,photo_id,5216,0
primary,1808,Ryan Cooper,birth_day,6,31
primary,1808,Ryan Cooper,birth_year_low,7,1
primary,1808,Ryan Cooper,birth_year_high,9,0
primary,1808,Ryan Cooper,jersey,59,40
primary,1808,Ryan Cooper,years_pro,1,2
primary,1808,Ryan Cooper,contract_type,0,2
primary,1808,Ryan Cooper,weight_raw,97,37
primary,1808,Ryan Cooper,height,75,71
primary,1808,Ryan Cooper,position,10,4
primary,1809,Chris Edmonds,pbp_id,5510,0
primary,1809,Chris Edmonds,photo_id,5510,0
primary,1809,Chris Edmonds,birth_month,2,7
primary,1809,Chris Edmonds,birth_day,5,16
primary,1809,Chris Edmonds,birth_year_high,10,0
primary,1809,Chris Edmonds,jersey,26,41
primary,1809,Chris Edmonds,contract_type,0,2
primary,1809,Chris Edmonds,weight_raw,50,65
primary,1809,Chris Edmonds,height,71,74
primary,1810,Jarius Monroe,pbp_id,6144,0
primary,1810,Jarius Monroe,photo_id,6144,0
primary,1810,Jarius Monroe,birth_month,7,10
primary,1810,Jarius Monroe,birth_day,11,6
primary,1810,Jarius Monroe,birth_year_low,4,0
primary,1810,Jarius Monroe,birth_year_high,9,0
primary,1810,Jarius Monroe,jersey,14,25
primary,1810,Jarius Monroe,years_pro,1,2
primary,1810,Jarius Monroe,contract_type,0,2
primary,1810,Jarius Monroe,position,1,5
primary,1811,Daijahn Anthony,pbp_id,4340,0
primary,1811,Daijahn Anthony,photo_id,4340,0
primary,1811,Daijahn Anthony,birth_month,3,9
primary,1811,Daijahn Anthony,birth_day,11,9
primary,1811,Daijahn Anthony,birth_year_low,7,0
primary,1811,Daijahn Anthony,birth_year_high,9,0
primary,1811,Daijahn Anthony,jersey,42,33
primary,1811,Daijahn Anthony,years_pro,3,2
primary,1811,Daijahn Anthony,contract_type,0,2
primary,1811,Daijahn Anthony,weight_raw,65,55
primary,1811,Daijahn Anthony,height,75,72
primary,1812,Jamari Thrash,pbp_id,1673,0
primary,1812,Jamari Thrash,photo_id,1673,0
primary,1812,Jamari Thrash,birth_month,4,12
primary,1812,Jamari Thrash,birth_day,10,19
primary,1812,Jamari Thrash,birth_year_low,7,0
primary,1812,Jamari Thrash,birth_year_high,8,0
primary,1812,Jamari Thrash,jersey,19,80
primary,1812,Jamari Thrash,years_pro,9,2
primary,1812,Jamari Thrash,contract_type,0,2
primary,1812,Jamari Thrash,weight_raw,27,40
primary,1812,Jamari Thrash,height,70,72
primary,1813,Shemar Bartholomew,pbp_id,2574,0
primary,1813,Shemar Bartholomew,photo_id,2574,0
primary,1813,Shemar Bartholomew,birth_month,8,6
primary,1813,Shemar Bartholomew,birth_day,30,6
primary,1813,Shemar Bartholomew,birth_year_low,5,0
primary,1813,Shemar Bartholomew,birth_year_high,9,0
primary,1813,Shemar Bartholomew,jersey,22,45
primary,1813,Shemar Bartholomew,years_pro,6,2
primary,1813,Shemar Bartholomew,contract_type,0,2
primary,1813,Shemar Bartholomew,weight_raw,42,50
primary,1813,Shemar Bartholomew,height,69,73
primary,1814,Casey Rogers,pbp_id,2643,0
primary,1814,Casey Rogers,photo_id,2643,0
primary,1814,Casey Rogers,birth_month,9,12
primary,1814,Casey Rogers,birth_day,3,18
primary,1814,Casey Rogers,birth_year_low,5,2
primary,1814,Casey Rogers,birth_year_high,9,12
primary,1814,Casey Rogers,jersey,99,65
primary,1814,Casey Rogers,years_pro,4,2
primary,1814,Casey Rogers,contract_type,0,2
primary,1814,Casey Rogers,weight_raw,137,155
primary,1814,Casey Rogers,height,73,77
primary,1815,Michael Barrett,pbp_id,2689,0
primary,1815,Michael Barrett,photo_id,2689,0
primary,1815,Michael Barrett,birth_month,7,12
primary,1815,Michael Barrett,birth_day,19,21
primary,1815,Michael Barrett,birth_year_low,5,3
primary,1815,Michael Barrett,birth_year_high,9,12
primary,1815,Michael Barrett,jersey,57,54
primary,1815,Michael Barrett,years_pro,5,2
primary,1815,Michael Barrett,contract_type,0,2
primary,1815,Michael Barrett,weight_raw,95,89
primary,1815,Michael Barrett,height,73,72
primary,1816,Jha'Quan Jackson,pbp_id,2798,0
primary,1816,Jha'Quan Jackson,photo_id,2798,0
primary,1816,Jha'Quan Jackson,birth_day,21,15
primary,1816,Jha'Quan Jackson,birth_year_low,5,0
primary,1816,Jha'Quan Jackson,birth_year_high,9,0
primary,1816,Jha'Quan Jackson,jersey,11,39
primary,1816,Jha'Quan Jackson,years_pro,5,2
primary,1816,Jha'Quan Jackson,contract_type,0,2
primary,1816,Jha'Quan Jackson,weight_raw,65,35
primary,1816,Jha'Quan Jackson,height,75,69
primary,1817,Demani Richardson,pbp_id,1519,0
primary,1817,Demani Richardson,photo_id,1519,0
primary,1817,Demani Richardson,birth_month,1,10
primary,1817,Demani Richardson,birth_day,28,7
primary,1817,Demani Richardson,birth_year_low,2,0
primary,1817,Demani Richardson,birth_year_high,9,0
primary,1817,Demani Richardson,jersey,31,36
primary,1817,Demani Richardson,years_pro,8,2
primary,1817,Demani Richardson,contract_type,0,2
primary,1817,Demani Richardson,weight_raw,54,65
primary,1818,Kyle Hergel,pbp_id,3245,0
primary,1818,Kyle Hergel,photo_id,3245,0
primary,1818,Kyle Hergel,birth_month,7,10
primary,1818,Kyle Hergel,birth_day,12,7
primary,1818,Kyle Hergel,birth_year_low,7,3
primary,1818,Kyle Hergel,birth_year_high,9,12
primary,1818,Kyle Hergel,jersey,66,60
primary,1818,Kyle Hergel,years_pro,4,2
primary,1818,Kyle Hergel,contract_type,0,2
primary,1818,Kyle Hergel,weight_raw,170,165
primary,1818,Kyle Hergel,height,77,74
primary,1819,Miles Battle,pbp_id,3662,0
primary,1819,Miles Battle,photo_id,3662,0
primary,1819,Miles Battle,birth_month,10,1
primary,1819,Miles Battle,birth_day,7,4
primary,1819,Miles Battle,birth_year_low,7,0
primary,1819,Miles Battle,birth_year_high,9,0
primary,1819,Miles Battle,jersey,90,35
primary,1819,Miles Battle,years_pro,4,2
primary,1819,Miles Battle,contract_type,0,2
primary,1819,Miles Battle,weight_raw,109,55
primary,1819,Miles Battle,height,74,75
primary,1819,Miles Battle,position,16,4
primary,1820,Rashad Wisdom,pbp_id,3737,0
primary,1820,Rashad Wisdom,photo_id,3737,0
primary,1820,Rashad Wisdom,birth_month,11,6
primary,1820,Rashad Wisdom,birth_day,8,6
primary,1820,Rashad Wisdom,birth_year_low,7,1
primary,1820,Rashad Wisdom,birth_year_high,9,0
primary,1820,Rashad Wisdom,jersey,41,38
primary,1820,Rashad Wisdom,years_pro,3,2
primary,1820,Rashad Wisdom,contract_type,0,2
primary,1820,Rashad Wisdom,weight_raw,47,60
primary,1820,Rashad Wisdom,height,72,69
primary,1821,D.J. Miller,pbp_id,4329,0
primary,1821,D.J. Miller,photo_id,4329,0
primary,1821,D.J. Miller,birth_month,3,8
primary,1821,D.J. Miller,birth_day,21,11
primary,1821,D.J. Miller,birth_year_low,7,0
primary,1821,D.J. Miller,birth_year_high,9,0
primary,1821,D.J. Miller,jersey,56,46
primary,1821,D.J. Miller,contract_type,0,2
primary,1821,D.J. Miller,weight_raw,104,40
primary,1821,D.J. Miller,height,74,71
primary,1821,D.J. Miller,position,16,4
primary,1822,Tejhaun Palmer,pbp_id,4537,0
primary,1822,Tejhaun Palmer,photo_id,4537,0
primary,1822,Tejhaun Palmer,birth_month,6,5
primary,1822,Tejhaun Palmer,birth_day,12,19
primary,1822,Tejhaun Palmer,birth_year_low,7,0
primary,1822,Tejhaun Palmer,birth_year_high,9,0
primary,1822,Tejhaun Palmer,jersey,6,80
primary,1822,Tejhaun Palmer,contract_type,0,2
primary,1822,Tejhaun Palmer,position,1,3
primary,1823,Isaiah Iton,pbp_id,4772,0
primary,1823,Isaiah Iton,photo_id,4772,0
primary,1823,Isaiah Iton,birth_month,7,8
primary,1823,Isaiah Iton,birth_day,15,23
primary,1823,Isaiah Iton,birth_year_low,6,1
primary,1823,Isaiah Iton,birth_year_high,9,0
primary,1823,Isaiah Iton,jersey,72,62
primary,1823,Isaiah Iton,years_pro,3,2
primary,1823,Isaiah Iton,contract_type,0,2
primary,1823,Isaiah Iton,weight_raw,145,150
primary,1824,M.J. Devonshire,pbp_id,5021,0
primary,1824,M.J. Devonshire,photo_id,5021,0
primary,1824,M.J. Devonshire,birth_month,10,9
primary,1824,M.J. Devonshire,birth_day,6,12
primary,1824,M.J. Devonshire,birth_year_high,10,0
primary,1824,M.J. Devonshire,jersey,26,28
primary,1824,M.J. Devonshire,contract_type,0,2
primary,1824,M.J. Devonshire,height,69,71
primary,1825,Emany Johnson,pbp_id,1651,0
primary,1825,Emany Johnson,photo_id,1651,0
primary,1825,Emany Johnson,birth_month,7,11
primary,1825,Emany Johnson,birth_day,20,17
primary,1825,Emany Johnson,birth_year_low,3,0
primary,1825,Emany Johnson,birth_year_high,9,0
primary,1825,Emany Johnson,jersey,53,50
primary,1825,Emany Johnson,years_pro,7,2
primary,1825,Emany Johnson,contract_type,0,2
primary,1825,Emany Johnson,weight_raw,88,66
primary,1825,Emany Johnson,height,73,74
primary,1826,Ian Wheeler,pbp_id,5097,0
primary,1826,Ian Wheeler,photo_id,5097,0
primary,1826,Ian Wheeler,birth_month,1,9
primary,1826,Ian Wheeler,birth_year_low,0,1
primary,1826,Ian Wheeler,birth_year_high,10,0
primary,1826,Ian Wheeler,jersey,33,27
primary,1826,Ian Wheeler,years_pro,1,2
primary,1826,Ian Wheeler,contract_type,0,2
primary,1826,Ian Wheeler,weight_raw,70,55
primary,1826,Ian Wheeler,height,69,71
primary,1827,Cornelius Johnson,pbp_id,5103,0
primary,1827,Cornelius Johnson,photo_id,5103,0
primary,1827,Cornelius Johnson,birth_month,9,11
primary,1827,Cornelius Johnson,birth_day,10,29
primary,1827,Cornelius Johnson,birth_year_low,7,0
primary,1827,Cornelius Johnson,birth_year_high,9,0
primary,1827,Cornelius Johnson,jersey,1,86
primary,1827,Cornelius Johnson,years_pro,1,2
primary,1827,Cornelius Johnson,contract_type,0,2
primary,1827,Cornelius Johnson,weight_raw,46,58
primary,1827,Cornelius Johnson,height,72,75
primary,1827,Cornelius Johnson,position,2,3
primary,1828,Andrew Coker,pbp_id,5132,0
primary,1828,Andrew Coker,photo_id,5132,0
primary,1828,Andrew Coker,birth_month,4,3
primary,1828,Andrew Coker,birth_day,7,23
primary,1828,Andrew Coker,birth_year_low,0,1
primary,1828,Andrew Coker,birth_year_high,10,0
primary,1828,Andrew Coker,jersey,74,79
primary,1828,Andrew Coker,contract_type,0,2
primary,1828,Andrew Coker,weight_raw,179,165
primary,1828,Andrew Coker,height,78,79
primary,1829,Xavier Johnson,pbp_id,5307,0
primary,1829,Xavier Johnson,photo_id,5307,0
primary,1829,Xavier Johnson,birth_month,12,5
primary,1829,Xavier Johnson,birth_day,7,11
primary,1829,Xavier Johnson,birth_year_low,7,3
primary,1829,Xavier Johnson,birth_year_high,9,12
primary,1829,Xavier Johnson,jersey,83,18
primary,1829,Xavier Johnson,years_pro,3,2
primary,1829,Xavier Johnson,contract_type,0,2
primary,1829,Xavier Johnson,weight_raw,64,60
primary,1829,Xavier Johnson,height,77,73
primary,1830,Kingsley Eguakun,pbp_id,5381,0
primary,1830,Kingsley Eguakun,photo_id,5381,0
primary,1830,Kingsley Eguakun,birth_month,8,3
primary,1830,Kingsley Eguakun,birth_day,11,23
primary,1830,Kingsley Eguakun,birth_year_high,10,0
primary,1830,Kingsley Eguakun,jersey,3,67
primary,1830,Kingsley Eguakun,years_pro,1,2
primary,1830,Kingsley Eguakun,contract_type,0,2
primary,1830,Kingsley Eguakun,weight_raw,45,155
primary,1830,Kingsley Eguakun,height,69,75
primary,1830,Kingsley Eguakun,position,1,12
primary,1831,Beanie Bishop,pbp_id,6158,0
primary,1831,Beanie Bishop,photo_id,6158,0
primary,1831,Beanie Bishop,birth_month,4,12
primary,1831,Beanie Bishop,birth_day,27,17
primary,1831,Beanie Bishop,birth_year_low,7,3
primary,1831,Beanie Bishop,birth_year_high,9,12
primary,1831,Beanie Bishop,jersey,6,25
primary,1831,Beanie Bishop,contract_type,0,2
primary,1831,Beanie Bishop,weight_raw,62,34
primary,1831,Beanie Bishop,height,72,70
primary,1831,Beanie Bishop,position,1,4
primary,1832,Patrick McMorris,pbp_id,5208,0
primary,1832,Patrick McMorris,photo_id,5208,0
primary,1832,Patrick McMorris,birth_month,5,10
primary,1832,Patrick McMorris,birth_day,25,18
primary,1832,Patrick McMorris,birth_year_low,0,1
primary,1832,Patrick McMorris,birth_year_high,10,0
primary,1832,Patrick McMorris,jersey,35,24
primary,1832,Patrick McMorris,contract_type,0,2
primary,1832,Patrick McMorris,weight_raw,56,60
primary,1832,Patrick McMorris,height,74,72
primary,1833,Jaylen Mahoney,pbp_id,3998,0
primary,1833,Jaylen Mahoney,photo_id,3998,0
primary,1833,Jaylen Mahoney,birth_month,10,11
primary,1833,Jaylen Mahoney,birth_day,18,19
primary,1833,Jaylen Mahoney,birth_year_low,5,0
primary,1833,Jaylen Mahoney,birth_year_high,9,0
primary,1833,Jaylen Mahoney,jersey,35,39
primary,1833,Jaylen Mahoney,years_pro,3,2
primary,1833,Jaylen Mahoney,contract_type,0,2
primary,1833,Jaylen Mahoney,weight_raw,65,41
primary,1833,Jaylen Mahoney,height,75,71
primary,1834,Xavier Weaver,pbp_id,797,0
primary,1834,Xavier Weaver,photo_id,797,0
primary,1834,Xavier Weaver,birth_month,9,10
primary,1834,Xavier Weaver,birth_day,4,12
primary,1834,Xavier Weaver,birth_year_low,2,0
primary,1834,Xavier Weaver,birth_year_high,9,0
primary,1834,Xavier Weaver,jersey,87,89
primary,1834,Xavier Weaver,years_pro,7,2
primary,1834,Xavier Weaver,contract_type,0,2
primary,1834,Xavier Weaver,weight_raw,35,30
primary,1834,Xavier Weaver,height,72,73
primary,1835,Ja'Quinden Jackson,pbp_id,2726,0
primary,1835,Ja'Quinden Jackson,photo_id,2726,0
primary,1835,Ja'Quinden Jackson,birth_month,3,9
primary,1835,Ja'Quinden Jackson,birth_day,3,12
primary,1835,Ja'Quinden Jackson,birth_year_low,5,1
primary,1835,Ja'Quinden Jackson,birth_year_high,9,0
primary,1835,Ja'Quinden Jackson,jersey,30,45
primary,1835,Ja'Quinden Jackson,years_pro,5,1
primary,1835,Ja'Quinden Jackson,contract_type,0,2
primary,1835,Ja'Quinden Jackson,weight_raw,55,78
primary,1835,Ja'Quinden Jackson,height,71,74
primary,1836,Alex Johnson,pbp_id,1921,0
primary,1836,Alex Johnson,photo_id,1921,0
primary,1836,Alex Johnson,birth_month,6,10
primary,1836,Alex Johnson,birth_day,30,11
primary,1836,Alex Johnson,birth_year_low,5,0
primary,1836,Alex Johnson,birth_year_high,9,0
primary,1836,Alex Johnson,jersey,43,36
primary,1836,Alex Johnson,years_pro,6,2
primary,1836,Alex Johnson,contract_type,0,2
primary,1836,Alex Johnson,weight_raw,38,40
primary,1836,Alex Johnson,height,73,72
primary,1837,Tyrek Funderburk,pbp_id,1977,0
primary,1837,Tyrek Funderburk,photo_id,1977,0
primary,1837,Tyrek Funderburk,birth_month,6,11
primary,1837,Tyrek Funderburk,birth_day,11,28
primary,1837,Tyrek Funderburk,birth_year_low,4,0
primary,1837,Tyrek Funderburk,birth_year_high,9,0
primary,1837,Tyrek Funderburk,jersey,95,20
primary,1837,Tyrek Funderburk,years_pro,7,2
primary,1837,Tyrek Funderburk,contract_type,0,2
primary,1837,Tyrek Funderburk,weight_raw,122,35
primary,1837,Tyrek Funderburk,height,76,72
primary,1837,Tyrek Funderburk,position,16,4
primary,1838,Antonio Grier,pbp_id,3184,0
primary,1838,Antonio Grier,photo_id,3184,0
primary,1838,Antonio Grier,birth_month,2,1
primary,1838,Antonio Grier,birth_day,20,18
primary,1838,Antonio Grier,birth_year_low,7,0
primary,1838,Antonio Grier,birth_year_high,9,0
primary,1838,Antonio Grier,jersey,99,30
primary,1838,Antonio Grier,years_pro,4,2
primary,1838,Antonio Grier,contract_type,0,2
primary,1838,Antonio Grier,weight_raw,110,80
primary,1838,Antonio Grier,height,75,73
primary,1838,Antonio Grier,position,16,11
primary,1839,A.J. Woods,pbp_id,2572,0
primary,1839,A.J. Woods,photo_id,2572,0
primary,1839,A.J. Woods,birth_month,6,3
primary,1839,A.J. Woods,birth_day,22,28
primary,1839,A.J. Woods,birth_year_low,6,1
primary,1839,A.J. Woods,birth_year_high,9,0
primary,1839,A.J. Woods,jersey,25,20
primary,1839,A.J. Woods,years_pro,5,2
primary,1839,A.J. Woods,contract_type,0,2
primary,1839,A.J. Woods,weight_raw,60,45
primary,1839,A.J. Woods,height,73,71
primary,1840,Mason Pline,pbp_id,2685,0
primary,1840,Mason Pline,photo_id,2685,0
primary,1840,Mason Pline,birth_month,8,2
primary,1840,Mason Pline,birth_year_low,4,0
primary,1840,Mason Pline,birth_year_high,9,0
primary,1840,Mason Pline,jersey,89,46
primary,1840,Mason Pline,years_pro,5,2
primary,1840,Mason Pline,contract_type,0,2
primary,1840,Mason Pline,weight_raw,95,110
primary,1840,Mason Pline,height,76,79
primary,1841,Sincere Haynesworth,pbp_id,3044,0
primary,1841,Sincere Haynesworth,photo_id,3044,0
primary,1841,Sincere Haynesworth,birth_month,2,4
primary,1841,Sincere Haynesworth,birth_day,8,13
primary,1841,Sincere Haynesworth,birth_year_low,7,1
primary,1841,Sincere Haynesworth,birth_year_high,9,0
primary,1841,Sincere Haynesworth,jersey,43,61
primary,1841,Sincere Haynesworth,years_pro,4,2
primary,1841,Sincere Haynesworth,contract_type,0,2
primary,1841,Sincere Haynesworth,weight_raw,87,160
primary,1841,Sincere Haynesworth,height,70,73
primary,1841,Sincere Haynesworth,position,8,12
primary,1842,Devin Culp,pbp_id,413,0
primary,1842,Devin Culp,photo_id,413,0
primary,1842,Devin Culp,birth_month,7,2
primary,1842,Devin Culp,birth_day,4,2
primary,1842,Devin Culp,birth_year_low,2,0
primary,1842,Devin Culp,birth_year_high,9,0
primary,1842,Devin Culp,jersey,87,82
primary,1842,Devin Culp,years_pro,8,2
primary,1842,Devin Culp,contract_type,0,2
primary,1842,Devin Culp,weight_raw,130,87
primary,1842,Devin Culp,height,75,76
primary,1843,Cam Miller,pbp_id,3293,0
primary,1843,Cam Miller,photo_id,3293,0
primary,1843,Cam Miller,birth_month,12,6
primary,1843,Cam Miller,birth_day,29,18
primary,1843,Cam Miller,birth_year_low,5,1
primary,1843,Cam Miller,birth_year_high,9,0
primary,1843,Cam Miller,jersey,5,15
primary,1843,Cam Miller,years_pro,5,1
primary,1843,Cam Miller,contract_type,0,2
primary,1843,Cam Miller,weight_raw,75,62
primary,1843,Cam Miller,height,74,72
primary,1844,Brandon George,pbp_id,3572,0
primary,1844,Brandon George,photo_id,3572,0
primary,1844,Brandon George,birth_month,6,11
primary,1844,Brandon George,birth_day,12,19
primary,1844,Brandon George,birth_year_high,10,0
primary,1844,Brandon George,jersey,50,45
primary,1844,Brandon George,years_pro,3,1
primary,1844,Brandon George,contract_type,0,2
primary,1844,Brandon George,weight_raw,84,90
primary,1844,Brandon George,height,72,75
primary,1845,Ben Nikkel,pbp_id,3625,0
primary,1845,Ben Nikkel,photo_id,3625,0
primary,1845,Ben Nikkel,birth_month,9,5
primary,1845,Ben Nikkel,birth_day,19,12
primary,1845,Ben Nikkel,birth_year_low,6,1
primary,1845,Ben Nikkel,birth_year_high,9,0
primary,1845,Ben Nikkel,jersey,99,34
primary,1845,Ben Nikkel,years_pro,3,2
primary,1845,Ben Nikkel,contract_type,0,2
primary,1845,Ben Nikkel,weight_raw,119,60
primary,1845,Ben Nikkel,height,77,73
primary,1845,Ben Nikkel,position,16,3
primary,1846,Evan Anderson,pbp_id,3771,0
primary,1846,Evan Anderson,photo_id,3771,0
primary,1846,Evan Anderson,birth_month,9,2
primary,1846,Evan Anderson,birth_day,27,14
primary,1846,Evan Anderson,birth_year_high,9,0
primary,1846,Evan Anderson,jersey,59,90
primary,1846,Evan Anderson,years_pro,3,2
primary,1846,Evan Anderson,contract_type,0,2
primary,1846,Evan Anderson,weight_raw,78,176
primary,1846,Evan Anderson,height,73,75
primary,1846,Evan Anderson,position,10,15
primary,1847,Dwight McGlothern,pbp_id,4207,0
primary,1847,Dwight McGlothern,photo_id,4207,0
primary,1847,Dwight McGlothern,birth_month,10,2
primary,1847,Dwight McGlothern,birth_day,19,6
primary,1847,Dwight McGlothern,birth_year_low,5,2
primary,1847,Dwight McGlothern,birth_year_high,9,0
primary,1847,Dwight McGlothern,jersey,5,6
primary,1847,Dwight McGlothern,years_pro,1,2
primary,1847,Dwight McGlothern,contract_type,0,2
primary,1847,Dwight McGlothern,weight_raw,70,38
primary,1847,Dwight McGlothern,height,73,74
primary,1847,Dwight McGlothern,position,1,4
primary,1848,Taki Taimani,pbp_id,4785,0
primary,1848,Taki Taimani,photo_id,4785,0
primary,1848,Taki Taimani,birth_day,22,6
primary,1848,Taki Taimani,birth_year_low,7,3
primary,1848,Taki Taimani,birth_year_high,9,12
primary,1848,Taki Taimani,jersey,9,94
primary,1848,Taki Taimani,contract_type,0,2
primary,1848,Taki Taimani,weight_raw,40,174
primary,1848,Taki Taimani,height,72,73
primary,1848,Taki Taimani,position,2,15
primary,1849,JaQuae Jackson,pbp_id,5025,0
primary,1849,JaQuae Jackson,photo_id,5025,0
primary,1849,JaQuae Jackson,birth_month,8,1
primary,1849,JaQuae Jackson,birth_day,28,30
primary,1849,JaQuae Jackson,birth_year_high,10,0
primary,1849,JaQuae Jackson,jersey,48,82
primary,1849,JaQuae Jackson,contract_type,0,2
primary,1849,JaQuae Jackson,weight_raw,104,40
primary,1849,JaQuae Jackson,height,74,73
primary,1849,JaQuae Jackson,position,10,3
primary,1850,Kyon Barrs,pbp_id,9099,0
primary,1850,Kyon Barrs,photo_id,6703,0
primary,1850,Kyon Barrs,birth_month,5,11
primary,1850,Kyon Barrs,birth_day,5,9
primary,1850,Kyon Barrs,birth_year_low,0,1
primary,1850,Kyon Barrs,birth_year_high,10,0
primary,1850,Kyon Barrs,jersey,79,67
primary,1850,Kyon Barrs,years_pro,1,2
primary,1850,Kyon Barrs,contract_type,0,2
primary,1850,Kyon Barrs,weight_raw,145,140
primary,1850,Kyon Barrs,height,76,74
primary,1851,Quinton Newsome,pbp_id,5226,0
primary,1851,Quinton Newsome,photo_id,5226,0
primary,1851,Quinton Newsome,birth_month,8,7
primary,1851,Quinton Newsome,birth_day,1,11
primary,1851,Quinton Newsome,birth_year_high,10,0
primary,1851,Quinton Newsome,jersey,4,30
primary,1851,Quinton Newsome,years_pro,1,2
primary,1851,Quinton Newsome,contract_type,0,2
primary,1851,Quinton Newsome,weight_raw,25,30
primary,1851,Quinton Newsome,height,71,73
primary,1851,Quinton Newsome,position,1,4
primary,1852,Rivaldo Fairweather,pbp_id,5304,0
primary,1852,Rivaldo Fairweather,photo_id,5304,0
primary,1852,Rivaldo Fairweather,birth_month,4,7
primary,1852,Rivaldo Fairweather,birth_day,1,19
primary,1852,Rivaldo Fairweather,birth_year_low,1,2
primary,1852,Rivaldo Fairweather,birth_year_high,10,0
primary,1852,Rivaldo Fairweather,jersey,87,45
primary,1852,Rivaldo Fairweather,years_pro,2,1
primary,1852,Rivaldo Fairweather,contract_type,0,2
primary,1852,Rivaldo Fairweather,weight_raw,110,101
primary,1853,Josh Priebe,pbp_id,1555,0
primary,1853,Josh Priebe,photo_id,1555,0
primary,1853,Josh Priebe,birth_month,8,7
primary,1853,Josh Priebe,birth_day,10,30
primary,1853,Josh Priebe,birth_year_low,2,1
primary,1853,Josh Priebe,birth_year_high,9,0
primary,1853,Josh Priebe,jersey,74,68
primary,1853,Josh Priebe,years_pro,9,1
primary,1853,Josh Priebe,contract_type,0,2
primary,1853,Josh Priebe,weight_raw,143,156
primary,1853,Josh Priebe,height,76,77
primary,1854,Tysheem Johnson,pbp_id,6184,0
primary,1854,Tysheem Johnson,photo_id,6184,0
primary,1854,Tysheem Johnson,birth_day,1,30
primary,1854,Tysheem Johnson,birth_year_low,1,2
primary,1854,Tysheem Johnson,birth_year_high,10,0
primary,1854,Tysheem Johnson,jersey,28,36
primary,1854,Tysheem Johnson,years_pro,2,1
primary,1854,Tysheem Johnson,contract_type,0,2
primary,1854,Tysheem Johnson,weight_raw,43,50
primary,1855,D.J. James,pbp_id,5318,0
primary,1855,D.J. James,photo_id,5318,0
primary,1855,D.J. James,birth_month,4,3
primary,1855,D.J. James,birth_day,11,5
primary,1855,D.J. James,birth_year_low,7,1
primary,1855,D.J. James,birth_year_high,9,0
primary,1855,D.J. James,jersey,26,36
primary,1855,D.J. James,years_pro,1,2
primary,1855,D.J. James,contract_type,0,2
primary,1855,D.J. James,weight_raw,41,14
primary,1855,D.J. James,height,70,72
primary,1856,Jack Henderson,pbp_id,5157,0
primary,1856,Jack Henderson,photo_id,5157,0
primary,1856,Jack Henderson,birth_month,5,12
primary,1856,Jack Henderson,birth_day,10,26
primary,1856,Jack Henderson,birth_year_low,0,1
primary,1856,Jack Henderson,birth_year_high,10,0
primary,1856,Jack Henderson,jersey,27,48
primary,1856,Jack Henderson,years_pro,2,1
primary,1856,Jack Henderson,contract_type,0,2
primary,1856,Jack Henderson,weight_raw,50,55
primary,1856,Jack Henderson,height,72,74
primary,1857,Robert McDaniel,pbp_id,5192,0
primary,1857,Robert McDaniel,photo_id,5192,0
primary,1857,Robert McDaniel,birth_month,4,10
primary,1857,Robert McDaniel,birth_day,25,18
primary,1857,Robert McDaniel,birth_year_high,10,0
primary,1857,Robert McDaniel,jersey,23,39
primary,1857,Robert McDaniel,years_pro,2,1
primary,1857,Robert McDaniel,contract_type,0,2
primary,1857,Robert McDaniel,weight_raw,65,57
primary,1858,Tra Fluellen,pbp_id,2097,0
primary,1858,Tra Fluellen,photo_id,2097,0
primary,1858,Tra Fluellen,birth_day,29,22
primary,1858,Tra Fluellen,birth_year_low,4,1
primary,1858,Tra Fluellen,birth_year_high,9,0
primary,1858,Tra Fluellen,jersey,39,48
primary,1858,Tra Fluellen,years_pro,5,2
primary,1858,Tra Fluellen,contract_type,0,2
primary,1858,Tra Fluellen,weight_raw,81,60
primary,1858,Tra Fluellen,height,76,74
primary,1859,Tommy Akingbesote,pbp_id,322,0
primary,1859,Tommy Akingbesote,photo_id,322,0
primary,1859,Tommy Akingbesote,birth_month,8,2
primary,1859,Tommy Akingbesote,birth_day,2,25
primary,1859,Tommy Akingbesote,birth_year_low,2,3
primary,1859,Tommy Akingbesote,birth_year_high,9,0
primary,1859,Tommy Akingbesote,jersey,96,74
primary,1859,Tommy Akingbesote,years_pro,10,1
primary,1859,Tommy Akingbesote,contract_type,0,2
primary,1859,Tommy Akingbesote,weight_raw,148,166
primary,1859,Tommy Akingbesote,height,75,76
primary,1860,Tahj Washington,pbp_id,600,0
primary,1860,Tahj Washington,photo_id,600,0
primary,1860,Tahj Washington,birth_month,9,5
primary,1860,Tahj Washington,birth_day,13,16
primary,1860,Tahj Washington,birth_year_low,4,1
primary,1860,Tahj Washington,birth_year_high,9,0
primary,1860,Tahj Washington,jersey,86,48
primary,1860,Tahj Washington,years_pro,7,2
primary,1860,Tahj Washington,contract_type,0,2
primary,1860,Tahj Washington,weight_raw,66,25
primary,1860,Tahj Washington,height,75,70
primary,1861,Marshall Lang,pbp_id,789,0
primary,1861,Marshall Lang,photo_id,789,0
primary,1861,Marshall Lang,birth_day,9,15
primary,1861,Marshall Lang,birth_year_low,7,1
primary,1861,Marshall Lang,birth_year_high,8,0
primary,1861,Marshall Lang,jersey,49,81
primary,1861,Marshall Lang,years_pro,10,1
primary,1861,Marshall Lang,contract_type,0,2
primary,1861,Marshall Lang,weight_raw,93,96
primary,1861,Marshall Lang,height,74,76
primary,1862,Elijah Jones,pbp_id,971,0
primary,1862,Elijah Jones,photo_id,971,0
primary,1862,Elijah Jones,birth_month,10,1
primary,1862,Elijah Jones,birth_day,19,8
primary,1862,Elijah Jones,birth_year_low,1,0
primary,1862,Elijah Jones,birth_year_high,9,0
primary,1862,Elijah Jones,jersey,26,37
primary,1862,Elijah Jones,years_pro,7,2
primary,1862,Elijah Jones,contract_type,0,2
primary,1862,Elijah Jones,weight_raw,43,34
primary,1862,Elijah Jones,height,70,73
primary,1863,Wy'Kevious Thomas,pbp_id,5393,0
primary,1863,Wy'Kevious Thomas,photo_id,5393,0
primary,1863,Wy'Kevious Thomas,birth_month,6,7
primary,1863,Wy'Kevious Thomas,birth_year_high,10,0
primary,1863,Wy'Kevious Thomas,jersey,65,69
primary,1863,Wy'Kevious Thomas,years_pro,2,1
primary,1863,Wy'Kevious Thomas,contract_type,0,2
primary,1863,Wy'Kevious Thomas,weight_raw,122,153
primary,1863,Wy'Kevious Thomas,height,73,74
primary,1863,Wy'Kevious Thomas,position,16,15
primary,1864,Coziah Izzard,pbp_id,3015,0
primary,1864,Coziah Izzard,photo_id,3015,0
primary,1864,Coziah Izzard,birth_month,8,11
primary,1864,Coziah Izzard,birth_day,20,6
primary,1864,Coziah Izzard,birth_year_low,6,1
primary,1864,Coziah Izzard,birth_year_high,9,0
primary,1864,Coziah Izzard,jersey,56,68
primary,1864,Coziah Izzard,years_pro,4,1
primary,1864,Coziah Izzard,contract_type,0,2
primary,1864,Coziah Izzard,weight_raw,104,155
primary,1864,Coziah Izzard,position,10,15
primary,1865,Marquise Robinson,pbp_id,3557,0
primary,1865,Marquise Robinson,photo_id,3557,0
primary,1865,Marquise Robinson,birth_month,9,7
primary,1865,Marquise Robinson,birth_day,4,16
primary,1865,Marquise Robinson,birth_year_low,7,2
primary,1865,Marquise Robinson,birth_year_high,9,0
primary,1865,Marquise Robinson,jersey,10,28
primary,1865,Marquise Robinson,years_pro,3,1
primary,1865,Marquise Robinson,contract_type,0,2
primary,1865,Marquise Robinson,weight_raw,77,42
primary,1865,Marquise Robinson,height,78,73
primary,1865,Marquise Robinson,position,2,4
primary,1866,Donovan Edwards,pbp_id,3775,0
primary,1866,Donovan Edwards,photo_id,3775,0
primary,1866,Donovan Edwards,birth_month,10,2
primary,1866,Donovan Edwards,birth_day,24,25
primary,1866,Donovan Edwards,birth_year_low,4,3
primary,1866,Donovan Edwards,birth_year_high,9,0
primary,1866,Donovan Edwards,jersey,30,36
primary,1866,Donovan Edwards,years_pro,4,1
primary,1866,Donovan Edwards,contract_type,0,2
primary,1866,Donovan Edwards,weight_raw,50,62
primary,1866,Donovan Edwards,height,69,73
primary,1867,Kyonte Hamilton,pbp_id,3787,0
primary,1867,Kyonte Hamilton,photo_id,3787,0
primary,1867,Kyonte Hamilton,birth_month,5,11
primary,1867,Kyonte Hamilton,birth_year_low,4,2
primary,1867,Kyonte Hamilton,birth_year_high,9,0
primary,1867,Kyonte Hamilton,jersey,56,58
primary,1867,Kyonte Hamilton,years_pro,5,1
primary,1867,Kyonte Hamilton,contract_type,0,2
primary,1867,Kyonte Hamilton,weight_raw,90,154
primary,1867,Kyonte Hamilton,height,75,76
primary,1867,Kyonte Hamilton,position,10,15
primary,1868,Zach Horton,pbp_id,3866,0
primary,1868,Zach Horton,photo_id,3866,0
primary,1868,Zach Horton,birth_month,10,12
primary,1868,Zach Horton,birth_day,29,2
primary,1868,Zach Horton,birth_year_low,4,2
primary,1868,Zach Horton,birth_year_high,9,0
primary,1868,Zach Horton,jersey,80,43
primary,1868,Zach Horton,years_pro,4,1
primary,1868,Zach Horton,contract_type,0,2
primary,1868,Zach Horton,weight_raw,118,102
primary,1868,Zach Horton,height,78,76
primary,1869,Dan Jackson,pbp_id,3970,0
primary,1869,Dan Jackson,photo_id,3970,0
primary,1869,Dan Jackson,birth_month,6,11
primary,1869,Dan Jackson,birth_day,1,30
primary,1869,Dan Jackson,birth_year_low,6,0
primary,1869,Dan Jackson,birth_year_high,9,0
primary,1869,Dan Jackson,jersey,9,17
primary,1869,Dan Jackson,years_pro,2,1
primary,1869,Dan Jackson,contract_type,0,2
primary,1869,Dan Jackson,weight_raw,63,40
primary,1869,Dan Jackson,height,72,73
primary,1869,Dan Jackson,position,1,6
primary,1870,Alex Huntley,pbp_id,4174,0
primary,1870,Alex Huntley,photo_id,4174,0
primary,1870,Alex Huntley,birth_month,9,10
primary,1870,Alex Huntley,birth_day,14,8
primary,1870,Alex Huntley,birth_year_low,5,1
primary,1870,Alex Huntley,birth_year_high,9,0
primary,1870,Alex Huntley,jersey,61,96
primary,1870,Alex Huntley,years_pro,2,1
primary,1870,Alex Huntley,contract_type,0,2
primary,1870,Alex Huntley,weight_raw,150,148
primary,1870,Alex Huntley,height,73,76
primary,1871,Wande Owens,pbp_id,5051,0
primary,1871,Wande Owens,photo_id,5051,0
primary,1871,Wande Owens,birth_month,2,3
primary,1871,Wande Owens,birth_day,12,26
primary,1871,Wande Owens,birth_year_high,10,0
primary,1871,Wande Owens,jersey,22,38
primary,1871,Wande Owens,years_pro,2,1
primary,1871,Wande Owens,contract_type,0,2
primary,1871,Wande Owens,weight_raw,66,60
primary,1871,Wande Owens,height,72,71
primary,1872,Keivie Rose,pbp_id,5058,0
primary,1872,Keivie Rose,photo_id,5058,0
primary,1872,Keivie Rose,birth_month,6,12
primary,1872,Keivie Rose,birth_day,24,14
primary,1872,Keivie Rose,birth_year_high,10,0
primary,1872,Keivie Rose,jersey,90,97
primary,1872,Keivie Rose,years_pro,2,1
primary,1872,Keivie Rose,contract_type,0,2
primary,1872,Keivie Rose,weight_raw,149,153
primary,1872,Keivie Rose,height,74,75
primary,1873,Junior Bergen,pbp_id,5172,0
primary,1873,Junior Bergen,photo_id,5172,0
primary,1873,Junior Bergen,birth_month,2,10
primary,1873,Junior Bergen,birth_day,25,23
primary,1873,Junior Bergen,birth_year_low,1,2
primary,1873,Junior Bergen,birth_year_high,10,0
primary,1873,Junior Bergen,jersey,51,30
primary,1873,Junior Bergen,contract_type,0,2
primary,1873,Junior Bergen,weight_raw,78,34
primary,1873,Junior Bergen,height,73,69
primary,1873,Junior Bergen,position,10,3
primary,1874,Power Echols,pbp_id,3595,0
primary,1874,Power Echols,photo_id,3595,0
primary,1874,Power Echols,birth_month,5,1
primary,1874,Power Echols,birth_day,15,20
primary,1874,Power Echols,birth_year_low,0,3
primary,1874,Power Echols,birth_year_high,10,0
primary,1874,Power Echols,jersey,51,46
primary,1874,Power Echols,years_pro,3,1
primary,1874,Power Echols,contract_type,0,2
primary,1874,Power Echols,contract_length,3,0
primary,1874,Power Echols,weight_raw,88,75
primary,1874,Power Echols,height,74,72
primary,1875,Kobee Minor,pbp_id,5328,0
primary,1875,Kobee Minor,photo_id,5328,0
primary,1875,Kobee Minor,birth_month,6,7
primary,1875,Kobee Minor,birth_day,27,8
primary,1875,Kobee Minor,birth_year_low,7,2
primary,1875,Kobee Minor,birth_year_high,8,0
primary,1875,Kobee Minor,jersey,28,19
primary,1875,Kobee Minor,years_pro,3,1
primary,1875,Kobee Minor,contract_type,0,2
primary,1875,Kobee Minor,weight_raw,45,40
primary,1875,Kobee Minor,height,73,71
primary,1876,Trevian Thomas,pbp_id,5363,0
primary,1876,Trevian Thomas,photo_id,5363,0
primary,1876,Trevian Thomas,birth_month,11,3
primary,1876,Trevian Thomas,birth_day,8,4
primary,1876,Trevian Thomas,birth_year_low,7,2
primary,1876,Trevian Thomas,birth_year_high,9,0
primary,1876,Trevian Thomas,jersey,19,34
primary,1876,Trevian Thomas,years_pro,2,1
primary,1876,Trevian Thomas,contract_type,0,2
primary,1876,Trevian Thomas,weight_raw,85,46
primary,1876,Trevian Thomas,position,8,6
primary,1877,Fatorma Mulbah,pbp_id,5430,0
primary,1877,Fatorma Mulbah,photo_id,5430,0
primary,1877,Fatorma Mulbah,birth_month,11,9
primary,1877,Fatorma Mulbah,birth_day,27,7
primary,1877,Fatorma Mulbah,birth_year_low,7,2
primary,1877,Fatorma Mulbah,birth_year_high,9,0
primary,1877,Fatorma Mulbah,jersey,73,95
primary,1877,Fatorma Mulbah,years_pro,2,1
primary,1877,Fatorma Mulbah,contract_type,0,2
primary,1877,Fatorma Mulbah,weight_raw,140,156
primary,1877,Fatorma Mulbah,height,74,76
primary,1878,Kam Arnold,pbp_id,6190,0
primary,1878,Kam Arnold,photo_id,6190,0
primary,1878,Kam Arnold,birth_month,5,2
primary,1878,Kam Arnold,birth_day,29,19
primary,1878,Kam Arnold,birth_year_low,1,2
primary,1878,Kam Arnold,birth_year_high,10,0
primary,1878,Kam Arnold,jersey,1,53
primary,1878,Kam Arnold,contract_type,0,2
primary,1878,Kam Arnold,weight_raw,45,78
primary,1878,Kam Arnold,height,75,73
primary,1878,Kam Arnold,position,2,11
primary,1879,Nate Valcarcel,pbp_id,3333,0
primary,1879,Nate Valcarcel,photo_id,3333,0
primary,1879,Nate Valcarcel,birth_month,3,5
primary,1879,Nate Valcarcel,birth_day,19,23
primary,1879,Nate Valcarcel,birth_year_low,5,2
primary,1879,Nate Valcarcel,birth_year_high,9,0
primary,1879,Nate Valcarcel,jersey,37,43
primary,1879,Nate Valcarcel,years_pro,5,1
primary,1879,Nate Valcarcel,contract_type,0,2
primary,1879,Nate Valcarcel,weight_raw,65,42
primary,1879,Nate Valcarcel,height,71,73
primary,1880,Derrick Canteen,pbp_id,5072,0
primary,1880,Derrick Canteen,photo_id,5072,0
primary,1880,Derrick Canteen,birth_month,9,4
primary,1880,Derrick Canteen,birth_day,25,2
primary,1880,Derrick Canteen,birth_year_high,10,0
primary,1880,Derrick Canteen,jersey,43,42
primary,1880,Derrick Canteen,years_pro,2,1
primary,1880,Derrick Canteen,contract_type,0,2
primary,1880,Derrick Canteen,weight_raw,55,40
primary,1880,Derrick Canteen,height,73,70
primary,1881,Jacoby Jones,pbp_id,2800,0
primary,1881,Jacoby Jones,photo_id,2800,0
primary,1881,Jacoby Jones,birth_month,10,7
primary,1881,Jacoby Jones,birth_day,12,18
primary,1881,Jacoby Jones,birth_year_low,5,1
primary,1881,Jacoby Jones,birth_year_high,9,0
primary,1881,Jacoby Jones,jersey,16,84
primary,1881,Jacoby Jones,years_pro,5,1
primary,1881,Jacoby Jones,contract_type,0,2
primary,1881,Jacoby Jones,weight_raw,45,78
primary,1881,Jacoby Jones,height,72,75
primary,1882,Timothy McKay,pbp_id,3743,0
primary,1882,Timothy McKay,photo_id,3743,0
primary,1882,Timothy McKay,birth_month,7,1
primary,1882,Timothy McKay,birth_day,25,15
primary,1882,Timothy McKay,birth_year_low,7,2
primary,1882,Timothy McKay,birth_year_high,9,0
primary,1882,Timothy McKay,jersey,90,67
primary,1882,Timothy McKay,years_pro,2,1
primary,1882,Timothy McKay,contract_type,0,2
primary,1882,Timothy McKay,weight_raw,118,161
primary,1882,Timothy McKay,height,75,76
primary,1882,Timothy McKay,position,16,14
primary,1883,Daryl Porter,pbp_id,3760,0
primary,1883,Daryl Porter,photo_id,3760,0
primary,1883,Daryl Porter,birth_month,4,2
primary,1883,Daryl Porter,birth_day,1,3
primary,1883,Daryl Porter,birth_year_low,6,2
primary,1883,Daryl Porter,birth_year_high,9,0
primary,1883,Daryl Porter,jersey,33,27
primary,1883,Daryl Porter,years_pro,4,1
primary,1883,Daryl Porter,contract_type,0,2
primary,1883,Daryl Porter,weight_raw,32,35
primary,1883,Daryl Porter,height,72,70
primary,1884,Jakobie Keeney-James,pbp_id,3821,0
primary,1884,Jakobie Keeney-James,photo_id,3821,0
primary,1884,Jakobie Keeney-James,birth_month,1,9
primary,1884,Jakobie Keeney-James,birth_day,17,26
primary,1884,Jakobie Keeney-James,birth_year_low,3,0
primary,1884,Jakobie Keeney-James,birth_year_high,9,0
primary,1884,Jakobie Keeney-James,jersey,82,23
primary,1884,Jakobie Keeney-James,years_pro,5,1
primary,1884,Jakobie Keeney-James,contract_type,0,2
primary,1884,Jakobie Keeney-James,weight_raw,41,45
primary,1885,Jeremiah Byers,pbp_id,3824,0
primary,1885,Jeremiah Byers,photo_id,3824,0
primary,1885,Jeremiah Byers,birth_month,11,3
primary,1885,Jeremiah Byers,birth_day,20,23
primary,1885,Jeremiah Byers,birth_year_low,5,1
primary,1885,Jeremiah Byers,birth_year_high,9,0
primary,1885,Jeremiah Byers,jersey,36,63
primary,1885,Jeremiah Byers,years_pro,4,1
primary,1885,Jeremiah Byers,contract_type,0,2
primary,1885,Jeremiah Byers,weight_raw,104,181
primary,1885,Jeremiah Byers,height,74,76
primary,1885,Jeremiah Byers,position,8,14
primary,1886,Caden Prieskorn,pbp_id,4128,0
primary,1886,Caden Prieskorn,photo_id,4128,0
primary,1886,Caden Prieskorn,birth_month,12,9
primary,1886,Caden Prieskorn,birth_day,17,21
primary,1886,Caden Prieskorn,birth_year_low,4,3
primary,1886,Caden Prieskorn,birth_year_high,9,12
primary,1886,Caden Prieskorn,jersey,98,40
primary,1886,Caden Prieskorn,years_pro,3,1
primary,1886,Caden Prieskorn,contract_type,0,2
primary,1886,Caden Prieskorn,weight_raw,77,105
primary,1886,Caden Prieskorn,height,74,77
primary,1886,Caden Prieskorn,position,10,9
primary,1887,Marques Cox,pbp_id,4193,0
primary,1887,Marques Cox,photo_id,4193,0
primary,1887,Marques Cox,birth_month,10,12
primary,1887,Marques Cox,birth_day,10,28
primary,1887,Marques Cox,birth_year_low,4,3
primary,1887,Marques Cox,birth_year_high,9,12
primary,1887,Marques Cox,jersey,78,70
primary,1887,Marques Cox,years_pro,3,1
primary,1887,Marques Cox,contract_type,0,2
primary,1888,Quentin Skinner,pbp_id,4333,0
primary,1888,Quentin Skinner,photo_id,4333,0
primary,1888,Quentin Skinner,birth_month,7,12
primary,1888,Quentin Skinner,birth_day,28,24
primary,1888,Quentin Skinner,birth_year_low,7,1
primary,1888,Quentin Skinner,birth_year_high,9,0
primary,1888,Quentin Skinner,jersey,80,18
primary,1888,Quentin Skinner,years_pro,3,1
primary,1888,Quentin Skinner,contract_type,0,2
primary,1888,Quentin Skinner,weight_raw,50,45
primary,1888,Quentin Skinner,height,74,75
primary,1889,Courtney Jackson,pbp_id,4351,0
primary,1889,Courtney Jackson,photo_id,4351,0
primary,1889,Courtney Jackson,birth_month,11,3
primary,1889,Courtney Jackson,birth_day,25,13
primary,1889,Courtney Jackson,birth_year_low,7,1
primary,1889,Courtney Jackson,birth_year_high,9,0
primary,1889,Courtney Jackson,jersey,83,39
primary,1889,Courtney Jackson,years_pro,3,1
primary,1889,Courtney Jackson,contract_type,0,2
primary,1889,Courtney Jackson,weight_raw,50,39
primary,1889,Courtney Jackson,height,69,71
primary,1890,Nick Nash,pbp_id,4367,0
primary,1890,Nick Nash,photo_id,4367,0
primary,1890,Nick Nash,birth_month,8,7
primary,1890,Nick Nash,birth_day,7,8
primary,1890,Nick Nash,birth_year_low,7,3
primary,1890,Nick Nash,birth_year_high,9,12
primary,1890,Nick Nash,jersey,80,19
primary,1890,Nick Nash,years_pro,2,1
primary,1890,Nick Nash,contract_type,0,2
primary,1890,Nick Nash,weight_raw,61,45
primary,1891,John Bullock,pbp_id,4475,0
primary,1891,John Bullock,photo_id,4475,0
primary,1891,John Bullock,birth_month,10,4
primary,1891,John Bullock,birth_day,26,22
primary,1891,John Bullock,birth_year_low,6,1
primary,1891,John Bullock,birth_year_high,9,0
primary,1891,John Bullock,jersey,59,30
primary,1891,John Bullock,years_pro,4,1
primary,1891,John Bullock,contract_type,0,2
primary,1891,John Bullock,weight_raw,90,80
primary,1891,John Bullock,height,76,72
primary,1892,Dean Clark,pbp_id,4604,0
primary,1892,Dean Clark,photo_id,4604,0
primary,1892,Dean Clark,birth_month,11,6
primary,1892,Dean Clark,birth_day,3,1
primary,1892,Dean Clark,birth_year_low,7,1
primary,1892,Dean Clark,birth_year_high,9,0
primary,1892,Dean Clark,jersey,46,35
primary,1892,Dean Clark,contract_type,0,2
primary,1892,Dean Clark,weight_raw,127,56
primary,1892,Dean Clark,height,74,72
primary,1892,Dean Clark,position,8,6
primary,1893,J.J. Galbreath,pbp_id,4906,0
primary,1893,J.J. Galbreath,photo_id,4906,0
primary,1893,J.J. Galbreath,birth_month,7,8
primary,1893,J.J. Galbreath,birth_day,9,5
primary,1893,J.J. Galbreath,birth_year_low,6,1
primary,1893,J.J. Galbreath,birth_year_high,9,0
primary,1893,J.J. Galbreath,jersey,49,47
primary,1893,J.J. Galbreath,years_pro,3,1
primary,1893,J.J. Galbreath,contract_type,0,2
primary,1893,J.J. Galbreath,weight_raw,99,90
primary,1893,J.J. Galbreath,height,75,76
primary,1894,Gus Hartwig,pbp_id,5180,0
primary,1894,Gus Hartwig,photo_id,5180,0
primary,1894,Gus Hartwig,birth_month,10,1
primary,1894,Gus Hartwig,birth_day,10,21
primary,1894,Gus Hartwig,birth_year_low,6,2
primary,1894,Gus Hartwig,birth_year_high,9,0
primary,1894,Gus Hartwig,jersey,31,60
primary,1894,Gus Hartwig,years_pro,2,1
primary,1894,Gus Hartwig,contract_type,0,2
primary,1894,Gus Hartwig,weight_raw,50,165
primary,1894,Gus Hartwig,height,74,77
primary,1894,Gus Hartwig,position,5,12
primary,1895,Connor Bazelak,pbp_id,5211,0
primary,1895,Connor Bazelak,photo_id,5211,0
primary,1895,Connor Bazelak,birth_month,6,9
primary,1895,Connor Bazelak,birth_day,30,22
primary,1895,Connor Bazelak,birth_year_high,10,0
primary,1895,Connor Bazelak,jersey,30,16
primary,1895,Connor Bazelak,years_pro,2,1
primary,1895,Connor Bazelak,contract_type,0,2
primary,1895,Connor Bazelak,weight_raw,110,75
primary,1895,Connor Bazelak,height,70,75
primary,1895,Connor Bazelak,position,8,0
primary,1896,Kristian Williams,pbp_id,5234,0
primary,1896,Kristian Williams,photo_id,5234,0
primary,1896,Kristian Williams,birth_month,11,12
primary,1896,Kristian Williams,birth_day,8,5
primary,1896,Kristian Williams,birth_year_low,1,0
primary,1896,Kristian Williams,birth_year_high,10,0
primary,1896,Kristian Williams,jersey,95,75
primary,1896,Kristian Williams,years_pro,2,1
primary,1896,Kristian Williams,contract_type,0,2
primary,1896,Kristian Williams,weight_raw,165,145
primary,1897,Joe Michalski,pbp_id,5377,0
primary,1897,Joe Michalski,photo_id,5377,0
primary,1897,Joe Michalski,birth_month,11,4
primary,1897,Joe Michalski,birth_day,8,6
primary,1897,Joe Michalski,birth_year_high,10,0
primary,1897,Joe Michalski,jersey,50,60
primary,1897,Joe Michalski,years_pro,2,1
primary,1897,Joe Michalski,contract_type,0,2
primary,1897,Joe Michalski,weight_raw,162,156
primary,1897,Joe Michalski,height,76,77
primary,1898,Eric Rogers,pbp_id,9024,0
primary,1898,Eric Rogers,photo_id,6736,0
primary,1898,Eric Rogers,birth_month,12,4
primary,1898,Eric Rogers,birth_day,16,2
primary,1898,Eric Rogers,birth_year_low,1,2
primary,1898,Eric Rogers,birth_year_high,10,0
primary,1898,Eric Rogers,jersey,48,39
primary,1898,Eric Rogers,contract_type,0,2
primary,1898,Eric Rogers,weight_raw,40,39
primary,1898,Eric Rogers,height,70,74
primary,1899,Nash Hutmacher,pbp_id,3638,0
primary,1899,Nash Hutmacher,photo_id,3638,0
primary,1899,Nash Hutmacher,birth_month,7,5
primary,1899,Nash Hutmacher,birth_day,11,15
primary,1899,Nash Hutmacher,birth_year_low,7,1
primary,1899,Nash Hutmacher,birth_year_high,9,0
primary,1899,Nash Hutmacher,jersey,44,64
primary,1899,Nash Hutmacher,years_pro,3,1
primary,1899,Nash Hutmacher,contract_type,0,2
primary,1899,Nash Hutmacher,weight_raw,59,160
primary,1899,Nash Hutmacher,height,72,76
primary,1899,Nash Hutmacher,position,6,13
primary,1900,Myles Purchase,pbp_id,1042,0
primary,1900,Myles Purchase,photo_id,1042,0
primary,1900,Myles Purchase,birth_month,7,11
primary,1900,Myles Purchase,birth_day,11,26
primary,1900,Myles Purchase,birth_year_low,0,2
primary,1900,Myles Purchase,birth_year_high,9,0
primary,1900,Myles Purchase,jersey,91,41
primary,1900,Myles Purchase,years_pro,11,1
primary,1900,Myles Purchase,contract_type,0,2
primary,1900,Myles Purchase,weight_raw,125,55
primary,1900,Myles Purchase,height,76,71
primary,1900,Myles Purchase,position,16,4
primary,1901,Joshua Gray,pbp_id,4986,0
primary,1901,Joshua Gray,photo_id,4986,0
primary,1901,Joshua Gray,birth_month,5,3
primary,1901,Joshua Gray,birth_day,9,13
primary,1901,Joshua Gray,birth_year_low,5,0
primary,1901,Joshua Gray,birth_year_high,9,0
primary,1901,Joshua Gray,jersey,60,79
primary,1901,Joshua Gray,years_pro,4,1
primary,1901,Joshua Gray,contract_type,0,2
primary,1901,Joshua Gray,weight_raw,170,160
primary,1901,Joshua Gray,height,74,77
primary,1902,Ulysses Bentley,pbp_id,92,0
primary,1902,Ulysses Bentley,photo_id,92,0
primary,1902,Ulysses Bentley,birth_month,10,12
primary,1902,Ulysses Bentley,birth_day,28,30
primary,1902,Ulysses Bentley,birth_year_low,2,0
primary,1902,Ulysses Bentley,birth_year_high,9,0
primary,1902,Ulysses Bentley,jersey,52,37
primary,1902,Ulysses Bentley,years_pro,8,1
primary,1902,Ulysses Bentley,contract_type,0,2
primary,1902,Ulysses Bentley,weight_raw,90,50
primary,1902,Ulysses Bentley,height,74,70
primary,1902,Ulysses Bentley,position,10,7
primary,1903,Treven Ma'ae,pbp_id,3791,0
primary,1903,Treven Ma'ae,photo_id,3791,0
primary,1903,Treven Ma'ae,birth_month,4,2
primary,1903,Treven Ma'ae,birth_day,4,26
primary,1903,Treven Ma'ae,birth_year_low,3,1
primary,1903,Treven Ma'ae,birth_year_high,9,0
primary,1903,Treven Ma'ae,jersey,49,68
primary,1903,Treven Ma'ae,years_pro,5,1
primary,1903,Treven Ma'ae,contract_type,0,2
primary,1903,Treven Ma'ae,weight_raw,105,140
primary,1903,Treven Ma'ae,height,76,75
primary,1903,Treven Ma'ae,position,9,15
primary,1904,Zeke Correll,photo_id,3166,0
primary,1904,Zeke Correll,contract_value,294,0
primary,1904,Zeke Correll,birth_month,6,11
primary,1904,Zeke Correll,birth_day,16,10
primary,1904,Zeke Correll,birth_year_low,6,0
primary,1904,Zeke Correll,birth_year_high,9,0
primary,1904,Zeke Correll,jersey,44,63
primary,1904,Zeke Correll,contract_remaining,3,0
primary,1904,Zeke Correll,years_pro,4,1
primary,1904,Zeke Correll,contract_type,0,2
primary,1904,Zeke Correll,weight_raw,100,156
primary,1904,Zeke Correll,height,73,75
primary,1904,Zeke Correll,position,8,12
primary,1905,Keenan Garber,pbp_id,6309,0
primary,1905,Keenan Garber,photo_id,6309,0
primary,1905,Keenan Garber,birth_month,11,7
primary,1905,Keenan Garber,birth_day,29,22
primary,1905,Keenan Garber,birth_year_low,1,0
primary,1905,Keenan Garber,birth_year_high,10,0
primary,1905,Keenan Garber,jersey,49,45
primary,1905,Keenan Garber,contract_type,0,2
primary,1905,Keenan Garber,weight_raw,116,38
primary,1905,Keenan Garber,height,78,72
primary,1905,Keenan Garber,position,9,4
primary,1906,Jalen Kimber,pbp_id,9051,0
primary,1906,Jalen Kimber,photo_id,6695,0
primary,1906,Jalen Kimber,birth_month,5,2
primary,1906,Jalen Kimber,birth_day,5,13
primary,1906,Jalen Kimber,birth_year_low,0,1
primary,1906,Jalen Kimber,birth_year_high,10,0
primary,1906,Jalen Kimber,jersey,57,40
primary,1906,Jalen Kimber,contract_type,0,2
primary,1906,Jalen Kimber,weight_raw,80,40
primary,1906,Jalen Kimber,height,73,72
primary,1906,Jalen Kimber,position,10,4
primary,1907,Hunter Dekkers,pbp_id,212,0
primary,1907,Hunter Dekkers,photo_id,212,0
primary,1907,Hunter Dekkers,birth_month,3,7
primary,1907,Hunter Dekkers,birth_day,18,4
primary,1907,Hunter Dekkers,birth_year_high,9,0
primary,1907,Hunter Dekkers,jersey,7,13
primary,1907,Hunter Dekkers,years_pro,10,1
primary,1907,Hunter Dekkers,contract_type,0,2
primary,1907,Hunter Dekkers,weight_raw,54,65
primary,1907,Hunter Dekkers,height,76,74
primary,1908,Dalys Beanum,pbp_id,240,0
primary,1908,Dalys Beanum,photo_id,240,0
primary,1908,Dalys Beanum,birth_month,5,10
primary,1908,Dalys Beanum,birth_day,13,12
primary,1908,Dalys Beanum,birth_year_low,6,2
primary,1908,Dalys Beanum,birth_year_high,8,0
primary,1908,Dalys Beanum,jersey,39,37
primary,1908,Dalys Beanum,years_pro,12,1
primary,1908,Dalys Beanum,contract_type,0,2
primary,1908,Dalys Beanum,weight_raw,38,50
primary,1909,Tru Edwards,pbp_id,6104,0
primary,1909,Tru Edwards,photo_id,6104,0
primary,1909,Tru Edwards,birth_month,11,6
primary,1909,Tru Edwards,birth_day,23,9
primary,1909,Tru Edwards,birth_year_low,5,1
primary,1909,Tru Edwards,birth_year_high,9,0
primary,1909,Tru Edwards,jersey,89,16
primary,1909,Tru Edwards,years_pro,3,1
primary,1909,Tru Edwards,contract_type,0,2
primary,1909,Tru Edwards,weight_raw,43,52
primary,1909,Tru Edwards,height,70,75
primary,1912,Patrick Jenkins,pbp_id,623,0
primary,1912,Patrick Jenkins,photo_id,623,0
primary,1912,Patrick Jenkins,birth_month,2,8
primary,1912,Patrick Jenkins,birth_day,22,20
primary,1912,Patrick Jenkins,birth_year_low,7,3
primary,1912,Patrick Jenkins,birth_year_high,8,0
primary,1912,Patrick Jenkins,jersey,93,53
primary,1912,Patrick Jenkins,years_pro,12,1
primary,1912,Patrick Jenkins,contract_type,0,2
primary,1912,Patrick Jenkins,weight_raw,190,143
primary,1913,Kisean Johnson,pbp_id,658,0
primary,1913,Kisean Johnson,photo_id,658,0
primary,1913,Kisean Johnson,birth_month,5,1
primary,1913,Kisean Johnson,birth_day,27,28
primary,1913,Kisean Johnson,birth_year_low,0,2
primary,1913,Kisean Johnson,birth_year_high,9,0
primary,1913,Kisean Johnson,years_pro,10,1
primary,1913,Kisean Johnson,contract_type,0,2
primary,1913,Kisean Johnson,weight_raw,48,66
primary,1914,Luke Floriea,pbp_id,660,0
primary,1914,Luke Floriea,photo_id,660,0
primary,1914,Luke Floriea,birth_month,1,10
primary,1914,Luke Floriea,birth_day,9,23
primary,1914,Luke Floriea,birth_year_low,7,1
primary,1914,Luke Floriea,birth_year_high,8,0
primary,1914,Luke Floriea,jersey,84,81
primary,1914,Luke Floriea,years_pro,11,1
primary,1914,Luke Floriea,contract_type,0,2
primary,1914,Luke Floriea,weight_raw,50,20
primary,1914,Luke Floriea,height,75,68
primary,1915,Cobee Bryant,pbp_id,5166,0
primary,1915,Cobee Bryant,photo_id,5166,0
primary,1915,Cobee Bryant,birth_month,3,9
primary,1915,Cobee Bryant,birth_day,27,17
primary,1915,Cobee Bryant,birth_year_high,10,0
primary,1915,Cobee Bryant,jersey,6,37
primary,1915,Cobee Bryant,years_pro,2,1
primary,1915,Cobee Bryant,contract_type,0,2
primary,1915,Cobee Bryant,weight_raw,50,25
primary,1915,Cobee Bryant,height,73,72
primary,1915,Cobee Bryant,position,1,4
primary,1916,Malik Verdon,pbp_id,957,0
primary,1916,Malik Verdon,photo_id,957,0
primary,1916,Malik Verdon,birth_month,2,10
primary,1916,Malik Verdon,birth_day,24,31
primary,1916,Malik Verdon,birth_year_low,1,2
primary,1916,Malik Verdon,birth_year_high,9,0
primary,1916,Malik Verdon,jersey,33,43
primary,1916,Malik Verdon,years_pro,9,1
primary,1916,Malik Verdon,contract_type,0,2
primary,1916,Malik Verdon,weight_raw,82,70
primary,1916,Malik Verdon,height,71,76
primary,1916,Malik Verdon,position,8,11
primary,1917,Jakob Robinson,pbp_id,1102,0
primary,1917,Jakob Robinson,photo_id,1102,0
primary,1917,Jakob Robinson,birth_month,4,10
primary,1917,Jakob Robinson,birth_day,15,4
primary,1917,Jakob Robinson,birth_year_low,7,0
primary,1917,Jakob Robinson,birth_year_high,8,0
primary,1917,Jakob Robinson,jersey,42,43
primary,1917,Jakob Robinson,years_pro,11,1
primary,1917,Jakob Robinson,contract_type,0,2
primary,1917,Jakob Robinson,weight_raw,63,31
primary,1917,Jakob Robinson,height,74,70
primary,1917,Jakob Robinson,position,5,4
primary,1918,Jack Conley,pbp_id,1105,0
primary,1918,Jack Conley,photo_id,1105,0
primary,1918,Jack Conley,birth_month,9,6
primary,1918,Jack Conley,birth_year_low,7,1
primary,1918,Jack Conley,birth_year_high,8,0
primary,1918,Jack Conley,jersey,92,67
primary,1918,Jack Conley,years_pro,11,1
primary,1918,Jack Conley,contract_type,0,2
primary,1918,Jack Conley,weight_raw,120,175
primary,1918,Jack Conley,height,77,79
primary,1918,Jack Conley,position,16,13
primary,1919,Brandon Crossley,pbp_id,1157,0
primary,1919,Brandon Crossley,photo_id,1157,0
primary,1919,Brandon Crossley,birth_month,12,1
primary,1919,Brandon Crossley,birth_day,8,17
primary,1919,Brandon Crossley,birth_year_low,5,1
primary,1919,Brandon Crossley,birth_year_high,8,0
primary,1919,Brandon Crossley,jersey,23,39
primary,1919,Brandon Crossley,years_pro,11,1
primary,1919,Brandon Crossley,contract_type,0,2
primary,1919,Brandon Crossley,weight_raw,60,35
primary,1919,Brandon Crossley,height,71,72
primary,1919,Brandon Crossley,position,6,4
primary,1920,Chris Paul,pbp_id,1182,0
primary,1920,Chris Paul,photo_id,1182,0
primary,1920,Chris Paul,birth_month,10,11
primary,1920,Chris Paul,birth_day,21,4
primary,1920,Chris Paul,birth_year_low,5,2
primary,1920,Chris Paul,birth_year_high,8,0
primary,1920,Chris Paul,jersey,57,49
primary,1920,Chris Paul,years_pro,14,1
primary,1920,Chris Paul,contract_type,0,2
primary,1920,Chris Paul,weight_raw,108,85
primary,1920,Chris Paul,height,75,73
primary,1920,Chris Paul,position,10,11
primary,1921,Nick Jackson,pbp_id,1189,0
primary,1921,Nick Jackson,photo_id,1189,0
primary,1921,Nick Jackson,birth_month,6,1
primary,1921,Nick Jackson,birth_day,28,5
primary,1921,Nick Jackson,birth_year_low,0,1
primary,1921,Nick Jackson,birth_year_high,9,0
primary,1921,Nick Jackson,jersey,55,53
primary,1921,Nick Jackson,years_pro,12,1
primary,1921,Nick Jackson,contract_type,0,2
primary,1921,Nick Jackson,weight_raw,94,87
primary,1921,Nick Jackson,height,74,72
primary,1922,Dalevon Campbell,pbp_id,1209,0
primary,1922,Dalevon Campbell,photo_id,1209,0
primary,1922,Dalevon Campbell,birth_month,9,12
primary,1922,Dalevon Campbell,birth_day,29,5
primary,1922,Dalevon Campbell,birth_year_low,2,1
primary,1922,Dalevon Campbell,birth_year_high,9,0
primary,1922,Dalevon Campbell,jersey,17,81
primary,1922,Dalevon Campbell,years_pro,8,1
primary,1922,Dalevon Campbell,contract_type,0,2
primary,1922,Dalevon Campbell,weight_raw,35,70
primary,1922,Dalevon Campbell,height,69,76
primary,1923,Keydrain Calligan,pbp_id,3225,0
primary,1923,Keydrain Calligan,photo_id,3225,0
primary,1923,Keydrain Calligan,birth_month,7,12
primary,1923,Keydrain Calligan,birth_day,24,4
primary,1923,Keydrain Calligan,birth_year_low,7,1
primary,1923,Keydrain Calligan,birth_year_high,9,0
primary,1923,Keydrain Calligan,jersey,38,29
primary,1923,Keydrain Calligan,years_pro,4,1
primary,1923,Keydrain Calligan,contract_type,0,2
primary,1923,Keydrain Calligan,weight_raw,38,50
primary,1923,Keydrain Calligan,height,70,73
primary,1924,Jaden Smith,pbp_id,1932,0
primary,1924,Jaden Smith,photo_id,1932,0
primary,1924,Jaden Smith,birth_day,4,13
primary,1924,Jaden Smith,birth_year_low,3,1
primary,1924,Jaden Smith,birth_year_high,9,0
primary,1924,Jaden Smith,jersey,85,17
primary,1924,Jaden Smith,years_pro,6,1
primary,1924,Jaden Smith,contract_type,0,2
primary,1924,Jaden Smith,weight_raw,62,60
primary,1924,Jaden Smith,height,74,78
primary,1925,Rob Carter,pbp_id,2141,0
primary,1925,Rob Carter,photo_id,2141,0
primary,1925,Rob Carter,birth_month,11,2
primary,1925,Rob Carter,birth_day,28,16
primary,1925,Rob Carter,birth_year_low,4,3
primary,1925,Rob Carter,birth_year_high,9,0
primary,1925,Rob Carter,jersey,40,39
primary,1925,Rob Carter,years_pro,6,0
primary,1925,Rob Carter,contract_type,0,2
primary,1925,Rob Carter,weight_raw,37,25
primary,1926,Mehki Butler,pbp_id,2700,0
primary,1926,Mehki Butler,photo_id,2700,0
primary,1926,Mehki Butler,birth_month,8,4
primary,1926,Mehki Butler,birth_day,28,3
primary,1926,Mehki Butler,birth_year_low,5,1
primary,1926,Mehki Butler,birth_year_high,9,0
primary,1926,Mehki Butler,jersey,57,63
primary,1926,Mehki Butler,years_pro,5,1
primary,1926,Mehki Butler,contract_type,0,2
primary,1926,Mehki Butler,weight_raw,102,170
primary,1926,Mehki Butler,height,73,75
primary,1926,Mehki Butler,position,11,13
primary,1927,Mark Gronowski,pbp_id,2709,0
primary,1927,Mark Gronowski,photo_id,2709,0
primary,1927,Mark Gronowski,birth_month,7,10
primary,1927,Mark Gronowski,birth_day,7,5
primary,1927,Mark Gronowski,birth_year_low,5,1
primary,1927,Mark Gronowski,birth_year_high,9,0
primary,1927,Mark Gronowski,jersey,7,16
primary,1927,Mark Gronowski,years_pro,5,0
primary,1927,Mark Gronowski,contract_type,0,2
primary,1927,Mark Gronowski,weight_raw,73,85
primary,1927,Mark Gronowski,height,75,74
primary,1928,Trey Wedig,pbp_id,6604,0
primary,1928,Trey Wedig,photo_id,6604,0
primary,1928,Trey Wedig,birth_month,8,1
primary,1928,Trey Wedig,birth_day,3,10
primary,1928,Trey Wedig,birth_year_low,0,2
primary,1928,Trey Wedig,birth_year_high,10,0
primary,1928,Trey Wedig,jersey,53,69
primary,1928,Trey Wedig,contract_type,0,2
primary,1928,Trey Wedig,weight_raw,84,169
primary,1928,Trey Wedig,height,73,79
primary,1928,Trey Wedig,position,11,14
primary,1929,Damien Martinez,pbp_id,2872,0
primary,1929,Damien Martinez,photo_id,2872,0
primary,1929,Damien Martinez,birth_month,6,1
primary,1929,Damien Martinez,birth_day,26,31
primary,1929,Damien Martinez,birth_year_low,2,4
primary,1929,Damien Martinez,birth_year_high,9,0
primary,1929,Damien Martinez,jersey,34,26
primary,1929,Damien Martinez,years_pro,6,1
primary,1929,Damien Martinez,contract_type,0,2
primary,1929,Damien Martinez,weight_raw,91,82
primary,1929,Damien Martinez,height,73,72
primary,1930,Bryce Phillips,pbp_id,3042,0
primary,1930,Bryce Phillips,photo_id,3042,0
primary,1930,Bryce Phillips,birth_month,10,2
primary,1930,Bryce Phillips,birth_day,6,22
primary,1930,Bryce Phillips,birth_year_low,5,3
primary,1930,Bryce Phillips,birth_year_high,9,0
primary,1930,Bryce Phillips,jersey,27,35
primary,1930,Bryce Phillips,years_pro,4,0
primary,1930,Bryce Phillips,contract_type,0,2
primary,1930,Bryce Phillips,weight_raw,30,45
primary,1930,Bryce Phillips,height,69,72
primary,1931,Wyatt Bowles,pbp_id,3177,0
primary,1931,Wyatt Bowles,photo_id,3177,0
primary,1931,Wyatt Bowles,birth_month,8,1
primary,1931,Wyatt Bowles,birth_day,2,28
primary,1931,Wyatt Bowles,birth_year_low,5,0
primary,1931,Wyatt Bowles,birth_year_high,9,0
primary,1931,Wyatt Bowles,jersey,11,60
primary,1931,Wyatt Bowles,years_pro,4,1
primary,1931,Wyatt Bowles,contract_type,0,2
primary,1931,Wyatt Bowles,weight_raw,30,150
primary,1931,Wyatt Bowles,height,72,77
primary,1931,Wyatt Bowles,position,1,13
primary,1932,E.J. Williams,pbp_id,6457,0
primary,1932,E.J. Williams,photo_id,6457,0
primary,1932,E.J. Williams,birth_month,2,11
primary,1932,E.J. Williams,birth_day,26,14
primary,1932,E.J. Williams,birth_year_high,10,0
primary,1932,E.J. Williams,jersey,93,88
primary,1932,E.J. Williams,years_pro,1,0
primary,1932,E.J. Williams,contract_type,0,2
primary,1932,E.J. Williams,weight_raw,100,55
primary,1932,E.J. Williams,height,76,75
primary,1932,E.J. Williams,position,16,3
primary,1933,Chris Hilton,pbp_id,6510,0
primary,1933,Chris Hilton,photo_id,6510,0
primary,1933,Chris Hilton,birth_month,7,10
primary,1933,Chris Hilton,birth_day,4,11
primary,1933,Chris Hilton,birth_year_low,1,2
primary,1933,Chris Hilton,birth_year_high,10,0
primary,1933,Chris Hilton,jersey,14,37
primary,1933,Chris Hilton,years_pro,1,0
primary,1933,Chris Hilton,contract_type,0,2
primary,1933,Chris Hilton,weight_raw,52,38
primary,1933,Chris Hilton,height,71,72
primary,1934,Kole Wilson,pbp_id,3605,0
primary,1934,Kole Wilson,photo_id,3605,0
primary,1934,Kole Wilson,birth_month,11,12
primary,1934,Kole Wilson,birth_day,1,16
primary,1934,Kole Wilson,birth_year_low,0,3
primary,1934,Kole Wilson,birth_year_high,10,0
primary,1934,Kole Wilson,jersey,63,87
primary,1934,Kole Wilson,years_pro,3,0
primary,1934,Kole Wilson,contract_type,0,2
primary,1934,Kole Wilson,weight_raw,143,27
primary,1934,Kole Wilson,height,74,67
primary,1934,Kole Wilson,position,15,3
primary,1935,Jacob Rizy,pbp_id,5507,0
primary,1935,Jacob Rizy,photo_id,5507,0
primary,1935,Jacob Rizy,birth_month,12,1
primary,1935,Jacob Rizy,birth_day,19,13
primary,1935,Jacob Rizy,birth_year_low,0,2
primary,1935,Jacob Rizy,birth_year_high,10,0
primary,1935,Jacob Rizy,jersey,62,64
primary,1935,Jacob Rizy,years_pro,1,0
primary,1935,Jacob Rizy,contract_type,0,2
primary,1935,Jacob Rizy,weight_raw,100,156
primary,1935,Jacob Rizy,height,74,77
primary,1935,Jacob Rizy,position,11,12
primary,1936,Anderson Castle,pbp_id,2724,0
primary,1936,Anderson Castle,photo_id,2724,0
primary,1936,Anderson Castle,birth_month,9,1
primary,1936,Anderson Castle,birth_year_low,5,2
primary,1936,Anderson Castle,birth_year_high,9,0
primary,1936,Anderson Castle,jersey,27,42
primary,1936,Anderson Castle,years_pro,5,0
primary,1936,Anderson Castle,contract_type,0,2
primary,1936,Anderson Castle,weight_raw,65,71
primary,1936,Anderson Castle,height,71,72
