filename,outer,team,file_year,used_by_moments,slot,first,last,position,jersey,classification,speed,agility,pass_arm_strength,stamina,kick_power,durability,strength,jumping,coverage,run_route,tackle,break_tackle,pass_accuracy,pass_read_coverage,catch,run_blocking,pass_blocking,hold_onto_ball,pass_rush,run_coverage,kick_accuracy,kicking_style,leadership,power_run_style,composure,scramble,consistency,aggressiveness
h-00-1975-cardinals-3.iff,113,cardinals,1975,1,0,Cardinals,Center,C,51,placeholder,53,76,11,99,24,95,71,45,31,18,27,20,10,10,21,88,80,8,33,37,22,49,51,99,70,5,64,44
h-00-1975-cardinals-3.iff,113,cardinals,1975,1,1,Cardinals,Center,C,64,placeholder,53,66,12,82,21,98,57,50,30,50,37,39,11,11,42,67,70,13,41,22,22,49,54,99,45,5,75,41
h-00-1975-cardinals-3.iff,113,cardinals,1975,1,2,Cardinals,Cornerback,CB,46,placeholder,87,86,9,81,16,82,61,82,90,12,80,8,12,10,42,16,16,39,44,70,17,49,92,1,75,5,82,47
h-00-1975-cardinals-3.iff,113,cardinals,1975,1,3,Cardinals,Cornerback,CB,27,placeholder,87,86,9,70,18,83,45,82,95,14,74,10,11,11,42,19,26,43,30,60,19,49,84,1,79,5,86,78
h-00-1975-cardinals-3.iff,113,cardinals,1975,1,4,Cardinals,Cornerback,CB,32,placeholder,83,81,12,55,16,97,49,92,77,6,60,4,13,11,41,18,20,30,40,51,19,49,28,1,44,5,55,43
h-00-1975-cardinals-3.iff,113,cardinals,1975,1,5,Cardinals,Cornerback,CB,22,placeholder,91,81,11,91,26,62,55,73,66,7,44,5,11,11,9,35,36,32,55,40,24,49,57,1,31,5,35,24
h-00-1975-cardinals-3.iff,113,cardinals,1975,1,6,Cardinals,Cornerback,CB,24,placeholder,86,90,9,49,15,86,43,81,63,9,66,6,11,10,18,9,13,35,52,52,17,49,25,1,43,5,51,24
h-00-1975-cardinals-3.iff,113,cardinals,1975,1,7,Cardinals,Cornerback,CB,23,placeholder,82,81,9,88,21,69,41,61,56,13,49,9,11,10,19,29,27,41,29,41,23,49,42,1,20,5,24,57
h-00-1975-cardinals-3.iff,113,cardinals,1975,1,8,Cardinals,Def End,DE,74,placeholder,80,74,10,60,19,79,69,59,49,17,77,26,11,10,23,23,24,20,79,76,20,49,64,99,50,5,71,72
h-00-1975-cardinals-3.iff,113,cardinals,1975,1,9,Cardinals,Def End,DE,71,placeholder,61,71,10,72,22,88,57,73,68,24,87,37,11,11,32,23,30,24,76,77,21,49,36,99,36,5,55,85
h-00-1975-cardinals-3.iff,113,cardinals,1975,1,10,Cardinals,Def End,DE,95,placeholder,61,69,11,73,24,50,75,58,21,18,79,32,11,10,28,33,28,16,73,76,23,49,62,99,63,5,27,24
h-00-1975-cardinals-3.iff,113,cardinals,1975,1,11,Cardinals,Def End,DE,67,placeholder,87,68,10,67,19,98,85,70,3,23,70,35,11,11,27,26,34,18,70,52,19,49,34,99,48,5,50,24
h-00-1975-cardinals-3.iff,113,cardinals,1975,1,12,Cardinals,Def End,DE,52,placeholder,59,57,10,43,25,61,77,60,21,25,59,28,10,10,28,40,34,2,44,47,24,49,29,99,25,5,41,24
h-00-1975-cardinals-3.iff,113,cardinals,1975,1,13,Cardinals,Def Tackle,DT,77,placeholder,53,64,11,68,26,53,67,63,24,23,91,34,11,10,30,37,30,10,65,83,26,49,35,99,56,5,83,65
h-00-1975-cardinals-3.iff,113,cardinals,1975,1,14,Cardinals,Def Tackle,DT,75,placeholder,50,63,11,57,22,85,77,64,18,14,77,31,11,11,24,29,26,22,78,78,20,49,62,99,63,5,72,74
h-00-1975-cardinals-3.iff,113,cardinals,1975,1,15,Cardinals,Def Tackle,DT,73,placeholder,61,66,11,60,23,89,75,52,21,22,73,29,10,11,26,33,29,4,71,82,23,49,80,99,48,5,41,88
h-00-1975-cardinals-3.iff,113,cardinals,1975,1,16,Cardinals,Def Tackle,DT,70,placeholder,58,75,10,60,15,80,77,58,20,19,75,34,11,11,23,23,27,20,80,76,19,49,29,99,32,5,35,76
h-00-1975-cardinals-3.iff,113,cardinals,1975,1,17,Cardinals,Def Tackle,DT,98,placeholder,45,60,10,63,15,71,73,58,18,23,63,32,11,11,22,23,30,16,55,60,17,49,34,99,35,5,50,24
h-00-1975-cardinals-3.iff,113,cardinals,1975,1,18,Cardinals,Full Back,FB,35,placeholder,84,76,16,97,24,92,47,67,15,70,10,41,14,14,88,83,80,95,7,9,26,49,65,99,72,5,28,24
h-00-1975-cardinals-3.iff,113,cardinals,1975,1,19,Cardinals,Full Back,FB,45,placeholder,82,70,16,79,16,92,63,58,11,29,6,59,13,13,44,49,55,72,10,14,15,49,36,99,28,5,19,9
h-00-1975-cardinals-3.iff,113,cardinals,1975,1,20,Cardinals,Safety,FS,42,placeholder,81,88,12,93,22,84,39,76,78,8,82,6,12,11,14,30,31,34,48,68,25,49,54,1,53,5,65,46
h-00-1975-cardinals-3.iff,113,cardinals,1975,1,21,Cardinals,Guard,G,66,placeholder,54,59,14,85,19,96,65,61,27,36,32,41,11,11,40,84,86,21,31,39,17,49,78,99,62,5,85,24
h-00-1975-cardinals-3.iff,113,cardinals,1975,1,22,Cardinals,Guard,G,65,placeholder,51,64,12,75,22,93,67,44,14,32,29,12,10,11,26,84,80,8,27,26,21,49,81,99,83,5,80,49
h-00-1975-cardinals-3.iff,113,cardinals,1975,1,23,Cardinals,Guard,G,63,placeholder,52,57,12,69,18,96,77,45,14,37,29,32,14,11,34,65,76,10,27,24,13,49,42,99,44,5,30,46
h-00-1975-cardinals-3.iff,113,cardinals,1975,1,24,Cardinals,Guard,G,76,placeholder,46,62,12,72,19,83,85,52,6,22,21,11,10,10,10,70,62,8,16,27,15,49,28,99,42,5,51,20
h-00-1975-cardinals-3.iff,113,cardinals,1975,1,25,Cardinals,Half Back,HB,21,placeholder,87,84,17,89,13,77,59,79,7,57,12,90,15,17,59,41,41,92,10,6,16,49,69,50,56,5,43,76
h-00-1975-cardinals-3.iff,113,cardinals,1975,1,26,Cardinals,Half Back,HB,33,placeholder,89,68,28,72,11,92,67,84,30,47,22,77,27,28,53,44,27,60,16,20,13,49,39,99,38,5,54,70
h-00-1975-cardinals-3.iff,113,cardinals,1975,1,27,Cardinals,Half Back,HB,34,placeholder,82,67,17,79,13,94,51,70,14,59,6,69,15,16,57,38,34,64,12,8,16,49,44,99,42,5,68,24
h-00-1975-cardinals-3.iff,113,cardinals,1975,1,28,Cardinals,Half Back,HB,26,placeholder,88,79,17,65,16,72,47,76,13,48,8,75,14,14,49,49,35,90,6,13,19,49,38,99,40,24,41,41
h-00-1975-cardinals-3.iff,113,cardinals,1975,1,29,Cardinals,Half Back,HB,20,placeholder,86,63,14,72,17,90,55,76,33,43,36,57,14,14,36,28,31,62,30,27,16,49,43,1,22,5,51,41
h-00-1975-cardinals-3.iff,113,cardinals,1975,1,30,Cardinals,Linebacker,ILB,62,placeholder,75,76,10,64,6,89,57,82,72,15,92,22,11,11,18,27,20,24,63,89,5,49,89,99,63,5,95,76
h-00-1975-cardinals-3.iff,113,cardinals,1975,1,31,Cardinals,Linebacker,ILB,56,placeholder,72,75,10,72,10,88,65,70,76,18,62,25,11,10,16,29,22,18,50,63,9,49,32,99,28,5,24,72
h-00-1975-cardinals-3.iff,113,cardinals,1975,1,32,Cardinals,Linebacker,ILB,58,placeholder,76,66,10,90,16,77,67,69,53,43,64,42,11,10,34,38,37,24,39,60,16,49,36,99,23,5,39,51
h-00-1975-cardinals-3.iff,113,cardinals,1975,1,33,Cardinals,Kicker,K,25,placeholder,37,43,11,39,83,88,30,40,16,17,40,16,11,12,19,27,20,36,12,12,72,99,15,50,53,5,41,20
h-00-1975-cardinals-3.iff,113,cardinals,1975,1,34,Cardinals,Linebacker,OLB,54,placeholder,80,77,10,99,15,79,61,59,76,23,88,31,11,10,30,34,28,28,77,83,16,49,92,99,52,5,81,83
h-00-1975-cardinals-3.iff,113,cardinals,1975,1,35,Cardinals,Linebacker,OLB,50,placeholder,74,72,10,85,14,84,71,67,76,18,86,31,11,11,23,34,26,34,72,78,13,49,87,99,69,5,77,77
h-00-1975-cardinals-3.iff,113,cardinals,1975,1,36,Cardinals,Linebacker,OLB,59,placeholder,65,76,10,77,6,82,47,76,56,21,76,33,10,11,14,24,16,25,62,61,5,49,33,99,26,5,44,48
h-00-1975-cardinals-3.iff,113,cardinals,1975,1,37,Cardinals,Punter,P,2,placeholder,45,49,21,55,80,89,34,42,26,25,39,18,23,24,27,23,19,32,23,14,67,1,41,50,61,5,95,24
h-00-1975-cardinals-3.iff,113,cardinals,1975,1,38,Cardinals,Punter,P,9,placeholder,40,47,22,43,76,81,38,39,13,13,20,14,23,23,10,18,16,34,9,12,62,1,1,50,67,5,48,24
h-00-1975-cardinals-3.iff,113,cardinals,1975,1,39,Cardinals,Quarterback,QB,17,placeholder,81,82,81,44,12,81,39,64,36,24,33,24,91,91,21,26,28,29,23,20,16,49,95,50,96,82,90,24
h-00-1975-cardinals-3.iff,113,cardinals,1975,1,40,Cardinals,Quarterback,QB,13,placeholder,53,57,80,29,16,50,38,48,33,27,32,46,76,68,25,20,20,28,35,31,16,49,50,50,53,23,40,24
h-00-1975-cardinals-3.iff,113,cardinals,1975,1,41,Cardinals,Safety,SS,48,placeholder,83,85,9,60,12,80,39,67,80,25,83,8,11,11,19,19,17,46,40,88,16,49,71,1,67,5,91,46
h-00-1975-cardinals-3.iff,113,cardinals,1975,1,42,Cardinals,Safety,SS,40,placeholder,89,95,11,88,19,81,51,82,61,8,51,6,11,11,3,29,29,34,63,47,19,49,52,1,31,5,35,24
h-00-1975-cardinals-3.iff,113,cardinals,1975,1,43,Cardinals,Tackle,T,72,placeholder,58,70,11,89,18,95,71,64,11,29,32,15,10,10,19,93,95,9,26,27,16,49,50,99,55,5,85,90
h-00-1975-cardinals-3.iff,113,cardinals,1975,1,44,Cardinals,Tackle,T,69,placeholder,43,52,11,72,7,90,62,67,23,27,28,34,11,16,32,80,83,21,15,22,11,49,46,99,58,5,75,24
h-00-1975-cardinals-3.iff,113,cardinals,1975,1,45,Cardinals,Tackle,T,53,placeholder,62,54,12,80,20,89,67,54,16,29,29,23,11,11,26,68,62,17,30,30,19,49,93,99,77,5,82,38
h-00-1975-cardinals-3.iff,113,cardinals,1975,1,46,Cardinals,Tight End,TE,88,placeholder,68,68,10,37,16,81,49,61,10,83,6,65,11,10,79,79,78,47,7,7,18,49,32,99,70,5,82,24
h-00-1975-cardinals-3.iff,113,cardinals,1975,1,47,Cardinals,Tight End,TE,83,placeholder,67,66,10,46,8,78,53,59,25,54,24,41,11,13,58,61,63,63,15,20,9,49,27,99,34,5,57,18
h-00-1975-cardinals-3.iff,113,cardinals,1975,1,48,Cardinals,Receiver,WR,84,placeholder,91,89,15,73,17,89,33,84,6,94,12,78,16,17,90,46,43,85,8,7,16,49,79,50,54,5,99,89
h-00-1975-cardinals-3.iff,113,cardinals,1975,1,49,Cardinals,Receiver,WR,87,placeholder,88,89,15,62,16,79,42,79,14,83,6,67,16,16,83,48,47,78,15,13,16,49,35,50,53,5,85,48
h-00-1975-cardinals-3.iff,113,cardinals,1975,1,50,Cardinals,Receiver,WR,89,placeholder,74,68,15,62,10,28,57,62,7,70,13,53,15,15,87,35,47,67,8,13,14,49,54,50,54,5,94,42
h-00-1975-cardinals-3.iff,113,cardinals,1975,1,51,Cardinals,Receiver,WR,30,placeholder,89,92,15,69,14,73,33,79,11,79,9,36,16,16,79,41,41,76,8,9,19,49,46,50,41,5,74,24
h-00-1975-cardinals-3.iff,113,cardinals,1975,1,52,Cardinals,Receiver,WR,81,placeholder,85,74,13,55,14,62,34,81,33,56,32,35,13,12,56,33,29,58,20,16,15,49,34,50,31,5,80,14
h-01-1980-falcons-6.iff,114,falcons,1980,0,0,Falcons,Center,C,52,placeholder,45,63,12,98,26,96,63,55,31,17,30,23,11,10,23,96,98,10,35,40,22,49,84,99,77,5,93,68
h-01-1980-falcons-6.iff,114,falcons,1980,0,1,Falcons,Center,C,62,placeholder,52,58,11,76,17,99,91,67,6,8,16,7,10,10,9,54,52,8,11,33,13,49,27,99,42,5,35,22
h-01-1980-falcons-6.iff,114,falcons,1980,0,2,Falcons,Cornerback,CB,32,placeholder,87,86,9,70,18,83,45,82,95,14,74,10,11,11,42,19,26,43,30,60,19,49,84,1,79,5,86,78
h-01-1980-falcons-6.iff,114,falcons,1980,0,3,Falcons,Cornerback,CB,27,placeholder,83,85,9,53,17,82,35,78,92,14,67,10,11,10,24,30,28,43,25,59,19,49,78,1,69,5,95,60
h-01-1980-falcons-6.iff,114,falcons,1980,0,4,Falcons,Cornerback,CB,29,placeholder,91,74,11,72,21,76,35,77,83,8,75,6,11,11,35,46,43,34,53,62,22,49,35,1,32,5,55,76
h-01-1980-falcons-6.iff,114,falcons,1980,0,5,Falcons,Cornerback,CB,28,placeholder,81,77,9,60,18,95,53,64,68,11,71,8,11,10,26,22,27,37,32,55,19,49,24,1,47,5,86,45
h-01-1980-falcons-6.iff,114,falcons,1980,0,6,Falcons,Cornerback,CB,23,placeholder,88,82,11,94,24,66,41,88,73,7,64,35,11,11,39,44,42,32,47,50,26,49,58,1,43,5,55,24
h-01-1980-falcons-6.iff,114,falcons,1980,0,7,Falcons,Cornerback,CB,31,placeholder,91,79,11,60,17,86,49,76,67,7,45,5,11,11,21,23,23,32,38,42,15,49,31,1,32,5,48,39
h-01-1980-falcons-6.iff,114,falcons,1980,0,8,Falcons,Def End,DE,70,placeholder,76,64,10,70,20,79,73,64,46,18,85,29,11,10,19,27,20,18,93,80,20,49,70,99,66,5,75,81
h-01-1980-falcons-6.iff,114,falcons,1980,0,9,Falcons,Def End,DE,75,placeholder,80,74,10,60,19,79,69,59,49,17,77,26,11,10,23,23,24,20,79,76,20,49,64,99,50,5,71,72
h-01-1980-falcons-6.iff,114,falcons,1980,0,10,Falcons,Def End,DE,77,placeholder,50,48,10,53,20,74,75,59,10,18,73,28,10,10,23,28,24,4,79,78,21,49,26,99,33,5,74,77
h-01-1980-falcons-6.iff,114,falcons,1980,0,11,Falcons,Def Tackle,DT,64,placeholder,72,60,11,63,22,75,71,61,20,18,98,31,11,10,20,23,22,10,97,90,21,49,92,99,65,5,98,99
h-01-1980-falcons-6.iff,114,falcons,1980,0,12,Falcons,Def Tackle,DT,72,placeholder,63,79,10,82,22,68,67,61,26,29,94,47,11,11,31,31,35,39,79,90,23,49,44,99,46,5,75,79
h-01-1980-falcons-6.iff,114,falcons,1980,0,13,Falcons,Def Tackle,DT,74,placeholder,59,56,10,63,22,73,67,56,50,19,88,28,11,10,27,35,27,22,75,84,23,49,48,99,64,5,56,58
h-01-1980-falcons-6.iff,114,falcons,1980,0,14,Falcons,Def Tackle,DT,66,placeholder,61,66,11,60,23,89,75,52,21,22,73,29,10,11,26,33,29,4,71,82,23,49,80,99,48,5,41,88
h-01-1980-falcons-6.iff,114,falcons,1980,0,15,Falcons,Def Tackle,DT,91,placeholder,64,67,11,58,11,78,61,38,10,23,64,31,11,11,18,21,27,10,51,58,13,49,33,99,34,5,50,24
h-01-1980-falcons-6.iff,114,falcons,1980,0,16,Falcons,Full Back,FB,38,placeholder,83,82,18,92,22,95,82,70,6,68,5,93,14,16,70,79,79,86,10,14,21,49,74,99,75,5,99,99
h-01-1980-falcons-6.iff,114,falcons,1980,0,17,Falcons,Full Back,FB,40,placeholder,82,70,16,79,16,92,63,58,11,29,6,59,13,13,44,49,55,72,10,14,15,49,36,99,28,5,19,9
h-01-1980-falcons-6.iff,114,falcons,1980,0,18,Falcons,Safety,FS,33,placeholder,82,72,9,92,19,76,57,73,90,12,97,8,11,10,7,22,22,39,59,97,22,49,79,1,74,5,96,57
h-01-1980-falcons-6.iff,114,falcons,1980,0,19,Falcons,Safety,FS,26,placeholder,87,81,10,66,17,65,39,62,80,12,76,8,11,10,14,24,20,39,33,65,19,49,26,1,45,5,70,80
h-01-1980-falcons-6.iff,114,falcons,1980,0,20,Falcons,Guard,G,61,placeholder,32,61,12,83,22,94,79,58,13,29,26,15,10,10,21,82,87,8,24,28,19,49,80,99,74,5,45,39
h-01-1980-falcons-6.iff,114,falcons,1980,0,21,Falcons,Guard,G,73,placeholder,53,48,14,72,19,96,67,58,26,40,29,41,11,11,39,81,83,14,26,26,20,49,49,99,58,5,65,44
h-01-1980-falcons-6.iff,114,falcons,1980,0,22,Falcons,Guard,G,65,placeholder,42,66,14,85,22,94,71,45,33,41,32,49,11,11,48,70,70,20,41,32,21,49,54,99,48,5,38,24
h-01-1980-falcons-6.iff,114,falcons,1980,0,23,Falcons,Guard,G,76,placeholder,47,56,12,75,19,80,75,55,7,28,26,5,10,10,13,57,53,2,19,26,14,49,27,99,31,5,28,48
h-01-1980-falcons-6.iff,114,falcons,1980,0,24,Falcons,Half Back,HB,21,placeholder,86,80,22,92,16,93,51,73,14,65,11,84,25,22,65,41,45,81,14,6,18,49,61,99,60,5,75,73
h-01-1980-falcons-6.iff,114,falcons,1980,0,25,Falcons,Half Back,HB,39,placeholder,80,76,23,82,13,96,73,95,12,32,6,86,19,20,52,61,59,86,8,6,12,49,43,50,45,5,42,68
h-01-1980-falcons-6.iff,114,falcons,1980,0,26,Falcons,Half Back,HB,24,placeholder,83,68,15,67,16,90,71,79,11,31,6,61,13,13,61,48,50,75,10,14,15,49,36,50,39,5,36,9
h-01-1980-falcons-6.iff,114,falcons,1980,0,27,Falcons,Half Back,HB,36,placeholder,93,77,28,41,13,93,65,74,12,49,14,45,20,21,55,30,24,76,11,10,16,49,68,50,48,5,38,64
h-01-1980-falcons-6.iff,114,falcons,1980,0,28,Falcons,Linebacker,ILB,50,placeholder,78,83,10,72,7,89,59,76,72,24,80,25,10,10,16,30,21,16,58,72,8,49,37,99,53,5,95,48
h-01-1980-falcons-6.iff,114,falcons,1980,0,29,Falcons,Linebacker,ILB,58,placeholder,77,76,10,79,11,87,65,68,74,21,82,25,11,10,19,30,23,16,71,76,11,49,28,99,44,5,65,74
h-01-1980-falcons-6.iff,114,falcons,1980,0,30,Falcons,Linebacker,ILB,57,placeholder,75,87,13,67,16,77,83,70,60,22,71,30,11,11,24,23,26,10,58,65,15,49,31,99,45,5,47,24
h-01-1980-falcons-6.iff,114,falcons,1980,0,31,Falcons,Linebacker,ILB,67,placeholder,74,86,10,78,4,79,59,70,55,15,60,34,11,11,16,23,20,24,60,66,4,49,32,99,35,5,41,24
h-01-1980-falcons-6.iff,114,falcons,1980,0,32,Falcons,Linebacker,ILB,59,placeholder,67,64,10,79,9,81,75,61,49,13,61,33,11,11,21,27,22,28,64,60,5,49,61,99,28,5,45,24
h-01-1980-falcons-6.iff,114,falcons,1980,0,33,Falcons,Kicker,K,6,placeholder,35,46,11,53,94,90,37,44,30,32,42,32,14,11,42,38,33,28,41,36,97,99,32,50,80,5,64,41
h-01-1980-falcons-6.iff,114,falcons,1980,0,34,Falcons,Linebacker,OLB,56,placeholder,69,80,10,97,15,88,55,76,77,19,91,32,11,10,30,31,25,32,88,93,14,49,86,99,71,5,93,70
h-01-1980-falcons-6.iff,114,falcons,1980,0,35,Falcons,Linebacker,OLB,51,placeholder,81,83,10,81,9,57,51,79,76,20,75,24,11,10,20,28,19,20,52,74,10,49,32,99,45,5,89,73
h-01-1980-falcons-6.iff,114,falcons,1980,0,36,Falcons,Linebacker,OLB,55,placeholder,59,68,10,93,13,69,77,72,76,18,80,30,11,10,30,33,27,36,74,80,14,49,39,99,54,5,51,54
h-01-1980-falcons-6.iff,114,falcons,1980,0,37,Falcons,Linebacker,OLB,54,placeholder,79,79,10,77,6,83,65,81,56,19,66,33,11,11,13,22,17,22,61,69,4,49,33,99,24,5,22,66
h-01-1980-falcons-6.iff,114,falcons,1980,0,38,Falcons,Linebacker,OLB,53,placeholder,79,78,10,76,7,82,59,73,75,15,63,24,11,11,14,22,18,30,65,61,7,49,44,99,26,5,61,76
h-01-1980-falcons-6.iff,114,falcons,1980,0,39,Falcons,Punter,P,4,placeholder,45,46,20,48,94,95,35,37,23,27,41,18,23,24,15,20,16,16,22,12,89,1,32,50,90,5,92,23
h-01-1980-falcons-6.iff,114,falcons,1980,0,40,Falcons,Quarterback,QB,19,placeholder,66,64,93,50,9,84,43,56,26,21,31,22,93,96,21,30,28,29,20,22,13,49,92,50,78,30,85,24
h-01-1980-falcons-6.iff,114,falcons,1980,0,41,Falcons,Quarterback,QB,14,placeholder,81,91,92,28,23,45,18,73,14,29,29,51,65,60,28,13,10,28,11,5,21,49,75,50,55,67,33,24
h-01-1980-falcons-6.iff,114,falcons,1980,0,42,Falcons,Safety,SS,22,placeholder,84,84,10,91,16,47,61,68,72,30,79,8,11,11,14,22,18,47,55,77,19,49,77,1,59,5,93,79
h-01-1980-falcons-6.iff,114,falcons,1980,0,43,Falcons,Tackle,T,71,placeholder,44,48,11,83,19,95,69,41,15,31,36,19,10,11,26,95,99,13,30,28,18,49,88,99,85,5,95,48
h-01-1980-falcons-6.iff,114,falcons,1980,0,44,Falcons,Tackle,T,63,placeholder,43,56,11,86,19,94,69,41,15,29,29,20,10,10,26,92,92,13,30,28,18,49,80,99,69,5,76,49
h-01-1980-falcons-6.iff,114,falcons,1980,0,45,Falcons,Tackle,T,68,placeholder,55,50,12,80,10,70,65,39,9,41,32,43,13,11,30,56,69,22,30,32,13,49,44,99,31,5,8,8
h-01-1980-falcons-6.iff,114,falcons,1980,0,46,Falcons,Tight End,TE,80,placeholder,77,88,24,79,14,86,45,68,10,96,14,90,26,24,92,82,83,78,15,8,18,49,81,99,66,5,77,76
h-01-1980-falcons-6.iff,114,falcons,1980,0,47,Falcons,Tight End,TE,82,placeholder,64,71,10,46,8,76,55,67,9,52,12,32,11,12,77,73,75,65,14,14,11,49,31,99,37,5,29,23
h-01-1980-falcons-6.iff,114,falcons,1980,0,48,Falcons,Receiver,WR,89,placeholder,87,82,15,65,11,83,47,73,5,94,7,57,16,16,90,41,38,80,9,12,15,49,68,50,72,5,99,47
h-01-1980-falcons-6.iff,114,falcons,1980,0,49,Falcons,Receiver,WR,85,placeholder,84,83,15,74,12,58,47,67,14,83,10,60,16,15,84,47,46,78,15,10,16,49,58,50,61,5,95,55
h-01-1980-falcons-6.iff,114,falcons,1980,0,50,Falcons,Receiver,WR,84,placeholder,95,88,17,59,14,95,37,85,6,82,7,46,15,16,83,34,23,67,12,14,15,49,38,50,35,5,73,81
h-01-1980-falcons-6.iff,114,falcons,1980,0,51,Falcons,Receiver,WR,83,placeholder,90,88,22,59,14,86,29,87,6,57,7,25,25,24,70,45,39,67,12,14,15,49,38,50,34,5,90,52
h-01-1980-falcons-6.iff,114,falcons,1980,0,52,Falcons,Receiver,WR,13,placeholder,89,92,15,69,14,73,33,79,11,79,9,36,16,16,79,41,41,76,8,9,19,49,46,50,41,5,74,24
h-01-1998-falcons-1.iff,115,falcons,1998,0,0,Robbie,Tobeck,C,61,real_name_in_supplied_data,84,51,12,93,23,95,71,42,25,14,26,19,10,10,18,79,79,10,26,40,20,49,48,99,72,5,61,41
h-01-1998-falcons-1.iff,115,falcons,1998,0,1,Falcons,Center,C,65,placeholder,57,65,12,62,16,92,93,65,25,19,23,32,14,11,29,60,57,9,24,37,13,49,41,99,44,5,36,43
h-01-1998-falcons-1.iff,115,falcons,1998,0,2,Ray,Buchanan,CB,34,real_name_in_supplied_data,89,89,9,77,16,77,39,75,86,12,74,8,11,11,26,16,16,39,38,62,19,49,62,1,57,5,65,88
h-01-1998-falcons-1.iff,115,falcons,1998,0,3,Falcons,Cornerback,CB,26,placeholder,75,83,9,55,16,73,39,68,89,12,79,8,11,10,47,23,25,39,40,70,19,49,64,1,54,5,90,77
h-01-1998-falcons-1.iff,115,falcons,1998,0,4,Falcons,Cornerback,CB,29,placeholder,88,80,9,55,16,84,47,72,77,10,57,7,11,10,14,10,15,37,29,53,19,49,22,1,45,5,75,60
h-01-1998-falcons-1.iff,115,falcons,1998,0,5,Falcons,Cornerback,CB,20,placeholder,91,74,11,72,21,76,35,77,83,8,75,6,11,11,35,46,43,34,53,62,22,49,35,1,32,5,55,76
h-01-1998-falcons-1.iff,115,falcons,1998,0,6,Falcons,Cornerback,CB,21,placeholder,91,84,9,60,17,67,57,81,63,11,59,40,11,10,30,11,19,50,37,50,19,49,17,1,39,5,65,55
h-01-1998-falcons-1.iff,115,falcons,1998,0,7,Falcons,Cornerback,CB,23,placeholder,90,91,11,94,24,61,49,82,67,7,35,35,11,11,39,44,42,32,47,31,26,49,58,1,35,5,34,24
h-01-1998-falcons-1.iff,115,falcons,1998,0,8,Juran,Bolden,CB,43,real_name_in_supplied_data,86,81,13,86,16,78,45,81,64,10,76,6,13,11,39,27,28,43,46,60,19,49,42,1,29,5,34,56
h-01-1998-falcons-1.iff,115,falcons,1998,0,9,Falcons,Def End,DE,97,placeholder,91,88,11,60,15,79,51,82,41,25,90,33,13,11,22,21,26,12,94,83,17,49,69,99,50,5,79,85
h-01-1998-falcons-1.iff,115,falcons,1998,0,10,Falcons,Def End,DE,93,placeholder,68,75,10,60,15,86,61,78,62,19,86,34,11,11,23,27,27,20,90,78,19,49,29,99,54,5,74,64
h-01-1998-falcons-1.iff,115,falcons,1998,0,11,Falcons,Def End,DE,91,placeholder,61,69,11,73,24,50,75,58,21,18,79,32,11,10,28,33,28,16,73,76,23,49,62,99,63,5,27,24
h-01-1998-falcons-1.iff,115,falcons,1998,0,12,Falcons,Def End,DE,99,placeholder,66,77,10,67,19,80,71,55,58,23,72,35,11,11,27,26,34,18,71,64,19,49,34,99,42,5,29,24
h-01-1998-falcons-1.iff,115,falcons,1998,0,13,Falcons,Def Tackle,DT,75,placeholder,50,63,11,57,22,85,77,64,18,14,77,31,11,11,24,29,26,22,78,78,20,49,62,99,63,5,72,74
h-01-1998-falcons-1.iff,115,falcons,1998,0,14,Travis,Hall,DT,98,real_name_in_supplied_data,64,62,11,41,24,87,75,58,24,24,84,29,10,11,30,37,30,4,47,81,24,49,42,99,59,5,69,69
h-01-1998-falcons-1.iff,115,falcons,1998,0,15,Falcons,Def Tackle,DT,95,placeholder,43,58,11,44,22,88,61,45,20,20,73,28,10,10,23,32,25,2,61,77,21,49,28,99,25,5,69,74
h-01-1998-falcons-1.iff,115,falcons,1998,0,16,Falcons,Full Back,FB,45,placeholder,84,76,16,97,24,92,47,67,15,70,10,41,14,14,88,83,80,95,7,9,26,49,65,99,72,5,28,24
h-01-1998-falcons-1.iff,115,falcons,1998,0,17,Falcons,Full Back,FB,27,placeholder,77,82,16,82,19,84,59,55,9,58,9,58,14,15,59,75,74,78,13,6,20,49,57,99,56,5,24,73
h-01-1998-falcons-1.iff,115,falcons,1998,0,18,Falcons,Safety,FS,48,placeholder,84,85,10,93,20,87,41,70,77,13,80,9,11,10,26,22,24,40,44,72,23,49,50,1,58,5,63,68
h-01-1998-falcons-1.iff,115,falcons,1998,0,19,Falcons,Safety,FS,47,placeholder,84,78,8,94,24,80,53,73,66,10,61,7,10,10,31,29,35,37,40,50,26,49,48,1,48,5,33,56
h-01-1998-falcons-1.iff,115,falcons,1998,0,20,Falcons,Guard,G,63,placeholder,39,48,12,76,24,96,58,39,14,33,29,16,10,10,24,80,84,7,28,27,22,49,38,99,60,5,88,24
h-01-1998-falcons-1.iff,115,falcons,1998,0,21,Falcons,Guard,G,69,placeholder,50,51,12,71,19,94,63,48,6,24,22,9,10,10,10,76,87,8,16,27,15,49,69,99,56,5,49,42
h-01-1998-falcons-1.iff,115,falcons,1998,0,22,Falcons,Guard,G,62,placeholder,34,59,10,76,19,82,65,52,29,44,32,41,11,14,40,66,69,10,32,23,19,49,51,99,48,5,44,2
h-01-1998-falcons-1.iff,115,falcons,1998,0,23,Falcons,Half Back,HB,37,placeholder,90,76,23,92,13,89,55,90,12,76,6,87,19,20,79,32,30,94,8,6,12,49,43,50,57,5,60,71
h-01-1998-falcons-1.iff,115,falcons,1998,0,24,Falcons,Half Back,HB,28,placeholder,87,81,17,65,16,78,69,79,13,31,8,81,14,14,59,62,61,96,6,13,19,49,38,99,48,5,17,40
h-01-1998-falcons-1.iff,115,falcons,1998,0,25,Falcons,Half Back,HB,44,placeholder,91,76,15,67,16,68,73,85,11,53,6,61,13,13,62,39,20,72,10,14,15,49,36,50,40,24,41,24
h-01-1998-falcons-1.iff,115,falcons,1998,0,26,Falcons,Linebacker,ILB,51,placeholder,82,85,10,78,9,80,67,68,76,18,97,24,11,10,19,28,23,20,77,92,8,49,38,99,62,5,85,70
h-01-1998-falcons-1.iff,115,falcons,1998,0,27,Falcons,Linebacker,ILB,57,placeholder,78,74,10,93,13,43,55,58,75,23,69,28,11,10,20,32,27,30,69,79,13,49,81,99,51,5,84,72
h-01-1998-falcons-1.iff,115,falcons,1998,0,28,Falcons,Linebacker,ILB,50,placeholder,76,76,10,69,9,72,65,64,76,23,74,24,10,10,16,24,20,12,75,78,11,49,26,99,45,5,62,63
h-01-1998-falcons-1.iff,115,falcons,1998,0,29,Falcons,Linebacker,ILB,54,placeholder,67,64,10,79,9,81,75,61,49,13,61,33,11,11,21,27,22,28,64,60,5,49,61,99,28,5,45,24
h-01-1998-falcons-1.iff,115,falcons,1998,0,30,Morten,Andersen,K,5,real_name_in_supplied_data,36,41,11,99,98,99,33,34,19,18,23,17,11,13,19,27,20,38,15,12,97,99,59,50,98,5,99,23
h-01-1998-falcons-1.iff,115,falcons,1998,0,31,Henri,Crockett,OLB,94,real_name_in_supplied_data,67,78,10,90,13,88,59,72,78,26,76,35,11,11,20,60,30,20,68,82,13,49,47,99,48,5,70,50
h-01-1998-falcons-1.iff,115,falcons,1998,0,32,Falcons,Linebacker,OLB,92,placeholder,59,68,10,93,13,69,77,72,76,18,80,30,11,10,30,33,27,36,74,80,14,49,39,99,54,5,51,54
h-01-1998-falcons-1.iff,115,falcons,1998,0,33,Keith,Brooking,OLB,56,real_name_in_supplied_data,85,72,10,63,20,55,69,75,53,18,60,28,11,10,24,23,25,24,74,69,21,49,50,99,51,5,58,63
h-01-1998-falcons-1.iff,115,falcons,1998,0,34,Falcons,Punter,P,6,placeholder,45,49,21,55,80,89,34,42,26,25,39,18,23,24,27,23,19,32,23,14,67,1,41,50,61,5,95,24
h-01-1998-falcons-1.iff,115,falcons,1998,0,35,Chris,Chandler,QB,12,real_name_in_supplied_data,63,73,88,50,11,85,39,48,31,30,29,18,79,84,46,27,26,70,22,20,14,49,71,50,79,67,60,24
h-01-1998-falcons-1.iff,115,falcons,1998,0,36,Falcons,Quarterback,QB,17,placeholder,76,77,70,13,11,89,26,56,26,22,27,33,69,68,12,10,12,28,20,26,13,49,40,50,56,55,51,24
h-01-1998-falcons-1.iff,115,falcons,1998,0,37,Falcons,Quarterback,QB,7,placeholder,57,67,62,41,16,73,35,48,31,28,41,46,72,65,35,27,30,28,19,41,18,49,56,50,64,66,50,24
h-01-1998-falcons-1.iff,115,falcons,1998,0,38,Falcons,Safety,SS,33,placeholder,88,77,10,72,14,39,59,70,85,40,80,10,11,11,17,26,20,49,55,76,17,49,75,1,69,5,92,80
h-01-1998-falcons-1.iff,115,falcons,1998,0,39,Falcons,Safety,SS,24,placeholder,87,82,9,74,20,80,37,82,64,11,71,8,11,10,17,29,26,37,38,71,21,49,44,1,48,5,86,63
h-01-1998-falcons-1.iff,115,falcons,1998,0,40,Falcons,Safety,SS,22,placeholder,84,86,8,99,28,75,51,85,64,20,76,7,10,10,50,38,43,44,61,69,29,49,50,1,34,5,58,58
h-01-1998-falcons-1.iff,115,falcons,1998,0,41,Bob,Whitfield,T,70,real_name_in_supplied_data,54,71,12,89,20,96,61,58,16,31,34,23,11,11,23,81,91,13,30,30,19,49,65,99,79,5,95,43
h-01-1998-falcons-1.iff,115,falcons,1998,0,42,Falcons,Tackle,T,74,placeholder,44,67,12,75,14,97,71,55,24,41,30,43,11,11,38,74,82,14,27,26,16,49,51,99,52,5,71,41
h-01-1998-falcons-1.iff,115,falcons,1998,0,43,Falcons,Tackle,T,73,placeholder,53,56,11,73,9,64,53,45,23,26,29,32,11,15,24,62,49,21,15,22,9,49,46,99,22,5,65,46
h-01-1998-falcons-1.iff,115,falcons,1998,0,44,O. J.,Santiago,TE,88,real_name_in_supplied_data,77,53,14,45,8,87,63,84,11,50,5,52,14,14,61,71,76,62,5,8,11,49,29,99,29,5,19,80
h-01-1998-falcons-1.iff,115,falcons,1998,0,45,Brian,Kozlowski,TE,85,real_name_in_supplied_data,66,72,10,34,11,89,51,62,33,59,29,57,11,11,53,76,76,70,18,24,13,49,27,99,49,5,54,24
h-01-1998-falcons-1.iff,115,falcons,1998,0,46,Falcons,Tight End,TE,84,placeholder,82,70,11,44,18,79,45,84,15,36,39,36,10,11,32,75,79,50,31,26,17,49,46,99,32,5,40,18
h-01-1998-falcons-1.iff,115,falcons,1998,0,47,Falcons,Receiver,WR,86,placeholder,87,82,15,65,11,83,47,73,5,94,7,57,16,16,90,41,38,80,9,12,15,49,68,50,72,5,99,47
h-01-1998-falcons-1.iff,115,falcons,1998,0,48,Falcons,Receiver,WR,80,placeholder,87,84,15,55,9,72,38,84,12,77,13,39,15,15,82,23,37,55,6,7,13,49,49,50,72,5,80,24
h-01-1998-falcons-1.iff,115,falcons,1998,0,49,Tim,Dwight,WR,83,real_name_in_supplied_data,82,87,17,55,7,64,38,59,9,83,12,62,15,15,80,21,29,76,11,5,11,49,48,50,52,5,97,45
h-01-1998-falcons-1.iff,115,falcons,1998,0,50,Falcons,Receiver,WR,87,placeholder,83,87,15,27,5,80,37,72,5,76,13,34,14,14,79,46,44,60,10,8,11,49,54,50,35,5,93,78
h-01-1998-falcons-1.iff,115,falcons,1998,0,51,Falcons,Receiver,WR,89,placeholder,83,86,15,44,9,81,37,68,6,77,14,45,16,16,75,19,28,74,11,14,13,49,49,50,70,5,96,45
h-01-1998-falcons-1.iff,115,falcons,1998,0,52,Falcons,Receiver,WR,82,placeholder,71,82,15,48,7,79,29,78,31,79,30,29,13,15,79,62,51,66,14,16,13,49,31,50,20,5,97,67
h-02-2000-ravens-0.iff,116,ravens,2000,0,0,Jeff,Mitchell,C,60,real_name_in_supplied_data,53,55,11,79,18,95,85,50,12,13,26,5,10,10,17,76,74,8,20,30,14,49,32,99,61,5,53,48
h-02-2000-ravens-0.iff,116,ravens,2000,0,1,Duane,Starks,CB,22,real_name_in_supplied_data,91,92,9,77,18,50,31,82,88,10,78,7,11,10,33,14,19,37,33,65,22,49,79,1,53,5,85,80
h-02-2000-ravens-0.iff,116,ravens,2000,0,2,Chris,Mcalister,CB,21,real_name_in_supplied_data,91,90,11,83,19,74,43,82,91,10,79,7,11,11,18,43,48,60,54,73,20,49,80,1,50,5,75,95
h-02-2000-ravens-0.iff,116,ravens,2000,0,3,Anthony,Mitchell,CB,42,real_name_in_supplied_data,85,91,11,75,19,85,33,81,86,8,69,6,11,11,35,34,39,34,24,71,21,49,36,1,40,5,60,52
h-02-2000-ravens-0.iff,116,ravens,2000,0,4,Ravens,Cornerback,CB,46,placeholder,87,92,9,88,21,83,43,73,61,13,49,9,11,10,19,29,27,41,29,51,23,49,42,1,21,5,28,57
h-02-2000-ravens-0.iff,116,ravens,2000,0,5,Ravens,Def End,DE,90,placeholder,77,76,11,78,21,34,69,64,49,16,90,31,11,11,22,23,24,24,90,84,21,49,80,99,73,5,81,74
h-02-2000-ravens-0.iff,116,ravens,2000,0,6,Ravens,Def End,DE,99,placeholder,67,66,10,60,21,64,71,64,31,18,71,28,11,11,26,30,26,28,80,63,22,49,54,99,66,5,60,78
h-02-2000-ravens-0.iff,116,ravens,2000,0,7,Adalius,Thomas,DE,96,real_name_in_supplied_data,85,71,11,63,16,88,57,84,13,24,75,31,13,11,22,26,28,10,75,72,17,49,34,99,44,5,60,46
h-02-2000-ravens-0.iff,116,ravens,2000,0,8,Keith,Washington,DE,93,real_name_in_supplied_data,65,72,10,47,15,84,55,68,37,11,65,24,11,10,8,13,10,20,72,58,14,49,48,99,29,5,44,78
h-02-2000-ravens-0.iff,116,ravens,2000,0,9,Ravens,Def End,DE,91,placeholder,66,77,10,67,19,80,71,55,58,23,72,35,11,11,27,26,34,18,71,64,19,49,34,99,42,5,29,24
h-02-2000-ravens-0.iff,116,ravens,2000,0,10,Sam,Adams,DT,95,real_name_in_supplied_data,68,72,11,85,28,77,65,55,28,27,82,33,10,11,34,39,34,12,62,79,28,49,67,99,73,5,66,70
h-02-2000-ravens-0.iff,116,ravens,2000,0,11,Ravens,Def Tackle,DT,98,placeholder,57,63,11,65,24,72,51,56,28,21,85,31,11,10,28,35,27,12,69,87,23,49,41,99,62,5,95,74
h-02-2000-ravens-0.iff,116,ravens,2000,0,12,Ravens,Def Tackle,DT,54,placeholder,54,52,10,61,16,74,61,45,11,21,66,31,11,11,24,19,23,18,59,73,16,49,29,99,27,5,64,44
h-02-2000-ravens-0.iff,116,ravens,2000,0,13,Priest,Holmes,FB,33,real_name_in_supplied_data,80,79,18,98,23,84,61,76,7,60,5,43,15,16,75,69,51,73,5,7,24,49,74,99,54,5,54,56
h-02-2000-ravens-0.iff,116,ravens,2000,0,14,Kim,Herring,FS,20,real_name_in_supplied_data,82,86,9,90,23,87,41,64,77,11,82,8,11,10,26,35,30,37,36,74,24,49,45,1,55,5,88,67
h-02-2000-ravens-0.iff,116,ravens,2000,0,15,Ravens,Safety,FS,36,placeholder,80,92,11,94,24,74,45,70,52,7,69,5,11,11,39,44,42,33,44,61,26,49,58,1,31,5,33,24
h-02-2000-ravens-0.iff,116,ravens,2000,0,16,Edwin,Mulitalo,G,64,real_name_in_supplied_data,37,48,14,80,17,98,75,38,26,40,27,38,11,11,32,85,83,9,32,30,16,49,46,99,66,5,51,54
h-02-2000-ravens-0.iff,116,ravens,2000,0,17,Ravens,Guard,G,67,placeholder,39,48,12,76,24,96,58,39,14,33,29,16,10,10,24,80,84,7,28,27,22,49,38,99,60,5,88,24
h-02-2000-ravens-0.iff,116,ravens,2000,0,18,Ravens,Guard,G,72,placeholder,52,57,12,69,18,96,77,45,14,37,29,32,14,11,34,65,76,10,27,24,13,49,42,99,44,5,30,46
h-02-2000-ravens-0.iff,116,ravens,2000,0,19,Ravens,Guard,G,77,placeholder,41,44,11,50,22,96,73,58,11,30,23,16,10,10,13,70,63,1,23,28,19,49,37,99,47,5,45,14
h-02-2000-ravens-0.iff,116,ravens,2000,0,20,Jamal,Lewis,HB,31,real_name_in_supplied_data,92,68,23,89,16,77,51,72,5,66,8,85,19,20,57,28,30,74,12,5,15,49,46,99,58,5,70,47
h-02-2000-ravens-0.iff,116,ravens,2000,0,21,Ravens,Half Back,HB,23,placeholder,90,79,17,70,11,93,41,73,13,66,8,87,14,16,66,31,30,79,9,7,12,49,41,50,43,5,72,82
h-02-2000-ravens-0.iff,116,ravens,2000,0,22,Obafemi,Ayanbadejo,HB,30,real_name_in_supplied_data,83,74,15,63,13,94,55,88,34,49,28,69,15,14,54,32,39,81,20,19,16,49,38,50,38,5,60,69
h-02-2000-ravens-0.iff,116,ravens,2000,0,23,Sam,Gash,HB,32,real_name_in_supplied_data,90,79,17,77,17,92,53,64,15,24,10,63,15,16,63,30,28,92,8,8,18,49,44,1,31,5,62,56
h-02-2000-ravens-0.iff,116,ravens,2000,0,24,Ray,Lewis,ILB,52,real_name_in_supplied_data,74,86,10,98,11,34,69,68,85,19,99,29,11,10,27,27,22,26,91,99,11,49,92,99,66,5,90,90
h-02-2000-ravens-0.iff,116,ravens,2000,0,25,Ravens,Linebacker,ILB,53,placeholder,63,79,10,98,11,75,70,54,86,21,99,28,11,10,43,25,20,22,81,99,11,49,96,99,63,5,99,74
h-02-2000-ravens-0.iff,116,ravens,2000,0,26,Cornell,Brown,ILB,51,real_name_in_supplied_data,78,83,10,72,7,89,59,76,72,24,80,25,10,10,16,30,21,16,58,72,8,49,37,99,53,5,95,48
h-02-2000-ravens-0.iff,116,ravens,2000,0,27,Matt,Stover,K,3,real_name_in_supplied_data,39,48,10,39,86,85,34,45,24,28,40,18,11,13,27,29,23,34,23,14,90,99,46,50,80,5,83,24
h-02-2000-ravens-0.iff,116,ravens,2000,0,28,Jamie,Sharper,OLB,55,real_name_in_supplied_data,86,78,10,91,14,97,59,79,76,19,94,36,11,11,28,35,29,28,78,93,11,49,79,99,49,5,83,99
h-02-2000-ravens-0.iff,116,ravens,2000,0,29,Peter,Boulware,OLB,58,real_name_in_supplied_data,73,81,10,92,13,87,53,70,76,17,86,31,11,10,34,32,25,32,89,84,13,49,90,99,53,5,86,88
h-02-2000-ravens-0.iff,116,ravens,2000,0,30,Ravens,Linebacker,OLB,59,placeholder,76,75,10,83,10,80,69,64,74,18,73,25,11,10,19,30,26,24,74,75,10,49,29,99,38,5,75,92
h-02-2000-ravens-0.iff,116,ravens,2000,0,31,Ravens,Linebacker,OLB,57,placeholder,92,86,10,79,9,82,67,73,74,13,64,33,11,11,21,27,22,28,60,68,5,49,61,99,45,5,40,24
h-02-2000-ravens-0.iff,116,ravens,2000,0,32,Kyle,Richardson,P,5,real_name_in_supplied_data,35,44,19,49,91,84,34,42,19,23,34,17,20,25,21,23,19,34,18,8,80,1,49,50,75,5,57,23
h-02-2000-ravens-0.iff,116,ravens,2000,0,33,Trent,Dilfer,QB,8,real_name_in_supplied_data,62,47,74,43,8,30,39,43,27,18,27,17,72,72,12,27,24,26,15,22,11,49,86,50,77,15,78,24
h-02-2000-ravens-0.iff,116,ravens,2000,0,34,Chris,Redman,QB,7,real_name_in_supplied_data,73,53,74,37,14,60,26,47,30,26,38,45,68,76,30,24,28,28,15,41,16,49,70,50,70,47,67,24
h-02-2000-ravens-0.iff,116,ravens,2000,0,35,Tony,Banks,QB,12,real_name_in_supplied_data,63,64,58,16,2,87,25,53,19,13,16,1,68,57,1,14,17,27,4,18,7,49,61,50,64,69,90,24
h-02-2000-ravens-0.iff,116,ravens,2000,0,36,Rod,Woodson,SS,26,real_name_in_supplied_data,75,77,10,84,50,73,59,73,90,40,99,10,11,11,42,24,23,48,67,97,17,99,85,1,75,5,93,68
h-02-2000-ravens-0.iff,116,ravens,2000,0,37,Corey,Harris,SS,45,real_name_in_supplied_data,83,79,9,60,12,78,47,72,69,35,71,38,11,11,30,18,16,50,60,69,16,49,42,1,49,5,32,70
h-02-2000-ravens-0.iff,116,ravens,2000,0,38,Jonathan,Ogden,T,75,real_name_in_supplied_data,53,67,11,92,19,95,79,61,13,28,29,18,10,10,28,94,96,14,28,28,18,49,74,99,75,5,64,56
h-02-2000-ravens-0.iff,116,ravens,2000,0,39,Ravens,Tackle,T,79,placeholder,44,67,12,75,14,97,71,55,24,41,30,43,11,11,38,74,82,14,27,26,16,49,51,99,52,5,71,41
h-02-2000-ravens-0.iff,116,ravens,2000,0,40,Ravens,Tackle,T,63,placeholder,48,63,11,87,16,86,77,73,13,28,24,16,10,11,21,72,72,11,26,27,15,49,50,99,51,5,38,14
h-02-2000-ravens-0.iff,116,ravens,2000,0,41,Ravens,Tackle,T,74,placeholder,36,40,12,79,19,81,77,45,10,27,27,20,10,10,23,70,71,11,27,30,17,49,46,99,63,5,85,11
h-02-2000-ravens-0.iff,116,ravens,2000,0,42,Shannon,Sharpe,TE,82,real_name_in_supplied_data,78,79,11,99,17,99,53,73,14,90,14,80,12,12,89,56,60,78,15,7,19,49,77,99,89,5,99,99
h-02-2000-ravens-0.iff,116,ravens,2000,0,43,Ravens,Tight End,TE,88,placeholder,73,77,10,39,4,85,55,55,19,78,16,74,11,13,84,64,67,59,11,20,4,49,24,99,57,5,58,13
h-02-2000-ravens-0.iff,116,ravens,2000,0,44,Ravens,Tight End,TE,81,placeholder,66,76,10,44,7,87,59,61,8,79,14,44,11,11,73,77,75,74,7,7,11,49,53,99,63,5,33,24
h-02-2000-ravens-0.iff,116,ravens,2000,0,45,John,Jones,TE,85,real_name_in_supplied_data,82,70,11,44,18,79,45,84,15,36,39,36,10,11,32,75,79,50,31,26,17,49,46,99,32,5,40,18
h-02-2000-ravens-0.iff,116,ravens,2000,0,46,Ravens,Tight End,TE,49,placeholder,77,77,10,59,13,69,55,64,14,68,10,47,11,11,73,73,76,76,13,15,15,49,52,99,61,5,25,24
h-02-2000-ravens-0.iff,116,ravens,2000,0,47,Ravens,Receiver,WR,87,placeholder,93,86,13,28,7,82,47,99,15,85,11,66,14,14,80,27,34,76,5,10,12,49,68,50,54,5,92,42
h-02-2000-ravens-0.iff,116,ravens,2000,0,48,Travis,Taylor,WR,89,real_name_in_supplied_data,88,89,15,62,16,79,42,79,14,83,6,67,16,16,83,48,47,78,15,13,16,49,35,50,53,5,85,48
h-02-2000-ravens-0.iff,116,ravens,2000,0,49,Ravens,Receiver,WR,86,placeholder,86,74,13,44,9,77,42,68,5,79,12,62,14,14,77,34,38,46,10,13,13,49,28,50,63,5,97,47
h-02-2000-ravens-0.iff,116,ravens,2000,0,50,Brandon,Stokley,WR,80,real_name_in_supplied_data,85,89,17,65,18,40,29,75,6,61,13,40,14,14,76,59,48,59,15,9,19,49,47,50,38,5,87,46
h-02-2000-ravens-0.iff,116,ravens,2000,0,51,Jermaine,Lewis,WR,84,real_name_in_supplied_data,89,76,13,67,13,70,37,68,12,66,12,52,15,15,69,25,35,65,7,13,17,49,56,50,40,5,90,80
h-02-2000-ravens-0.iff,116,ravens,2000,0,52,Pat,Johnson,WR,83,real_name_in_supplied_data,90,85,13,39,10,47,32,83,10,69,11,41,14,14,62,32,35,62,8,10,15,49,28,50,35,5,81,46
h-03-1964-bills-7.iff,117,bills,1964,0,0,Bills,Center,C,56,placeholder,50,70,14,71,18,94,69,70,14,37,29,32,14,11,34,80,72,10,27,24,13,49,42,99,51,5,65,46
h-03-1964-bills-7.iff,117,bills,1964,0,1,Bills,Center,C,60,placeholder,52,58,11,76,17,99,91,67,6,8,16,7,10,10,9,54,52,8,11,33,13,49,27,99,42,5,35,22
h-03-1964-bills-7.iff,117,bills,1964,0,2,Bills,Cornerback,CB,42,placeholder,83,88,9,55,16,87,45,64,89,10,76,7,11,10,39,14,18,37,38,65,16,49,79,1,63,5,90,56
h-03-1964-bills-7.iff,117,bills,1964,0,3,Bills,Cornerback,CB,24,placeholder,75,83,9,55,16,73,39,68,89,12,79,8,11,10,47,23,25,39,40,70,19,49,64,1,54,5,90,77
h-03-1964-bills-7.iff,117,bills,1964,0,4,Bills,Cornerback,CB,46,placeholder,85,91,11,75,19,85,33,81,86,8,69,6,11,11,35,34,39,34,24,71,21,49,36,1,40,5,60,52
h-03-1964-bills-7.iff,117,bills,1964,0,5,Bills,Cornerback,CB,44,placeholder,87,92,12,72,16,86,37,75,73,10,74,38,12,11,27,33,29,50,42,67,19,49,32,1,41,5,60,51
h-03-1964-bills-7.iff,117,bills,1964,0,6,Bills,Cornerback,CB,25,placeholder,87,92,9,88,21,83,43,73,61,13,49,9,11,10,19,29,27,41,29,51,23,49,42,1,21,5,28,57
h-03-1964-bills-7.iff,117,bills,1964,0,7,Bills,Cornerback,CB,27,placeholder,82,81,9,88,21,69,41,61,56,13,49,9,11,10,19,29,27,41,29,41,23,49,42,1,20,5,24,57
h-03-1964-bills-7.iff,117,bills,1964,0,8,Bills,Def End,DE,77,placeholder,78,88,10,79,19,76,58,64,51,14,95,28,11,10,24,19,26,28,98,88,20,49,97,99,65,5,83,80
h-03-1964-bills-7.iff,117,bills,1964,0,9,Bills,Def End,DE,89,placeholder,80,74,10,60,19,79,69,59,49,17,77,26,11,10,23,23,24,20,79,76,20,49,64,99,50,5,71,72
h-03-1964-bills-7.iff,117,bills,1964,0,10,Bills,Def End,DE,91,placeholder,55,63,11,49,23,31,85,59,11,19,72,28,10,10,32,37,34,10,78,66,23,49,60,99,47,5,58,73
h-03-1964-bills-7.iff,117,bills,1964,0,11,Bills,Def End,DE,97,placeholder,77,67,11,60,19,83,59,75,37,28,72,31,13,11,26,26,25,16,74,72,19,49,30,99,45,5,58,48
h-03-1964-bills-7.iff,117,bills,1964,0,12,Bills,Def End,DE,86,placeholder,59,57,10,43,25,61,77,60,21,25,59,28,10,10,28,40,34,2,44,47,24,49,29,99,25,5,41,24
h-03-1964-bills-7.iff,117,bills,1964,0,13,Bills,Def Tackle,DT,79,placeholder,81,75,11,61,21,83,67,69,34,16,89,28,10,10,22,32,23,14,41,89,19,49,77,99,56,5,79,89
h-03-1964-bills-7.iff,117,bills,1964,0,14,Bills,Def Tackle,DT,71,placeholder,62,65,11,64,23,39,79,62,26,18,93,31,10,10,30,35,31,18,70,87,23,49,71,99,51,5,56,83
h-03-1964-bills-7.iff,117,bills,1964,0,15,Bills,Def Tackle,DT,74,placeholder,58,60,11,50,22,75,91,56,18,20,75,28,10,10,23,32,24,2,36,84,22,49,20,99,37,5,51,79
h-03-1964-bills-7.iff,117,bills,1964,0,16,Bills,Def Tackle,DT,75,placeholder,70,75,10,60,15,81,59,64,20,19,75,34,11,11,23,23,27,20,74,68,19,49,29,99,46,5,55,24
h-03-1964-bills-7.iff,117,bills,1964,0,17,Bills,Full Back,FB,2,placeholder,80,79,18,98,23,84,61,76,7,60,5,43,15,16,75,69,51,73,5,7,24,49,74,99,54,5,54,56
h-03-1964-bills-7.iff,117,bills,1964,0,18,Bills,Safety,FS,26,placeholder,78,79,9,88,18,81,43,62,86,13,80,9,11,11,22,23,20,40,29,80,20,49,92,1,68,5,95,70
h-03-1964-bills-7.iff,117,bills,1964,0,19,Bills,Safety,FS,40,placeholder,88,86,9,34,16,86,49,68,79,12,64,8,10,10,17,29,26,6,25,59,14,49,22,1,31,5,24,76
h-03-1964-bills-7.iff,117,bills,1964,0,20,Bills,Guard,G,63,placeholder,58,51,12,75,14,95,67,62,24,41,30,43,11,11,38,86,78,14,27,26,16,49,51,99,59,5,49,43
h-03-1964-bills-7.iff,117,bills,1964,0,21,Bills,Guard,G,50,placeholder,39,48,12,76,24,96,58,39,14,33,29,16,10,10,24,80,84,7,28,27,22,49,38,99,60,5,88,24
h-03-1964-bills-7.iff,117,bills,1964,0,22,Bills,Guard,G,62,placeholder,41,44,11,50,22,96,73,58,11,30,23,16,10,10,13,70,63,1,23,28,19,49,37,99,47,5,45,14
h-03-1964-bills-7.iff,117,bills,1964,0,23,Bills,Half Back,HB,29,placeholder,90,79,17,70,11,93,41,73,13,66,8,87,14,16,66,31,30,79,9,7,12,49,41,50,43,5,72,82
h-03-1964-bills-7.iff,117,bills,1964,0,24,Bills,Half Back,HB,47,placeholder,83,86,15,70,11,91,49,75,11,72,11,82,14,15,75,36,24,52,10,10,15,49,69,50,58,5,62,78
h-03-1964-bills-7.iff,117,bills,1964,0,25,Bills,Half Back,HB,43,placeholder,83,74,15,63,13,94,55,88,34,49,28,69,15,14,54,32,39,81,20,19,16,49,38,50,38,5,60,69
h-03-1964-bills-7.iff,117,bills,1964,0,26,Bills,Half Back,HB,30,placeholder,90,79,17,77,17,92,53,64,15,24,10,63,15,16,63,30,28,92,8,8,18,49,44,1,31,5,62,56
h-03-1964-bills-7.iff,117,bills,1964,0,27,Bills,Linebacker,ILB,51,placeholder,63,79,10,98,11,75,70,54,86,21,99,28,11,10,43,25,20,22,81,99,11,49,96,99,63,5,99,74
h-03-1964-bills-7.iff,117,bills,1964,0,28,Bills,Linebacker,ILB,52,placeholder,73,75,10,84,9,85,69,67,70,23,76,35,11,11,26,27,21,22,73,70,7,49,39,99,42,5,70,66
h-03-1964-bills-7.iff,117,bills,1964,0,29,Bills,Linebacker,ILB,54,placeholder,70,82,11,70,11,97,59,87,69,19,79,32,10,11,14,19,11,29,68,74,11,49,27,99,35,5,60,76
h-03-1964-bills-7.iff,117,bills,1964,0,30,Bills,Linebacker,ILB,59,placeholder,71,72,10,74,2,74,63,58,60,18,58,33,11,11,6,21,16,10,55,57,2,49,33,99,26,5,31,24
h-03-1964-bills-7.iff,117,bills,1964,0,31,Bills,Kicker,K,3,placeholder,39,45,11,30,86,90,32,38,17,22,27,15,11,12,13,19,14,29,12,12,89,99,54,50,59,5,71,22
h-03-1964-bills-7.iff,117,bills,1964,0,32,Bills,Linebacker,OLB,65,placeholder,72,82,10,87,13,88,63,58,70,19,83,29,11,10,28,31,25,32,63,84,13,49,77,99,36,5,79,74
h-03-1964-bills-7.iff,117,bills,1964,0,33,Bills,Linebacker,OLB,58,placeholder,59,68,10,93,13,69,77,72,76,18,80,30,11,10,30,33,27,36,74,80,14,49,39,99,54,5,51,54
h-03-1964-bills-7.iff,117,bills,1964,0,34,Bills,Linebacker,OLB,57,placeholder,67,75,10,99,29,83,77,67,44,50,68,50,11,10,47,50,43,24,51,60,29,49,61,99,21,5,28,51
h-03-1964-bills-7.iff,117,bills,1964,0,35,Bills,Linebacker,OLB,55,placeholder,85,72,10,63,20,55,69,75,53,18,60,28,11,10,24,23,25,24,74,69,21,49,50,99,51,5,58,63
h-03-1964-bills-7.iff,117,bills,1964,0,36,Bills,Punter,P,8,placeholder,43,43,25,35,68,89,32,36,13,12,27,13,26,25,6,13,5,39,7,11,71,1,22,50,79,5,84,24
h-03-1964-bills-7.iff,117,bills,1964,0,37,Bills,Quarterback,QB,14,placeholder,84,77,86,38,19,84,41,75,39,33,41,46,78,79,35,24,24,30,38,27,22,49,83,50,80,80,70,24
h-03-1964-bills-7.iff,117,bills,1964,0,38,Bills,Quarterback,QB,17,placeholder,75,74,79,19,11,77,39,67,39,28,50,53,71,56,39,23,24,28,31,47,13,49,66,50,60,69,14,24
h-03-1964-bills-7.iff,117,bills,1964,0,39,Bills,Quarterback,QB,1,placeholder,53,57,80,29,16,50,38,48,33,27,32,46,76,68,25,20,20,28,35,31,16,49,50,50,53,23,40,24
h-03-1964-bills-7.iff,117,bills,1964,0,40,Bills,Safety,SS,23,placeholder,83,85,9,60,12,80,39,67,80,25,83,8,11,11,19,19,17,46,40,88,16,49,71,1,67,5,91,46
h-03-1964-bills-7.iff,117,bills,1964,0,41,Bills,Safety,SS,41,placeholder,89,95,11,88,19,81,51,82,61,8,51,6,11,11,3,29,29,34,63,47,19,49,52,1,31,5,35,24
h-03-1964-bills-7.iff,117,bills,1964,0,42,Bills,Tackle,T,72,placeholder,31,46,12,86,23,97,75,44,13,30,30,18,10,10,23,89,80,8,27,28,21,49,78,99,60,5,85,41
h-03-1964-bills-7.iff,117,bills,1964,0,43,Bills,Tackle,T,70,placeholder,48,58,11,82,16,97,77,50,24,32,32,47,11,17,43,77,77,19,23,23,16,49,55,99,52,5,48,39
h-03-1964-bills-7.iff,117,bills,1964,0,44,Bills,Tackle,T,76,placeholder,36,40,12,79,19,81,77,45,10,27,27,20,10,10,23,70,71,11,27,30,17,49,46,99,63,5,85,11
h-03-1964-bills-7.iff,117,bills,1964,0,45,Bills,Tight End,TE,84,placeholder,77,88,24,79,14,86,45,68,10,89,14,90,26,24,87,82,83,78,15,8,18,49,81,99,66,5,77,76
h-03-1964-bills-7.iff,117,bills,1964,0,46,Bills,Tight End,TE,85,placeholder,67,66,10,46,8,78,53,59,25,54,24,41,11,13,58,61,63,63,15,20,9,49,27,99,34,5,57,18
h-03-1964-bills-7.iff,117,bills,1964,0,47,Bills,Tight End,TE,87,placeholder,76,78,10,30,4,81,67,67,14,36,13,31,11,11,27,64,67,58,11,24,7,49,23,99,24,5,24,23
h-03-1964-bills-7.iff,117,bills,1964,0,48,Bills,Receiver,WR,22,placeholder,84,83,15,74,12,58,47,67,14,83,10,60,16,15,84,47,46,78,15,10,16,49,58,50,61,5,95,55
h-03-1964-bills-7.iff,117,bills,1964,0,49,Bills,Receiver,WR,45,placeholder,86,81,15,60,11,77,37,85,8,83,15,57,16,16,87,40,40,60,12,12,15,49,73,50,70,5,98,47
h-03-1964-bills-7.iff,117,bills,1964,0,50,Bills,Receiver,WR,49,placeholder,80,72,15,60,11,80,38,67,13,85,15,41,16,16,88,17,45,75,8,6,16,49,79,50,74,5,97,54
h-03-1964-bills-7.iff,117,bills,1964,0,51,Bills,Receiver,WR,88,placeholder,86,81,13,58,10,80,37,72,10,70,7,43,14,14,73,34,35,64,14,6,13,49,23,50,40,5,96,24
h-03-1964-bills-7.iff,117,bills,1964,0,52,Bills,Receiver,WR,80,placeholder,83,91,12,28,8,74,46,73,35,63,23,19,14,14,65,25,29,64,14,18,13,49,25,50,20,5,72,57
h-03-1990-bills-2.iff,118,bills,1990,1,0,Bills,Center,C,62,placeholder,45,63,12,98,26,96,63,55,31,17,30,23,11,10,23,97,99,10,35,40,22,49,84,99,77,5,93,68
h-03-1990-bills-2.iff,118,bills,1990,1,1,Bills,Center,C,66,placeholder,57,44,12,70,13,59,61,34,23,28,18,31,11,11,24,49,43,16,14,28,9,49,41,99,31,5,49,43
h-03-1990-bills-2.iff,118,bills,1990,1,2,Bills,Cornerback,CB,47,placeholder,89,86,9,77,20,69,45,84,96,10,61,7,11,10,39,30,33,37,39,56,22,49,66,1,65,5,89,60
h-03-1990-bills-2.iff,118,bills,1990,1,3,Bills,Cornerback,CB,32,placeholder,83,90,9,89,16,77,35,78,95,12,78,8,12,10,47,14,18,39,28,77,20,49,88,1,59,5,90,80
h-03-1990-bills-2.iff,118,bills,1990,1,4,Bills,Cornerback,CB,38,placeholder,92,99,11,71,19,72,39,92,80,19,44,39,11,11,48,34,39,51,29,36,21,49,36,1,45,5,55,42
h-03-1990-bills-2.iff,118,bills,1990,1,5,Bills,Cornerback,CB,20,placeholder,85,91,11,75,19,85,33,81,86,8,69,6,11,11,35,34,39,34,24,71,21,49,36,1,40,5,60,52
h-03-1990-bills-2.iff,118,bills,1990,1,6,Bills,Cornerback,CB,23,placeholder,82,89,9,83,19,88,39,82,72,11,70,8,11,10,23,18,22,37,35,54,23,49,20,1,41,5,79,60
h-03-1990-bills-2.iff,118,bills,1990,1,7,Bills,Cornerback,CB,25,placeholder,87,92,9,88,21,83,43,73,61,13,49,9,11,10,19,29,27,41,29,51,23,49,42,1,21,5,28,57
h-03-1990-bills-2.iff,118,bills,1990,1,8,Bills,Def End,DE,71,placeholder,72,72,10,99,19,99,73,70,47,15,88,28,11,11,20,23,22,30,99,88,19,49,88,99,89,5,99,24
h-03-1990-bills-2.iff,118,bills,1990,1,9,Bills,Def End,DE,93,placeholder,80,74,10,60,19,79,69,59,49,17,77,26,11,10,23,23,24,20,79,76,20,49,64,99,50,5,71,72
h-03-1990-bills-2.iff,118,bills,1990,1,10,Bills,Def End,DE,95,placeholder,67,66,10,60,21,64,71,64,31,18,71,28,11,11,26,30,26,28,80,63,22,49,54,99,66,5,60,78
h-03-1990-bills-2.iff,118,bills,1990,1,11,Bills,Def End,DE,97,placeholder,66,77,10,67,19,80,71,55,58,23,72,35,11,11,27,26,34,18,71,64,19,49,34,99,42,5,29,24
h-03-1990-bills-2.iff,118,bills,1990,1,12,Bills,Def Tackle,DT,91,placeholder,81,75,11,61,21,83,67,69,34,16,89,28,10,10,22,32,23,14,41,89,19,49,77,99,56,5,79,89
h-03-1990-bills-2.iff,118,bills,1990,1,13,Bills,Def Tackle,DT,98,placeholder,58,60,11,50,22,75,91,56,18,20,75,28,10,10,23,32,24,2,36,84,22,49,20,99,37,5,51,79
h-03-1990-bills-2.iff,118,bills,1990,1,14,Bills,Def Tackle,DT,73,placeholder,54,52,10,61,16,74,61,45,11,21,66,31,11,11,24,19,23,18,59,73,16,49,29,99,27,5,64,44
h-03-1990-bills-2.iff,118,bills,1990,1,15,Bills,Full Back,FB,48,placeholder,79,80,16,99,26,93,47,78,9,52,18,88,14,14,62,79,47,72,13,17,27,49,49,99,54,5,83,53
h-03-1990-bills-2.iff,118,bills,1990,1,16,Bills,Safety,FS,43,placeholder,78,79,9,88,18,81,43,62,86,13,80,9,11,11,22,23,20,40,29,80,20,49,92,1,68,5,95,70
h-03-1990-bills-2.iff,118,bills,1990,1,17,Bills,Safety,FS,36,placeholder,89,95,11,66,20,86,45,85,65,8,54,6,11,11,34,34,35,34,44,50,21,49,36,1,37,5,23,42
h-03-1990-bills-2.iff,118,bills,1990,1,18,Bills,Safety,FS,27,placeholder,80,92,11,94,24,74,45,70,52,7,69,5,11,11,39,44,42,33,44,61,26,49,58,1,31,5,33,24
h-03-1990-bills-2.iff,118,bills,1990,1,19,Bills,Guard,G,58,placeholder,48,62,11,99,25,97,61,50,34,20,29,20,10,10,23,87,81,7,37,37,23,49,58,99,70,5,95,49
h-03-1990-bills-2.iff,118,bills,1990,1,20,Bills,Guard,G,50,placeholder,39,48,12,76,24,96,58,39,14,33,29,16,10,10,24,80,84,7,28,27,22,49,38,99,60,5,88,24
h-03-1990-bills-2.iff,118,bills,1990,1,21,Bills,Guard,G,70,placeholder,41,44,11,50,22,96,73,58,11,30,23,16,10,10,13,70,63,1,23,28,19,49,37,99,47,5,45,14
h-03-1990-bills-2.iff,118,bills,1990,1,22,Bills,Half Back,HB,35,placeholder,88,99,37,99,14,99,80,78,15,83,15,95,39,38,83,54,59,99,9,8,18,49,99,30,99,20,99,1
h-03-1990-bills-2.iff,118,bills,1990,1,23,Bills,Half Back,HB,26,placeholder,90,72,24,90,14,82,37,78,15,86,15,89,22,24,87,38,51,89,9,8,18,49,84,1,66,5,58,73
h-03-1990-bills-2.iff,118,bills,1990,1,24,Bills,Half Back,HB,34,placeholder,83,75,16,72,16,71,49,61,10,59,14,70,13,13,60,46,46,70,6,12,14,49,34,99,29,5,62,79
h-03-1990-bills-2.iff,118,bills,1990,1,25,Bills,Half Back,HB,30,placeholder,83,74,15,63,13,94,55,88,34,49,28,69,15,14,54,32,39,81,20,19,16,49,38,50,38,5,60,69
h-03-1990-bills-2.iff,118,bills,1990,1,26,Bills,Half Back,HB,28,placeholder,90,79,17,77,17,92,53,64,15,24,10,63,15,16,63,30,28,92,8,8,18,49,44,1,31,5,62,56
h-03-1990-bills-2.iff,118,bills,1990,1,27,Bills,Half Back,HB,24,placeholder,88,79,17,65,16,72,47,76,13,48,8,75,14,14,49,49,35,90,6,13,19,49,38,99,40,24,41,41
h-03-1990-bills-2.iff,118,bills,1990,1,28,Bills,Linebacker,ILB,53,placeholder,63,79,10,98,11,75,70,54,86,21,99,28,11,10,43,25,20,22,81,99,11,49,96,99,63,5,99,74
h-03-1990-bills-2.iff,118,bills,1990,1,29,Bills,Linebacker,ILB,59,placeholder,75,76,10,64,6,89,57,82,72,15,92,22,11,11,18,27,20,24,63,89,5,49,89,99,63,5,95,76
h-03-1990-bills-2.iff,118,bills,1990,1,30,Bills,Linebacker,ILB,56,placeholder,75,71,10,85,8,93,85,64,76,15,81,28,11,11,18,23,18,34,72,76,9,49,84,99,72,5,74,79
h-03-1990-bills-2.iff,118,bills,1990,1,31,Bills,Kicker,K,18,placeholder,39,45,11,30,86,90,32,38,17,22,27,15,11,12,13,19,14,29,12,12,89,99,54,50,59,5,71,22
h-03-1990-bills-2.iff,118,bills,1990,1,32,Bills,Linebacker,OLB,51,placeholder,80,86,10,99,11,99,90,70,85,20,99,28,11,10,26,27,21,26,95,89,11,49,99,27,90,5,99,99
h-03-1990-bills-2.iff,118,bills,1990,1,33,Bills,Linebacker,OLB,92,placeholder,69,80,10,97,15,88,55,76,77,19,91,32,11,10,30,31,25,32,88,93,14,49,86,99,71,5,93,70
h-03-1990-bills-2.iff,118,bills,1990,1,34,Bills,Linebacker,OLB,54,placeholder,78,87,10,85,11,87,61,68,71,23,81,34,11,11,16,20,20,12,53,79,8,49,38,99,37,5,63,56
h-03-1990-bills-2.iff,118,bills,1990,1,35,Bills,Punter,P,19,placeholder,43,43,25,35,68,89,32,36,13,12,27,13,26,25,6,13,5,39,7,11,71,1,22,50,79,5,84,24
h-03-1990-bills-2.iff,118,bills,1990,1,36,Bills,Quarterback,QB,12,placeholder,66,64,93,50,9,84,43,56,26,21,31,22,93,96,21,30,28,29,20,22,13,49,92,50,78,30,85,24
h-03-1990-bills-2.iff,118,bills,1990,1,37,Bills,Quarterback,QB,15,placeholder,63,73,88,50,11,85,39,48,31,30,29,18,79,84,46,27,26,70,22,20,14,49,71,50,79,67,60,24
h-03-1990-bills-2.iff,118,bills,1990,1,38,Bills,Quarterback,QB,7,placeholder,73,66,60,16,10,86,22,56,33,26,32,32,68,64,23,32,29,28,23,19,14,49,45,50,67,16,31,24
h-03-1990-bills-2.iff,118,bills,1990,1,39,Bills,Safety,SS,31,placeholder,88,77,10,72,14,39,59,70,85,40,80,10,11,11,17,26,20,49,55,76,17,49,75,1,69,5,92,80
h-03-1990-bills-2.iff,118,bills,1990,1,40,Bills,Safety,SS,40,placeholder,75,85,10,70,11,79,57,67,60,35,78,9,11,10,11,19,16,49,70,72,14,49,64,1,43,5,86,81
h-03-1990-bills-2.iff,118,bills,1990,1,41,Bills,Safety,SS,22,placeholder,84,86,8,99,28,75,51,85,64,20,76,7,10,10,50,38,43,44,61,69,29,49,50,1,34,5,58,58
h-03-1990-bills-2.iff,118,bills,1990,1,42,Bills,Tackle,T,75,placeholder,43,56,11,86,19,94,69,41,15,29,29,20,10,10,26,94,93,13,30,28,18,49,80,99,69,5,76,49
h-03-1990-bills-2.iff,118,bills,1990,1,43,Bills,Tackle,T,76,placeholder,48,58,11,82,16,97,77,50,24,32,32,47,11,17,43,77,77,19,23,23,16,49,55,99,52,5,48,39
h-03-1990-bills-2.iff,118,bills,1990,1,44,Bills,Tackle,T,74,placeholder,36,40,12,79,19,81,77,45,10,27,27,20,10,10,23,70,71,11,27,30,17,49,46,99,63,5,85,11
h-03-1990-bills-2.iff,118,bills,1990,1,45,Bills,Tight End,TE,85,placeholder,73,77,10,39,4,85,55,55,19,78,16,74,11,13,84,64,67,59,11,20,4,49,24,99,57,5,58,13
h-03-1990-bills-2.iff,118,bills,1990,1,46,Bills,Tight End,TE,81,placeholder,66,76,10,44,7,87,59,61,8,79,14,44,11,11,73,77,75,74,7,7,11,49,53,99,63,5,33,24
h-03-1990-bills-2.iff,118,bills,1990,1,47,Bills,Tight End,TE,82,placeholder,77,77,10,59,13,69,55,64,14,68,10,47,11,11,73,73,76,76,13,15,15,49,52,99,61,5,25,24
h-03-1990-bills-2.iff,118,bills,1990,1,48,Bills,Receiver,WR,86,placeholder,81,78,15,77,14,68,68,67,6,96,15,91,16,16,89,53,53,90,11,5,18,49,44,99,35,5,73,99
h-03-1990-bills-2.iff,118,bills,1990,1,49,Bills,Receiver,WR,83,placeholder,93,86,13,28,7,82,47,99,15,85,11,66,14,14,80,27,34,76,5,10,12,49,68,50,54,5,92,42
h-03-1990-bills-2.iff,118,bills,1990,1,50,Bills,Receiver,WR,87,placeholder,80,81,15,59,14,63,37,64,6,77,15,59,16,17,77,54,53,80,15,7,18,49,80,50,86,5,91,51
h-03-1990-bills-2.iff,118,bills,1990,1,51,Bills,Receiver,WR,89,placeholder,81,90,15,76,12,75,40,65,13,78,14,73,16,16,83,36,38,49,13,11,17,49,75,50,66,5,99,24
h-03-1990-bills-2.iff,118,bills,1990,1,52,Bills,Receiver,WR,84,placeholder,86,81,13,58,10,80,37,72,10,70,7,43,14,14,73,34,35,64,14,6,13,49,23,50,40,5,96,24
h-04-1996-panthers-1.iff,119,panthers,1996,0,0,Panthers,Center,C,64,placeholder,41,59,11,95,23,94,77,52,28,17,26,16,10,10,20,72,70,8,30,37,20,49,86,99,64,5,60,48
h-04-1996-panthers-1.iff,119,panthers,1996,0,1,Frank,Garcia,C,65,real_name_in_supplied_data,52,57,11,85,20,95,67,45,15,13,22,9,10,10,17,64,69,9,22,30,17,49,80,99,56,5,72,41
h-04-1996-panthers-1.iff,119,panthers,1996,0,2,Panthers,Center,C,66,placeholder,43,61,11,83,21,87,67,65,37,41,32,38,14,11,41,61,60,9,41,37,17,49,51,99,28,5,46,62
h-04-1996-panthers-1.iff,119,panthers,1996,0,3,Panthers,Cornerback,CB,24,placeholder,83,88,9,55,16,87,45,64,89,10,76,7,11,10,39,14,18,37,38,65,16,49,79,1,63,5,90,56
h-04-1996-panthers-1.iff,119,panthers,1996,0,4,Tyrone,Poole,CB,38,real_name_in_supplied_data,75,83,9,55,16,73,39,68,89,12,79,8,11,10,47,23,25,39,40,70,19,49,64,1,54,5,90,77
h-04-1996-panthers-1.iff,119,panthers,1996,0,5,Panthers,Cornerback,CB,48,placeholder,89,82,9,77,19,85,43,84,73,12,67,38,11,10,27,24,26,50,40,56,22,49,32,1,49,5,77,68
h-04-1996-panthers-1.iff,119,panthers,1996,0,6,Panthers,Cornerback,CB,29,placeholder,87,89,9,75,16,79,39,81,71,14,79,10,12,11,20,13,17,43,38,67,19,49,45,1,69,5,67,52
h-04-1996-panthers-1.iff,119,panthers,1996,0,7,Panthers,Cornerback,CB,31,placeholder,88,82,11,94,24,66,41,88,73,7,64,35,11,11,39,44,42,32,47,50,26,49,58,1,43,5,55,24
h-04-1996-panthers-1.iff,119,panthers,1996,0,8,Panthers,Def End,DE,69,placeholder,91,88,11,60,15,79,51,82,41,25,90,33,13,11,22,21,26,12,94,83,17,49,69,99,50,5,79,85
h-04-1996-panthers-1.iff,119,panthers,1996,0,9,Panthers,Def End,DE,96,placeholder,83,78,10,58,23,77,55,79,39,18,85,23,11,11,19,28,20,14,92,78,24,49,69,99,50,5,64,82
h-04-1996-panthers-1.iff,119,panthers,1996,0,10,Panthers,Def End,DE,90,placeholder,80,74,10,60,19,79,69,59,49,17,77,26,11,10,23,23,24,20,79,76,20,49,64,99,50,5,71,72
h-04-1996-panthers-1.iff,119,panthers,1996,0,11,Panthers,Def End,DE,93,placeholder,65,62,11,49,12,38,67,88,10,19,89,27,13,11,14,18,20,10,83,82,13,49,26,99,40,5,50,46
h-04-1996-panthers-1.iff,119,panthers,1996,0,12,Panthers,Def Tackle,DT,78,placeholder,50,63,11,57,22,85,77,64,18,14,77,31,11,11,24,29,26,22,78,78,20,49,62,99,63,5,72,74
h-04-1996-panthers-1.iff,119,panthers,1996,0,13,Panthers,Def Tackle,DT,98,placeholder,63,68,11,63,15,89,73,56,54,28,82,33,13,11,20,25,29,22,74,79,17,49,31,99,42,5,60,66
h-04-1996-panthers-1.iff,119,panthers,1996,0,14,Panthers,Def Tackle,DT,99,placeholder,59,69,10,76,22,89,63,58,24,25,81,33,11,11,31,24,33,14,74,80,19,49,70,99,36,5,65,80
h-04-1996-panthers-1.iff,119,panthers,1996,0,15,Panthers,Def Tackle,DT,92,placeholder,65,79,11,72,22,84,75,59,20,18,71,31,11,10,19,25,20,10,70,82,21,49,72,99,49,5,20,63
h-04-1996-panthers-1.iff,119,panthers,1996,0,16,Panthers,Full Back,FB,20,placeholder,59,64,16,70,19,72,51,52,44,55,30,35,14,14,56,90,78,81,37,35,20,49,43,99,59,5,90,37
h-04-1996-panthers-1.iff,119,panthers,1996,0,17,Panthers,Full Back,FB,46,placeholder,82,74,18,72,7,64,63,72,8,51,13,52,14,14,60,57,47,69,8,10,11,49,37,99,42,5,36,14
h-04-1996-panthers-1.iff,119,panthers,1996,0,18,Panthers,Safety,FS,39,placeholder,82,86,9,90,23,87,41,64,77,11,82,8,11,10,26,35,30,37,36,74,24,49,45,1,55,5,88,67
h-04-1996-panthers-1.iff,119,panthers,1996,0,19,Panthers,Safety,FS,26,placeholder,82,92,12,71,14,68,59,76,65,8,56,6,12,11,5,16,13,34,43,48,14,49,42,1,30,5,32,74
h-04-1996-panthers-1.iff,119,panthers,1996,0,20,Panthers,Safety,FS,32,placeholder,81,64,9,71,18,85,63,80,65,9,44,6,10,10,11,22,19,36,23,36,19,49,38,1,34,5,23,24
h-04-1996-panthers-1.iff,119,panthers,1996,0,21,Panthers,Guard,G,57,placeholder,42,60,12,87,25,96,73,48,16,31,33,22,10,10,24,87,85,9,30,28,23,49,80,99,81,5,84,24
h-04-1996-panthers-1.iff,119,panthers,1996,0,22,Panthers,Guard,G,75,placeholder,50,51,12,71,19,94,63,48,6,24,22,9,10,10,10,76,87,8,16,27,15,49,69,99,56,5,49,42
h-04-1996-panthers-1.iff,119,panthers,1996,0,23,Panthers,Guard,G,62,placeholder,41,42,11,90,17,98,69,39,13,28,26,18,10,10,17,57,61,11,24,28,16,49,47,99,49,5,81,39
h-04-1996-panthers-1.iff,119,panthers,1996,0,24,Panthers,Guard,G,63,placeholder,48,62,12,73,23,98,57,52,14,35,32,14,10,10,31,70,72,4,30,27,23,49,39,99,42,5,73,49
h-04-1996-panthers-1.iff,119,panthers,1996,0,25,Panthers,Half Back,HB,23,placeholder,90,79,17,70,11,93,41,73,13,66,8,87,14,16,66,31,30,79,9,7,12,49,41,50,43,5,72,82
h-04-1996-panthers-1.iff,119,panthers,1996,0,26,Panthers,Half Back,HB,27,placeholder,83,86,15,70,11,91,49,75,11,72,11,82,14,15,75,36,24,52,10,10,15,49,69,50,58,5,70,78
h-04-1996-panthers-1.iff,119,panthers,1996,0,27,Panthers,Half Back,HB,21,placeholder,90,72,17,67,9,92,55,79,37,59,30,76,14,14,55,10,12,64,20,28,11,49,38,1,51,5,78,46
h-04-1996-panthers-1.iff,119,panthers,1996,0,28,Panthers,Half Back,HB,37,placeholder,82,67,17,79,13,94,51,70,14,59,6,69,15,16,57,38,34,64,12,8,16,49,44,99,42,5,68,24
h-04-1996-panthers-1.iff,119,panthers,1996,0,29,Panthers,Half Back,HB,36,placeholder,88,79,17,65,16,72,47,76,13,48,8,75,14,14,49,49,35,90,6,13,19,49,38,99,40,24,41,41
h-04-1996-panthers-1.iff,119,panthers,1996,0,30,Panthers,Linebacker,ILB,58,placeholder,74,86,10,98,11,34,69,68,85,19,99,29,11,10,27,27,22,26,91,99,11,49,92,99,66,5,90,90
h-04-1996-panthers-1.iff,119,panthers,1996,0,31,Panthers,Linebacker,ILB,54,placeholder,80,72,10,81,13,72,63,75,69,23,86,27,11,10,15,34,29,22,74,78,13,49,72,99,53,5,71,61
h-04-1996-panthers-1.iff,119,panthers,1996,0,32,John,Kasay,K,4,real_name_in_supplied_data,38,43,11,43,95,96,34,39,19,21,42,17,11,12,20,26,21,33,16,12,97,99,62,50,99,5,89,22
h-04-1996-panthers-1.iff,119,panthers,1996,0,33,Panthers,Linebacker,OLB,52,placeholder,86,78,10,91,14,97,59,79,76,19,94,36,11,11,28,35,29,28,78,93,11,49,79,99,49,5,83,99
h-04-1996-panthers-1.iff,119,panthers,1996,0,34,Panthers,Linebacker,OLB,91,placeholder,74,65,10,93,10,84,53,42,84,17,96,28,11,10,32,24,19,30,79,97,10,49,89,99,56,5,90,97
h-04-1996-panthers-1.iff,119,panthers,1996,0,35,Panthers,Linebacker,OLB,56,placeholder,77,88,10,86,11,38,51,73,72,23,78,35,11,11,24,23,21,12,65,76,11,49,41,99,47,5,60,46
h-04-1996-panthers-1.iff,119,panthers,1996,0,36,Panthers,Linebacker,OLB,59,placeholder,81,77,10,85,13,84,61,67,71,23,78,26,11,10,18,32,23,20,74,71,13,49,34,99,52,5,37,72
h-04-1996-panthers-1.iff,119,panthers,1996,0,37,Panthers,Punter,P,8,placeholder,43,48,21,49,82,76,37,49,19,20,46,17,23,21,15,23,14,28,16,12,80,1,32,50,80,5,62,24
h-04-1996-panthers-1.iff,119,panthers,1996,0,38,Kerry,Collins,QB,12,real_name_in_supplied_data,65,73,88,50,11,89,39,59,29,28,29,22,76,84,40,34,29,11,22,22,14,49,76,50,81,45,86,24
h-04-1996-panthers-1.iff,119,panthers,1996,0,39,Steve,Beuerlein,QB,7,real_name_in_supplied_data,65,53,72,28,5,54,38,52,24,18,21,15,77,75,7,21,20,28,11,19,9,49,78,50,86,48,81,24
h-04-1996-panthers-1.iff,119,panthers,1996,0,40,Panthers,Safety,SS,49,placeholder,83,85,9,60,12,80,39,67,80,25,83,8,11,11,19,19,17,46,40,88,16,49,71,1,67,5,91,46
h-04-1996-panthers-1.iff,119,panthers,1996,0,41,Panthers,Safety,SS,22,placeholder,88,87,9,71,18,73,55,79,72,12,60,8,10,10,14,29,27,6,23,50,17,49,41,1,31,5,44,76
h-04-1996-panthers-1.iff,119,panthers,1996,0,42,Panthers,Tackle,T,71,placeholder,43,56,11,86,19,94,69,41,15,29,29,20,10,10,26,93,93,13,30,28,18,49,80,99,69,5,76,49
h-04-1996-panthers-1.iff,119,panthers,1996,0,43,Panthers,Tackle,T,73,placeholder,44,67,12,75,14,97,71,55,24,41,30,43,11,11,38,74,82,14,27,26,16,49,51,99,52,5,71,41
h-04-1996-panthers-1.iff,119,panthers,1996,0,44,Panthers,Tackle,T,74,placeholder,44,59,11,94,18,95,59,58,16,35,32,15,10,10,26,68,70,6,31,27,17,49,70,99,52,5,95,45
h-04-1996-panthers-1.iff,119,panthers,1996,0,45,Panthers,Tight End,TE,84,placeholder,77,88,24,79,14,86,45,68,10,96,14,90,26,24,92,82,83,78,15,8,18,49,81,99,66,5,77,76
h-04-1996-panthers-1.iff,119,panthers,1996,0,46,Walter,Rasby,TE,89,real_name_in_supplied_data,64,78,10,30,4,82,51,82,21,53,16,48,11,13,58,66,68,66,9,20,6,49,24,99,27,5,36,42
h-04-1996-panthers-1.iff,119,panthers,1996,0,47,Muhsin,Muhammad,WR,87,real_name_in_supplied_data,84,83,15,74,12,58,47,67,14,83,10,60,16,15,84,47,46,78,15,10,16,49,58,50,61,5,95,55
h-04-1996-panthers-1.iff,119,panthers,1996,0,48,Panthers,Receiver,WR,82,placeholder,86,81,15,60,11,77,37,85,8,83,15,57,16,16,87,40,40,60,12,12,15,49,73,50,70,5,98,47
h-04-1996-panthers-1.iff,119,panthers,1996,0,49,Panthers,Receiver,WR,83,placeholder,80,72,15,60,11,80,38,67,13,85,15,41,16,16,88,17,45,75,8,6,16,49,79,50,74,5,97,54
h-04-1996-panthers-1.iff,119,panthers,1996,0,50,Panthers,Receiver,WR,88,placeholder,87,74,15,55,5,63,33,79,12,74,15,47,14,14,84,46,41,68,6,12,11,49,58,50,53,5,73,24
h-04-1996-panthers-1.iff,119,panthers,1996,0,51,Panthers,Receiver,WR,86,placeholder,91,77,13,66,13,25,37,92,5,79,9,52,16,16,63,26,34,70,11,10,16,49,45,50,48,5,93,79
h-04-1996-panthers-1.iff,119,panthers,1996,0,52,Panthers,Receiver,WR,25,placeholder,88,86,17,51,10,77,53,81,7,79,15,41,14,16,83,30,23,60,8,9,10,49,32,50,51,5,90,44
h-04-2003-panthers-0.iff,120,panthers,2003,0,0,Jeff,Mitchell,C,60,real_name_in_supplied_data,53,55,11,79,18,95,85,50,12,13,26,5,10,10,17,85,74,8,20,30,14,49,32,99,61,5,70,48
h-04-2003-panthers-0.iff,120,panthers,2003,0,1,Bruce,Nelson,C,72,real_name_in_supplied_data,49,58,11,70,16,86,61,52,25,19,23,32,14,11,29,59,56,9,24,37,13,49,41,99,36,5,49,2
h-04-2003-panthers-0.iff,120,panthers,2003,0,2,Reggie,Howard,CB,23,real_name_in_supplied_data,81,77,12,64,19,79,37,60,87,14,79,10,12,13,21,11,11,43,32,68,17,49,37,1,41,5,80,42
h-04-2003-panthers-0.iff,120,panthers,2003,0,3,Ricky,Manning,CB,24,real_name_in_supplied_data,86,85,11,83,19,66,43,76,80,10,54,7,11,11,17,43,48,37,33,53,19,49,62,1,20,5,63,48
h-04-2003-panthers-0.iff,120,panthers,2003,0,4,Dante,Wesley,CB,29,real_name_in_supplied_data,89,80,11,66,20,77,49,73,67,8,48,6,11,11,36,34,35,34,41,45,21,49,36,1,36,5,55,42
h-04-2003-panthers-0.iff,120,panthers,2003,0,5,Terry,Cousin,CB,21,real_name_in_supplied_data,90,91,9,87,17,89,33,70,79,11,74,8,11,10,15,14,21,37,33,64,21,49,34,1,56,5,80,49
h-04-2003-panthers-0.iff,120,panthers,2003,0,6,William,Hampton,CB,31,real_name_in_supplied_data,80,80,9,43,17,77,39,68,50,12,37,8,10,10,23,34,31,6,30,32,17,49,26,1,20,5,55,46
h-04-2003-panthers-0.iff,120,panthers,2003,0,7,Julius,Peppers,DE,90,real_name_in_supplied_data,83,71,11,67,19,70,71,79,47,15,82,29,11,11,18,21,19,24,96,79,19,49,48,99,53,5,63,57
h-04-2003-panthers-0.iff,120,panthers,2003,0,8,Mike,Rucker,DE,93,real_name_in_supplied_data,65,75,11,66,16,79,53,68,46,29,90,34,13,11,22,31,31,22,92,85,17,49,33,99,55,5,73,66
h-04-2003-panthers-0.iff,120,panthers,2003,0,9,Al,Wallace,DE,96,real_name_in_supplied_data,72,60,11,55,12,87,57,60,47,25,72,32,13,11,19,22,25,22,78,65,13,49,29,99,36,5,86,73
h-04-2003-panthers-0.iff,120,panthers,2003,0,10,Kavika,Pittman,DE,92,real_name_in_supplied_data,71,50,10,69,19,73,61,73,46,14,70,27,11,10,24,22,25,28,75,72,19,49,31,99,38,5,75,87
h-04-2003-panthers-0.iff,120,panthers,2003,0,11,Brentson,Buckner,DT,99,real_name_in_supplied_data,49,47,10,37,21,82,71,48,28,20,83,25,10,10,23,32,24,12,78,75,21,49,31,99,49,5,80,91
h-04-2003-panthers-0.iff,120,panthers,2003,0,12,Kris,Jenkins,DT,77,real_name_in_supplied_data,61,71,10,57,14,79,85,61,15,22,89,31,11,11,19,20,26,16,80,83,15,49,31,99,51,5,75,47
h-04-2003-panthers-0.iff,120,panthers,2003,0,13,Kindal,Moorehead,DT,94,real_name_in_supplied_data,58,66,10,53,17,28,63,64,16,22,65,31,11,11,26,19,28,14,52,59,16,49,33,99,26,5,35,24
h-04-2003-panthers-0.iff,120,panthers,2003,0,14,Shane,Burton,DT,98,real_name_in_supplied_data,49,61,11,52,24,82,57,48,15,19,78,31,10,10,32,43,34,10,69,68,24,49,33,99,43,5,86,69
h-04-2003-panthers-0.iff,120,panthers,2003,0,15,Brad,Hoover,FB,45,real_name_in_supplied_data,68,75,16,82,16,95,59,55,11,50,12,58,13,13,61,80,65,72,11,8,15,49,37,99,44,5,80,60
h-04-2003-panthers-0.iff,120,panthers,2003,0,16,Nick,Goings,FB,37,real_name_in_supplied_data,76,72,15,60,16,89,63,58,36,52,38,60,14,14,53,45,39,77,28,20,19,49,46,99,22,5,43,65
h-04-2003-panthers-0.iff,120,panthers,2003,0,17,Deon,Grant,FS,27,real_name_in_supplied_data,86,86,9,78,20,80,49,82,75,11,85,8,11,10,14,28,29,37,29,68,21,49,38,1,40,5,59,75
h-04-2003-panthers-0.iff,120,panthers,2003,0,18,Colin,Branch,FS,28,real_name_in_supplied_data,91,68,10,88,21,66,63,76,60,4,49,36,11,9,18,33,34,48,44,44,20,49,52,1,32,5,50,24
h-04-2003-panthers-0.iff,120,panthers,2003,0,19,Jeno,James,G,78,real_name_in_supplied_data,26,32,12,66,19,77,67,44,7,25,20,8,10,10,11,79,70,3,18,26,15,49,25,99,27,5,85,40
h-04-2003-panthers-0.iff,120,panthers,2003,0,20,Kevin,Donnalley,G,65,real_name_in_supplied_data,41,57,12,78,22,95,79,42,13,28,29,15,10,11,23,84,69,12,26,28,20,49,73,99,68,5,45,41
h-04-2003-panthers-0.iff,120,panthers,2003,0,21,Doug,Brzezinski,G,79,real_name_in_supplied_data,42,66,14,85,22,94,71,45,33,41,32,49,11,11,48,80,70,20,41,32,21,49,54,99,48,5,38,24
h-04-2003-panthers-0.iff,120,panthers,2003,0,22,Tutan,Reyes,G,76,real_name_in_supplied_data,47,48,12,48,20,78,59,47,9,23,20,12,10,10,15,50,52,5,18,26,17,49,23,99,23,5,55,24
h-04-2003-panthers-0.iff,120,panthers,2003,0,23,Stephen,Davis,HB,48,real_name_in_supplied_data,84,69,15,92,14,79,63,68,8,49,9,88,14,14,44,36,47,77,7,9,16,49,66,99,64,5,88,50
h-04-2003-panthers-0.iff,120,panthers,2003,0,24,DeShaun,Foster,HB,20,real_name_in_supplied_data,87,78,17,80,23,65,59,76,9,59,7,81,15,17,61,55,57,63,14,10,26,49,68,50,47,5,68,43
h-04-2003-panthers-0.iff,120,panthers,2003,0,25,Rod,Smart,HB,32,real_name_in_supplied_data,81,76,15,58,18,52,57,64,42,15,28,49,14,14,25,28,27,89,36,35,20,49,26,1,20,5,62,62
h-04-2003-panthers-0.iff,120,panthers,2003,0,26,Dan,Morgan,ILB,55,real_name_in_supplied_data,80,90,10,79,9,28,59,79,76,13,86,33,11,11,21,27,22,28,73,86,5,49,73,99,46,5,64,70
h-04-2003-panthers-0.iff,120,panthers,2003,0,27,Lester,Towns,ILB,57,real_name_in_supplied_data,53,61,10,79,13,73,59,79,70,28,81,27,10,10,25,31,26,12,71,80,15,49,35,99,33,5,85,63
h-04-2003-panthers-0.iff,120,panthers,2003,0,28,Jason,Kyle,ILB,56,real_name_in_supplied_data,72,66,10,73,11,89,61,63,72,23,63,26,11,10,12,34,28,24,54,52,13,49,40,99,33,5,36,67
h-04-2003-panthers-0.iff,120,panthers,2003,0,29,John,Kasay,K,4,real_name_in_supplied_data,38,49,11,49,80,35,32,44,24,28,45,19,11,13,25,33,27,31,24,14,72,99,51,50,67,5,72,37
h-04-2003-panthers-0.iff,120,panthers,2003,0,30,Greg,Favors,OLB,53,real_name_in_supplied_data,68,77,10,84,11,87,49,64,74,22,78,26,11,10,19,29,24,16,58,76,13,49,30,99,20,5,74,92
h-04-2003-panthers-0.iff,120,panthers,2003,0,31,Will,Witherspoon,OLB,54,real_name_in_supplied_data,82,81,10,99,24,69,69,82,61,48,75,47,11,10,46,50,47,24,69,83,24,49,50,99,27,5,73,51
h-04-2003-panthers-0.iff,120,panthers,2003,0,32,Brian,Allen,OLB,52,real_name_in_supplied_data,74,61,10,74,7,33,73,81,61,18,62,33,11,11,15,18,16,24,54,73,5,49,32,99,20,5,52,92
h-04-2003-panthers-0.iff,120,panthers,2003,0,33,Mike,Caldwell,OLB,59,real_name_in_supplied_data,81,77,10,85,13,84,61,67,71,23,78,26,11,10,18,32,23,20,74,71,13,49,34,99,52,5,37,72
h-04-2003-panthers-0.iff,120,panthers,2003,0,34,Mark,Fields,OLB,58,real_name_in_supplied_data,85,69,10,97,14,76,53,82,75,20,88,31,11,10,21,30,25,30,84,84,14,49,76,99,68,5,74,74
h-04-2003-panthers-0.iff,120,panthers,2003,0,35,Todd,Sauerbrun,P,10,real_name_in_supplied_data,45,46,20,48,94,95,35,37,23,27,41,18,23,24,15,20,16,16,22,12,89,1,32,50,90,5,92,23
h-04-2003-panthers-0.iff,120,panthers,2003,0,36,Jake,Delhomme,QB,17,real_name_in_supplied_data,68,62,82,29,11,96,22,59,34,28,34,22,80,71,26,34,31,28,26,20,16,49,50,50,58,10,79,24
h-04-2003-panthers-0.iff,120,panthers,2003,0,37,Rodney,Peete,QB,9,real_name_in_supplied_data,55,70,75,25,7,65,18,59,24,21,28,35,67,70,12,16,16,28,7,31,12,49,79,50,78,38,58,24
h-04-2003-panthers-0.iff,120,panthers,2003,0,38,Chris,Weinke,QB,16,real_name_in_supplied_data,65,65,66,28,8,83,40,65,30,24,29,25,68,71,18,26,26,23,19,19,13,49,65,50,72,59,72,24
h-04-2003-panthers-0.iff,120,panthers,2003,0,39,Mike,Minter,SS,30,real_name_in_supplied_data,86,79,9,79,16,81,53,77,74,20,80,7,11,10,30,19,23,44,49,66,18,49,54,1,45,5,85,80
h-04-2003-panthers-0.iff,120,panthers,2003,0,40,Travares,Tillman,SS,42,real_name_in_supplied_data,83,77,11,85,21,84,49,81,67,5,68,3,12,11,1,24,27,31,38,54,21,49,52,1,32,5,23,49
h-04-2003-panthers-0.iff,120,panthers,2003,0,41,Jarrod,Cooper,SS,40,real_name_in_supplied_data,90,96,11,80,16,89,51,93,50,7,44,5,11,11,22,21,17,33,43,46,13,49,41,1,21,5,12,49
h-04-2003-panthers-0.iff,120,panthers,2003,0,42,Todd,Steussie,T,75,real_name_in_supplied_data,55,62,12,80,19,98,81,61,13,26,24,26,11,10,17,84,86,14,27,31,17,49,75,99,71,5,76,48
h-04-2003-panthers-0.iff,120,panthers,2003,0,43,Jordan,Gross,T,69,real_name_in_supplied_data,56,74,11,87,16,86,75,61,13,28,24,16,10,11,21,78,74,11,26,27,15,49,50,99,50,5,50,20
h-04-2003-panthers-0.iff,120,panthers,2003,0,44,Matt,Willig,T,71,real_name_in_supplied_data,32,53,11,50,17,65,59,39,14,28,29,16,10,11,26,54,49,10,28,27,17,49,52,99,41,5,69,49
h-04-2003-panthers-0.iff,120,panthers,2003,0,45,Kris,Mangum,TE,86,real_name_in_supplied_data,64,77,10,21,10,88,73,64,31,69,23,46,10,10,51,79,70,68,16,23,12,49,27,99,34,5,45,68
h-04-2003-panthers-0.iff,120,panthers,2003,0,46,Jermaine,Wiggins,TE,84,real_name_in_supplied_data,87,72,10,46,11,89,39,62,11,51,10,38,11,10,54,82,84,69,7,15,12,49,22,99,29,5,43,49
h-04-2003-panthers-0.iff,120,panthers,2003,0,47,Mike,Seidman,TE,82,real_name_in_supplied_data,71,78,10,30,4,81,59,72,14,40,13,31,11,11,42,64,67,58,11,24,7,49,23,99,25,5,29,23
h-04-2003-panthers-0.iff,120,panthers,2003,0,48,Muhsin,Muhammad,WR,87,real_name_in_supplied_data,84,83,15,74,12,58,47,67,14,83,10,60,16,15,84,47,46,78,15,10,16,49,58,50,61,5,95,55
h-04-2003-panthers-0.iff,120,panthers,2003,0,49,Steve,Smith,WR,89,real_name_in_supplied_data,89,78,17,49,7,83,39,84,30,88,27,75,14,15,86,38,37,78,9,16,10,49,31,1,51,5,91,48
h-04-2003-panthers-0.iff,120,panthers,2003,0,50,Ricky,Proehl,WR,81,real_name_in_supplied_data,80,72,15,60,11,80,38,67,13,85,15,41,16,16,88,17,45,75,8,6,16,49,79,50,74,5,97,54
h-04-2003-panthers-0.iff,120,panthers,2003,0,51,Kevin,Dyson,WR,85,real_name_in_supplied_data,91,86,15,41,7,5,48,79,5,81,7,55,14,14,76,39,39,59,12,15,11,49,19,50,53,5,94,56
h-04-2003-panthers-0.iff,120,panthers,2003,0,52,Eugene,Baker,WR,80,real_name_in_supplied_data,87,79,15,62,14,75,61,79,36,50,34,24,13,12,39,39,33,58,23,18,18,49,36,1,20,5,40,45
h-05-1963-bears-2.iff,121,bears,1963,0,0,Bears,Center,C,59,placeholder,53,76,11,99,24,95,71,45,31,18,27,20,10,10,21,88,80,8,33,37,22,49,51,99,70,5,64,44
h-05-1963-bears-2.iff,121,bears,1963,0,1,Bears,Center,C,65,placeholder,57,72,11,76,17,76,55,64,6,8,16,7,10,10,9,61,60,8,11,33,13,49,27,99,31,5,40,22
h-05-1963-bears-2.iff,121,bears,1963,0,2,Bears,Cornerback,CB,23,placeholder,83,88,9,55,16,87,45,64,89,10,76,7,11,10,39,14,18,37,38,65,16,49,79,1,63,5,90,56
h-05-1963-bears-2.iff,121,bears,1963,0,3,Bears,Cornerback,CB,17,placeholder,75,83,9,55,16,73,39,68,89,12,79,8,11,10,47,23,25,39,40,70,19,49,64,1,54,5,90,77
h-05-1963-bears-2.iff,121,bears,1963,0,4,Bears,Cornerback,CB,31,placeholder,86,79,9,65,16,98,65,82,70,30,55,8,11,11,28,20,28,49,43,46,19,49,53,1,31,5,48,61
h-05-1963-bears-2.iff,121,bears,1963,0,5,Bears,Cornerback,CB,30,placeholder,91,81,11,91,26,62,55,73,66,7,44,5,11,11,9,35,36,32,55,40,24,49,57,1,31,5,35,24
h-05-1963-bears-2.iff,121,bears,1963,0,6,Bears,Cornerback,CB,25,placeholder,86,85,11,83,19,66,43,76,60,10,54,7,11,11,17,43,48,37,33,46,19,49,62,1,20,5,31,48
h-05-1963-bears-2.iff,121,bears,1963,0,7,Bears,Cornerback,CB,46,placeholder,82,81,9,88,21,69,41,61,56,13,49,9,11,10,19,29,27,41,29,41,23,49,42,1,20,5,24,57
h-05-1963-bears-2.iff,121,bears,1963,0,8,Bears,Def End,DE,82,placeholder,78,88,10,79,19,76,58,64,51,14,95,28,11,10,24,19,26,28,98,88,20,49,97,99,65,5,83,80
h-05-1963-bears-2.iff,121,bears,1963,0,9,Bears,Def End,DE,83,placeholder,61,71,10,72,22,88,57,73,68,24,87,37,11,11,32,23,30,24,76,77,21,49,36,99,36,5,55,85
h-05-1963-bears-2.iff,121,bears,1963,0,10,Bears,Def End,DE,95,placeholder,71,73,11,58,18,81,65,72,29,27,59,31,13,11,24,24,23,10,80,66,19,49,31,99,39,5,41,45
h-05-1963-bears-2.iff,121,bears,1963,0,11,Bears,Def Tackle,DT,75,placeholder,59,63,10,66,22,89,87,52,24,26,79,34,11,11,32,32,36,10,70,84,23,49,70,99,54,5,52,47
h-05-1963-bears-2.iff,121,bears,1963,0,12,Bears,Def Tackle,DT,71,placeholder,64,62,11,41,24,87,75,58,24,24,84,29,10,11,30,37,30,4,47,81,24,49,42,99,59,5,69,69
h-05-1963-bears-2.iff,121,bears,1963,0,13,Bears,Def Tackle,DT,74,placeholder,61,66,11,60,23,89,75,52,21,22,73,29,10,11,26,33,29,4,71,82,23,49,80,99,48,5,41,88
h-05-1963-bears-2.iff,121,bears,1963,0,14,Bears,Def Tackle,DT,73,placeholder,54,59,11,53,16,80,69,50,7,23,72,29,9,11,26,18,23,4,62,74,10,49,31,99,33,5,59,65
h-05-1963-bears-2.iff,121,bears,1963,0,15,Bears,Def Tackle,DT,78,placeholder,58,61,10,67,28,72,63,50,33,30,60,32,10,10,39,41,39,29,45,60,29,49,36,99,20,5,73,74
h-05-1963-bears-2.iff,121,bears,1963,0,16,Bears,Def Tackle,DT,53,placeholder,58,66,10,53,17,28,63,64,16,22,65,31,11,11,26,19,28,14,52,59,16,49,33,99,26,5,35,24
h-05-1963-bears-2.iff,121,bears,1963,0,17,Bears,Full Back,FB,35,placeholder,84,76,16,97,24,92,47,67,15,70,10,41,14,14,88,83,80,95,7,9,26,49,65,99,72,5,28,24
h-05-1963-bears-2.iff,121,bears,1963,0,18,Bears,Safety,FS,26,placeholder,81,88,12,93,22,84,39,76,78,8,82,6,12,11,14,30,31,34,48,68,25,49,54,1,53,5,65,46
h-05-1963-bears-2.iff,121,bears,1963,0,19,Bears,Guard,G,60,placeholder,38,57,12,86,23,99,69,45,13,30,27,16,10,10,23,95,89,7,27,28,21,49,83,99,73,5,88,24
h-05-1963-bears-2.iff,121,bears,1963,0,20,Bears,Guard,G,61,placeholder,39,48,12,76,24,96,58,39,14,33,29,16,10,10,24,80,84,7,28,27,22,49,38,99,60,5,88,24
h-05-1963-bears-2.iff,121,bears,1963,0,21,Bears,Half Back,HB,20,placeholder,89,64,24,82,11,90,65,81,13,55,8,87,24,25,60,27,27,86,9,7,12,49,41,50,56,5,69,65
h-05-1963-bears-2.iff,121,bears,1963,0,22,Bears,Half Back,HB,34,placeholder,88,68,17,67,11,87,47,75,29,50,28,81,14,17,55,27,30,94,22,34,12,49,41,50,51,5,70,52
h-05-1963-bears-2.iff,121,bears,1963,0,23,Bears,Half Back,HB,28,placeholder,87,81,17,65,16,78,69,79,13,31,8,81,14,14,59,62,61,96,6,13,19,49,38,99,48,5,17,40
h-05-1963-bears-2.iff,121,bears,1963,0,24,Bears,Half Back,HB,40,placeholder,67,79,15,43,16,71,65,67,39,31,28,83,14,14,62,37,29,96,32,36,17,49,50,99,40,5,54,74
h-05-1963-bears-2.iff,121,bears,1963,0,25,Bears,Half Back,HB,27,placeholder,89,72,23,82,13,94,57,92,12,50,6,77,19,20,61,38,30,72,8,6,12,49,43,99,36,24,41,60
h-05-1963-bears-2.iff,121,bears,1963,0,26,Bears,Linebacker,ILB,38,placeholder,74,86,10,98,11,34,69,68,85,19,99,29,11,10,27,27,22,26,91,99,11,49,92,99,66,5,90,90
h-05-1963-bears-2.iff,121,bears,1963,0,27,Bears,Linebacker,ILB,92,placeholder,78,69,10,78,4,64,69,84,74,15,90,34,11,11,16,23,20,24,83,89,4,49,79,99,52,5,74,63
h-05-1963-bears-2.iff,121,bears,1963,0,28,Bears,Kicker,K,2,placeholder,39,45,10,30,73,54,30,36,13,18,17,13,11,12,6,5,1,29,7,9,56,99,11,50,34,5,74,37
h-05-1963-bears-2.iff,121,bears,1963,0,29,Bears,Linebacker,OLB,68,placeholder,77,71,10,92,13,84,73,85,70,28,89,47,11,11,21,31,29,39,87,89,13,49,75,99,59,5,75,80
h-05-1963-bears-2.iff,121,bears,1963,0,30,Bears,Linebacker,OLB,36,placeholder,69,80,10,97,15,88,55,76,77,19,91,32,11,10,30,31,25,32,88,93,14,49,86,99,71,5,93,70
h-05-1963-bears-2.iff,121,bears,1963,0,31,Bears,Linebacker,OLB,54,placeholder,67,75,10,99,29,83,77,67,44,50,68,50,11,10,47,50,43,24,51,60,29,49,61,99,21,5,28,51
h-05-1963-bears-2.iff,121,bears,1963,0,32,Bears,Linebacker,OLB,64,placeholder,85,72,10,63,20,55,69,75,53,18,60,28,11,10,24,23,25,24,74,69,21,49,50,99,51,5,58,63
h-05-1963-bears-2.iff,121,bears,1963,0,33,Bears,Linebacker,OLB,51,placeholder,81,79,10,38,17,82,69,67,39,16,58,23,10,10,19,24,20,36,55,49,16,49,19,99,22,5,36,39
h-05-1963-bears-2.iff,121,bears,1963,0,34,Bears,Linebacker,OLB,52,placeholder,71,72,10,74,2,74,63,58,60,18,58,33,11,11,6,21,16,10,55,57,2,49,33,99,26,5,31,24
h-05-1963-bears-2.iff,121,bears,1963,0,35,Bears,Punter,P,81,placeholder,43,46,20,50,79,85,32,39,17,18,27,16,22,24,15,20,12,30,15,12,72,1,1,50,74,5,61,23
h-05-1963-bears-2.iff,121,bears,1963,0,36,Bears,Quarterback,QB,1,placeholder,63,73,88,50,11,85,39,48,31,30,29,18,79,84,46,27,26,70,22,20,14,49,71,50,79,67,60,24
h-05-1963-bears-2.iff,121,bears,1963,0,37,Bears,Quarterback,QB,19,placeholder,62,86,73,40,9,65,26,68,29,20,29,29,56,69,9,22,21,29,16,20,12,49,64,50,68,44,68,24
h-05-1963-bears-2.iff,121,bears,1963,0,38,Bears,Quarterback,QB,3,placeholder,53,57,80,29,16,50,38,48,33,27,32,46,76,68,25,20,20,28,35,31,16,49,50,50,53,23,40,24
h-05-1963-bears-2.iff,121,bears,1963,0,39,Bears,Safety,SS,24,placeholder,83,85,9,60,12,80,39,67,80,25,83,8,11,11,19,19,17,46,40,88,16,49,71,1,67,5,91,46
h-05-1963-bears-2.iff,121,bears,1963,0,40,Bears,Safety,SS,29,placeholder,85,74,12,66,17,60,75,74,60,8,40,6,13,11,28,30,29,34,48,37,16,49,31,1,24,5,13,41
h-05-1963-bears-2.iff,121,bears,1963,0,41,Bears,Tackle,T,79,placeholder,53,66,11,87,18,95,65,55,15,33,30,16,10,10,23,89,85,9,30,27,17,49,77,99,74,5,95,41
h-05-1963-bears-2.iff,121,bears,1963,0,42,Bears,Tackle,T,66,placeholder,41,51,12,90,13,96,73,50,13,46,38,47,13,11,39,80,82,22,36,32,16,49,51,99,62,5,80,24
h-05-1963-bears-2.iff,121,bears,1963,0,43,Bears,Tackle,T,77,placeholder,48,62,11,50,18,96,67,47,9,23,32,8,10,10,11,66,59,4,28,45,15,49,22,99,40,5,74,47
h-05-1963-bears-2.iff,121,bears,1963,0,44,Bears,Tackle,T,76,placeholder,60,82,11,80,11,81,77,75,28,34,36,39,11,16,45,63,53,21,24,23,15,49,55,99,36,5,21,24
h-05-1963-bears-2.iff,121,bears,1963,0,45,Bears,Tight End,TE,89,placeholder,77,88,24,79,14,86,45,68,10,96,14,90,26,24,92,82,83,78,15,8,18,49,81,99,66,5,77,76
h-05-1963-bears-2.iff,121,bears,1963,0,46,Bears,Tight End,TE,88,placeholder,75,71,10,46,8,88,63,70,9,75,12,61,11,12,81,69,71,65,14,14,11,49,41,99,45,5,72,40
h-05-1963-bears-2.iff,121,bears,1963,0,47,Bears,Tight End,TE,87,placeholder,76,78,10,30,4,81,67,67,14,36,13,31,11,11,27,64,67,58,11,24,7,49,23,99,24,5,24,23
h-05-1963-bears-2.iff,121,bears,1963,0,48,Bears,Receiver,WR,47,placeholder,87,82,15,65,11,83,47,73,5,94,7,57,16,16,90,41,38,80,9,12,15,49,68,50,72,5,99,47
h-05-1963-bears-2.iff,121,bears,1963,0,49,Bears,Receiver,WR,85,placeholder,87,84,15,55,9,72,38,84,12,77,13,39,15,15,82,23,37,55,6,7,13,49,49,50,72,5,80,24
h-05-1963-bears-2.iff,121,bears,1963,0,50,Bears,Receiver,WR,43,placeholder,83,86,15,44,9,81,37,68,6,77,14,45,16,16,75,19,28,74,11,14,13,49,49,50,70,5,96,45
h-05-1963-bears-2.iff,121,bears,1963,0,51,Bears,Receiver,WR,16,placeholder,80,90,13,34,9,65,28,78,10,56,10,42,14,14,45,42,41,67,10,10,14,49,27,50,20,5,63,59
h-05-1963-bears-2.iff,121,bears,1963,0,52,Bears,Receiver,WR,6,placeholder,83,91,12,28,8,74,46,73,35,63,23,19,14,14,65,25,29,64,14,18,13,49,25,50,20,5,72,57
h-05-1985-bears-1.iff,122,bears,1985,0,0,Bears,Center,C,66,placeholder,45,63,12,98,26,96,63,55,31,17,30,23,11,10,23,97,99,10,35,40,22,49,84,99,77,5,93,68
h-05-1985-bears-1.iff,122,bears,1985,0,1,Bears,Center,C,64,placeholder,57,72,11,76,17,76,55,64,6,8,16,7,10,10,9,61,60,8,11,33,13,49,27,99,31,5,40,22
h-05-1985-bears-1.iff,122,bears,1985,0,2,Bears,Cornerback,CB,21,placeholder,83,88,9,55,16,87,45,64,89,10,76,7,11,10,39,14,18,37,38,65,16,49,79,1,63,5,90,56
h-05-1985-bears-1.iff,122,bears,1985,0,3,Bears,Cornerback,CB,22,placeholder,75,83,9,55,16,73,39,68,89,12,79,8,11,10,47,23,25,39,40,70,19,49,64,1,54,5,90,77
h-05-1985-bears-1.iff,122,bears,1985,0,4,Bears,Cornerback,CB,38,placeholder,91,74,11,72,21,76,35,77,83,8,75,6,11,11,35,46,43,34,53,62,22,49,35,1,32,5,55,76
h-05-1985-bears-1.iff,122,bears,1985,0,5,Bears,Cornerback,CB,41,placeholder,82,89,9,83,19,88,39,82,72,11,70,8,11,10,23,18,22,37,35,54,23,49,20,1,41,5,79,60
h-05-1985-bears-1.iff,122,bears,1985,0,6,Bears,Cornerback,CB,26,placeholder,86,79,9,65,16,98,65,82,70,30,55,8,11,11,28,20,28,49,43,46,19,49,53,1,31,5,48,61
h-05-1985-bears-1.iff,122,bears,1985,0,7,Bears,Def End,DE,94,placeholder,65,77,11,70,23,85,73,75,70,18,89,33,11,11,26,31,27,24,93,80,23,49,61,99,73,5,82,78
h-05-1985-bears-1.iff,122,bears,1985,0,8,Bears,Def End,DE,72,placeholder,77,76,11,78,21,34,69,64,49,16,90,31,11,11,22,23,24,24,90,84,21,49,80,99,73,5,81,74
h-05-1985-bears-1.iff,122,bears,1985,0,9,Bears,Def Tackle,DT,90,placeholder,59,83,10,88,23,85,89,58,24,29,85,34,11,11,38,31,36,14,84,80,22,49,78,99,54,5,71,80
h-05-1985-bears-1.iff,122,bears,1985,0,10,Bears,Def Tackle,DT,77,placeholder,50,63,11,57,22,85,77,64,18,14,77,31,11,11,24,29,26,22,78,78,20,49,62,99,63,5,72,74
h-05-1985-bears-1.iff,122,bears,1985,0,11,Bears,Def Tackle,DT,98,placeholder,65,79,11,72,22,84,75,59,20,18,71,31,11,10,19,25,20,10,70,82,21,49,72,99,49,5,20,63
h-05-1985-bears-1.iff,122,bears,1985,0,12,Bears,Def Tackle,DT,73,placeholder,70,75,10,60,15,81,59,64,20,19,75,34,11,11,23,23,27,20,74,68,19,49,29,99,46,5,55,24
h-05-1985-bears-1.iff,122,bears,1985,0,13,Bears,Def Tackle,DT,78,placeholder,58,61,10,67,28,72,63,50,33,30,60,32,10,10,39,41,39,29,45,60,29,49,36,99,20,5,73,74
h-05-1985-bears-1.iff,122,bears,1985,0,14,Bears,Full Back,FB,23,placeholder,79,80,16,99,26,93,47,78,9,52,18,88,14,14,62,79,47,72,13,17,27,49,49,99,54,5,83,53
h-05-1985-bears-1.iff,122,bears,1985,0,15,Bears,Full Back,FB,40,placeholder,82,70,16,79,16,92,63,58,11,29,6,59,13,13,44,49,55,72,10,14,15,49,36,99,28,5,19,9
h-05-1985-bears-1.iff,122,bears,1985,0,16,Bears,Safety,FS,27,placeholder,81,88,12,93,22,84,39,76,78,8,82,6,12,11,14,30,31,34,48,68,25,49,54,1,53,5,65,46
h-05-1985-bears-1.iff,122,bears,1985,0,17,Bears,Guard,G,67,placeholder,38,57,12,86,23,99,69,45,13,30,27,16,10,10,23,96,89,7,27,28,21,49,83,99,73,5,88,24
h-05-1985-bears-1.iff,122,bears,1985,0,18,Bears,Guard,G,52,placeholder,39,48,12,76,24,96,58,39,14,33,29,16,10,10,24,80,84,7,28,27,22,49,38,99,60,5,88,24
h-05-1985-bears-1.iff,122,bears,1985,0,19,Bears,Half Back,HB,35,placeholder,88,99,37,99,14,99,80,78,15,83,15,95,39,38,83,54,59,99,9,8,18,49,99,30,99,20,99,1
h-05-1985-bears-1.iff,122,bears,1985,0,20,Bears,Half Back,HB,36,placeholder,88,68,17,67,11,87,47,75,29,50,28,81,14,17,55,27,30,94,22,34,12,49,41,50,51,5,70,52
h-05-1985-bears-1.iff,122,bears,1985,0,21,Bears,Half Back,HB,29,placeholder,67,79,15,43,16,71,65,67,39,31,28,83,14,14,62,37,29,96,32,36,17,49,50,99,40,5,54,74
h-05-1985-bears-1.iff,122,bears,1985,0,22,Bears,Half Back,HB,43,placeholder,91,76,15,67,16,68,73,85,11,53,6,61,13,13,62,39,20,72,10,14,15,49,36,50,40,24,41,24
h-05-1985-bears-1.iff,122,bears,1985,0,23,Bears,Half Back,HB,20,placeholder,87,72,17,70,11,73,73,82,13,46,8,74,14,16,48,30,20,43,9,7,12,49,41,99,34,24,34,24
h-05-1985-bears-1.iff,122,bears,1985,0,24,Bears,Linebacker,ILB,59,placeholder,74,86,10,98,11,34,69,68,85,19,99,29,11,10,27,27,22,26,91,99,11,49,92,99,66,5,90,90
h-05-1985-bears-1.iff,122,bears,1985,0,25,Bears,Kicker,K,4,placeholder,35,46,11,53,94,90,37,44,30,32,42,32,14,11,42,38,33,28,41,36,97,99,32,50,80,5,64,41
h-05-1985-bears-1.iff,122,bears,1985,0,26,Bears,Linebacker,OLB,55,placeholder,86,78,10,91,14,97,59,79,76,19,94,36,11,11,28,35,29,28,78,93,11,49,79,99,49,5,83,99
h-05-1985-bears-1.iff,122,bears,1985,0,27,Bears,Linebacker,OLB,51,placeholder,69,80,10,97,15,88,55,76,77,19,91,32,11,10,30,31,25,32,88,93,14,49,86,99,71,5,93,70
h-05-1985-bears-1.iff,122,bears,1985,0,28,Bears,Linebacker,OLB,57,placeholder,72,67,10,95,14,79,59,73,76,24,79,28,11,10,24,37,32,26,68,78,15,49,57,99,45,5,83,52
h-05-1985-bears-1.iff,122,bears,1985,0,29,Bears,Linebacker,OLB,50,placeholder,92,86,10,79,9,82,67,73,74,13,64,33,11,11,21,27,22,28,60,68,5,49,61,99,45,5,40,24
h-05-1985-bears-1.iff,122,bears,1985,0,30,Bears,Linebacker,OLB,54,placeholder,82,82,10,80,8,77,63,76,59,20,75,34,11,11,13,22,16,12,60,73,10,49,34,99,35,5,43,62
h-05-1985-bears-1.iff,122,bears,1985,0,31,Bears,Linebacker,OLB,58,placeholder,61,86,10,78,4,84,63,62,56,15,60,34,11,11,16,23,20,24,59,69,4,49,32,99,33,5,28,24
h-05-1985-bears-1.iff,122,bears,1985,0,32,Bears,Punter,P,3,placeholder,43,46,20,50,79,85,32,39,17,18,27,16,22,24,15,20,12,30,15,12,72,1,1,50,74,5,61,23
h-05-1985-bears-1.iff,122,bears,1985,0,33,Bears,Quarterback,QB,1,placeholder,81,82,81,44,12,81,39,64,36,24,33,24,91,91,21,26,28,29,23,20,16,49,95,50,96,82,90,24
h-05-1985-bears-1.iff,122,bears,1985,0,34,Bears,Quarterback,QB,6,placeholder,61,54,85,22,4,84,19,60,24,18,22,3,81,76,9,20,21,28,11,18,8,49,88,50,79,36,73,24
h-05-1985-bears-1.iff,122,bears,1985,0,35,Bears,Quarterback,QB,11,placeholder,62,86,73,40,9,65,26,68,29,20,29,29,56,69,9,22,21,29,16,20,12,49,64,50,68,44,68,24
h-05-1985-bears-1.iff,122,bears,1985,0,36,Bears,Safety,SS,44,placeholder,89,90,10,99,12,99,80,80,85,35,99,40,11,10,35,18,18,49,65,96,16,49,99,25,99,5,99,74
h-05-1985-bears-1.iff,122,bears,1985,0,37,Bears,Tackle,T,71,placeholder,53,66,11,87,18,95,65,55,15,33,30,16,10,10,23,89,85,9,30,27,17,49,77,99,74,5,95,41
h-05-1985-bears-1.iff,122,bears,1985,0,38,Bears,Tackle,T,74,placeholder,44,48,11,83,19,95,69,41,15,31,36,19,10,11,26,95,99,13,30,28,18,49,88,99,85,5,95,48
h-05-1985-bears-1.iff,122,bears,1985,0,39,Bears,Tackle,T,79,placeholder,48,58,11,82,16,97,77,50,24,32,32,47,11,17,43,77,77,19,23,23,16,49,55,99,52,5,48,39
h-05-1985-bears-1.iff,122,bears,1985,0,40,Bears,Tackle,T,75,placeholder,36,40,12,79,19,81,77,45,10,27,27,20,10,10,23,70,71,11,27,30,17,49,46,99,63,5,85,11
h-05-1985-bears-1.iff,122,bears,1985,0,41,Bears,Tackle,T,93,placeholder,49,54,11,74,10,90,68,48,24,28,29,42,11,16,39,81,57,17,18,23,15,49,48,99,45,5,65,24
h-05-1985-bears-1.iff,122,bears,1985,0,42,Bears,Tackle,T,70,placeholder,48,62,11,50,18,96,67,47,9,23,32,8,10,10,11,66,59,4,28,45,15,49,22,99,40,5,74,47
h-05-1985-bears-1.iff,122,bears,1985,0,43,Bears,Tackle,T,60,placeholder,60,82,11,80,11,81,77,75,28,34,36,39,11,16,45,63,53,21,24,23,15,49,55,99,36,5,21,24
h-05-1985-bears-1.iff,122,bears,1985,0,44,Bears,Tackle,T,76,placeholder,55,50,12,80,10,70,65,39,9,41,32,43,13,11,30,56,69,22,30,32,13,49,44,99,31,5,8,8
h-05-1985-bears-1.iff,122,bears,1985,0,45,Bears,Tackle,T,63,placeholder,60,82,11,80,11,81,77,75,28,34,36,39,11,16,45,63,53,21,24,23,15,49,55,99,36,5,21,24
h-05-1985-bears-1.iff,122,bears,1985,0,46,Bears,Tight End,TE,82,placeholder,77,88,24,79,14,86,45,68,10,90,14,90,26,24,86,82,83,78,15,8,18,49,81,99,66,5,77,76
h-05-1985-bears-1.iff,122,bears,1985,0,47,Bears,Tight End,TE,80,placeholder,67,66,10,46,8,78,53,59,25,54,24,41,11,13,58,61,63,63,15,20,9,49,27,99,34,5,57,18
h-05-1985-bears-1.iff,122,bears,1985,0,48,Bears,Tight End,TE,85,placeholder,76,78,10,30,4,81,67,67,14,36,13,31,11,11,27,64,67,58,11,24,7,49,23,99,24,5,24,23
h-05-1985-bears-1.iff,122,bears,1985,0,49,Bears,Receiver,WR,86,placeholder,91,89,15,73,17,89,33,84,6,94,12,78,16,17,90,46,43,85,8,7,16,49,79,50,54,5,99,89
h-05-1985-bears-1.iff,122,bears,1985,0,50,Bears,Receiver,WR,84,placeholder,86,76,15,65,11,89,51,78,9,86,8,66,14,14,89,36,45,63,5,6,15,49,79,50,70,5,94,55
h-05-1985-bears-1.iff,122,bears,1985,0,51,Bears,Receiver,WR,87,placeholder,83,86,15,44,9,81,37,68,6,77,14,45,16,16,75,19,28,74,11,14,13,49,49,50,70,5,96,45
h-05-1985-bears-1.iff,122,bears,1985,0,52,Bears,Receiver,WR,83,placeholder,90,74,15,60,14,34,45,70,7,70,11,39,16,16,72,48,46,73,8,7,15,49,35,50,26,5,74,82
h-06-1981-bengals-1.iff,123,bengals,1981,0,0,Bengals,Center,C,58,placeholder,37,53,10,82,23,97,57,41,31,21,33,14,10,10,33,88,90,6,39,27,22,49,40,99,54,5,65,50
h-06-1981-bengals-1.iff,123,bengals,1981,0,1,Bengals,Center,C,66,placeholder,52,58,11,76,17,99,91,67,6,8,16,7,10,10,9,54,52,8,11,33,13,49,27,99,42,5,35,22
h-06-1981-bengals-1.iff,123,bengals,1981,0,2,Bengals,Cornerback,CB,16,placeholder,87,86,9,70,18,83,45,82,95,14,74,10,11,11,42,19,26,43,30,60,19,49,84,1,79,5,86,78
h-06-1981-bengals-1.iff,123,bengals,1981,0,3,Bengals,Cornerback,CB,35,placeholder,83,85,9,53,17,82,35,78,92,14,67,10,11,10,24,30,28,43,25,59,19,49,78,1,69,5,95,60
h-06-1981-bengals-1.iff,123,bengals,1981,0,4,Bengals,Cornerback,CB,38,placeholder,81,77,9,60,18,95,53,64,68,11,71,8,11,10,26,22,27,37,32,55,19,49,24,1,47,5,86,45
h-06-1981-bengals-1.iff,123,bengals,1981,0,5,Bengals,Cornerback,CB,26,placeholder,88,82,11,94,24,66,41,88,73,7,64,35,11,11,39,44,42,32,47,50,26,49,58,1,43,5,55,24
h-06-1981-bengals-1.iff,123,bengals,1981,0,6,Bengals,Cornerback,CB,42,placeholder,86,79,9,65,16,98,65,82,70,30,55,8,11,11,28,20,28,49,43,46,19,49,53,1,31,5,48,61
h-06-1981-bengals-1.iff,123,bengals,1981,0,7,Bengals,Cornerback,CB,45,placeholder,91,79,11,60,17,86,49,76,67,7,45,5,11,11,21,23,23,32,38,42,15,49,31,1,32,5,48,39
h-06-1981-bengals-1.iff,123,bengals,1981,0,8,Bengals,Def End,DE,76,placeholder,76,64,10,70,20,79,73,64,46,18,85,29,11,10,19,27,20,18,93,80,20,49,70,99,66,5,75,81
h-06-1981-bengals-1.iff,123,bengals,1981,0,9,Bengals,Def End,DE,95,placeholder,65,85,10,63,19,79,65,85,55,18,79,26,11,10,23,17,21,12,83,83,20,49,31,99,44,5,45,83
h-06-1981-bengals-1.iff,123,bengals,1981,0,10,Bengals,Def End,DE,51,placeholder,65,62,11,49,12,38,67,88,10,19,89,27,13,11,14,18,20,10,83,82,13,49,26,99,40,5,50,46
h-06-1981-bengals-1.iff,123,bengals,1981,0,11,Bengals,Def End,DE,98,placeholder,50,48,10,53,20,74,75,59,10,18,73,28,10,10,23,28,24,4,79,78,21,49,26,99,33,5,74,77
h-06-1981-bengals-1.iff,123,bengals,1981,0,12,Bengals,Def Tackle,DT,70,placeholder,63,79,10,82,22,68,67,61,26,29,94,47,11,11,31,31,35,39,79,90,23,49,44,99,46,5,75,79
h-06-1981-bengals-1.iff,123,bengals,1981,0,13,Bengals,Def Tackle,DT,62,placeholder,59,56,10,63,22,73,67,56,50,19,88,28,11,10,27,35,27,22,75,84,23,49,48,99,64,5,75,58
h-06-1981-bengals-1.iff,123,bengals,1981,0,14,Bengals,Def Tackle,DT,90,placeholder,67,42,10,73,19,78,79,58,23,28,79,34,11,11,30,28,36,16,76,77,21,49,41,99,50,5,41,24
h-06-1981-bengals-1.iff,123,bengals,1981,0,15,Bengals,Full Back,FB,43,placeholder,79,80,16,99,26,93,47,78,9,52,18,88,14,14,62,79,47,72,13,17,27,49,49,99,54,5,83,53
h-06-1981-bengals-1.iff,123,bengals,1981,0,16,Bengals,Safety,FS,22,placeholder,82,72,9,92,19,76,57,73,90,12,97,8,11,10,7,22,22,39,59,97,22,49,79,1,74,5,96,57
h-06-1981-bengals-1.iff,123,bengals,1981,0,17,Bengals,Safety,FS,37,placeholder,88,77,9,43,19,75,53,68,53,12,64,8,11,10,8,24,27,39,32,45,19,49,26,1,24,5,47,54
h-06-1981-bengals-1.iff,123,bengals,1981,0,18,Bengals,Guard,G,75,placeholder,32,61,12,83,22,94,79,58,13,29,26,15,10,10,21,85,89,8,24,28,19,49,80,99,74,5,45,39
h-06-1981-bengals-1.iff,123,bengals,1981,0,19,Bengals,Guard,G,65,placeholder,53,48,14,72,19,96,67,58,26,40,29,41,11,11,39,81,83,14,26,26,20,49,49,99,58,5,65,44
h-06-1981-bengals-1.iff,123,bengals,1981,0,20,Bengals,Guard,G,77,placeholder,42,66,14,85,22,94,71,45,33,41,32,49,11,11,48,70,70,20,41,32,21,49,54,99,48,5,38,24
h-06-1981-bengals-1.iff,123,bengals,1981,0,21,Bengals,Guard,G,63,placeholder,47,56,12,75,19,80,75,55,7,28,26,5,10,10,13,57,53,2,19,26,14,49,27,99,31,5,28,48
h-06-1981-bengals-1.iff,123,bengals,1981,0,22,Bengals,Half Back,HB,49,placeholder,85,79,17,95,16,87,67,68,13,51,6,80,15,16,50,38,41,97,11,13,18,49,83,99,53,5,40,81
h-06-1981-bengals-1.iff,123,bengals,1981,0,23,Bengals,Half Back,HB,44,placeholder,83,73,15,87,12,91,59,65,14,68,8,76,14,16,65,30,32,87,7,7,14,49,67,50,56,5,61,61
h-06-1981-bengals-1.iff,123,bengals,1981,0,24,Bengals,Half Back,HB,85,placeholder,83,68,15,67,16,90,71,79,11,31,6,61,13,13,61,48,50,75,10,14,15,49,36,50,39,5,36,9
h-06-1981-bengals-1.iff,123,bengals,1981,0,25,Bengals,Half Back,HB,30,placeholder,93,77,28,41,13,93,65,74,12,49,14,45,20,21,55,30,24,76,11,10,16,49,68,50,48,5,38,64
h-06-1981-bengals-1.iff,123,bengals,1981,0,26,Bengals,Linebacker,ILB,54,placeholder,77,76,10,79,11,87,65,68,74,21,82,25,11,10,19,30,23,16,71,76,11,49,28,99,44,5,65,74
h-06-1981-bengals-1.iff,123,bengals,1981,0,27,Bengals,Linebacker,ILB,57,placeholder,72,69,10,94,14,89,55,65,76,22,83,30,11,10,26,34,27,30,73,77,14,49,69,99,54,5,72,63
h-06-1981-bengals-1.iff,123,bengals,1981,0,28,Bengals,Linebacker,ILB,94,placeholder,74,86,10,78,4,79,59,70,55,15,60,34,11,11,16,23,20,24,60,66,4,49,32,99,35,5,41,24
h-06-1981-bengals-1.iff,123,bengals,1981,0,29,Bengals,Kicker,K,8,placeholder,35,46,11,53,94,90,37,44,30,32,42,32,14,11,42,38,33,28,41,36,97,99,32,50,80,5,64,41
h-06-1981-bengals-1.iff,123,bengals,1981,0,30,Bengals,Linebacker,OLB,53,placeholder,81,83,10,81,9,57,51,79,76,20,75,24,11,10,20,28,19,20,52,74,10,49,32,99,45,5,89,73
h-06-1981-bengals-1.iff,123,bengals,1981,0,31,Bengals,Linebacker,OLB,59,placeholder,67,78,10,90,13,88,59,72,78,26,76,35,11,11,20,60,30,20,68,82,13,49,47,99,48,5,70,50
h-06-1981-bengals-1.iff,123,bengals,1981,0,32,Bengals,Linebacker,OLB,56,placeholder,79,79,10,77,6,83,65,81,56,19,66,33,11,11,13,22,17,22,61,69,4,49,33,99,24,5,22,66
h-06-1981-bengals-1.iff,123,bengals,1981,0,33,Bengals,Linebacker,OLB,52,placeholder,79,78,10,76,7,82,59,73,75,15,63,24,11,11,14,22,18,30,65,61,7,49,44,99,26,5,61,76
h-06-1981-bengals-1.iff,123,bengals,1981,0,34,Bengals,Linebacker,OLB,55,placeholder,69,76,10,79,13,47,67,88,51,23,61,26,11,10,12,32,26,18,49,50,13,49,45,99,20,5,34,58
h-06-1981-bengals-1.iff,123,bengals,1981,0,35,Bengals,Punter,P,87,placeholder,45,46,20,48,94,95,35,37,23,27,41,18,23,24,15,20,16,16,22,12,89,1,32,50,90,5,92,23
h-06-1981-bengals-1.iff,123,bengals,1981,0,36,Bengals,Quarterback,QB,15,placeholder,66,64,93,50,9,84,43,56,26,21,31,22,93,96,21,30,28,29,20,22,13,49,92,50,78,30,85,24
h-06-1981-bengals-1.iff,123,bengals,1981,0,37,Bengals,Quarterback,QB,12,placeholder,54,51,75,15,8,89,22,53,29,23,29,10,70,77,19,32,26,28,19,19,13,49,68,50,75,16,75,24
h-06-1981-bengals-1.iff,123,bengals,1981,0,38,Bengals,Quarterback,QB,14,placeholder,81,91,92,28,23,45,18,73,14,29,29,51,65,60,28,13,10,28,11,5,21,49,75,50,55,67,33,24
h-06-1981-bengals-1.iff,123,bengals,1981,0,39,Bengals,Safety,SS,23,placeholder,84,84,10,91,16,47,61,68,72,30,79,8,11,11,14,22,18,47,55,77,19,49,77,1,59,5,93,79
h-06-1981-bengals-1.iff,123,bengals,1981,0,40,Bengals,Safety,SS,36,placeholder,86,84,11,83,19,70,51,76,70,10,58,7,11,11,17,43,48,37,65,59,19,49,62,1,37,5,52,48
h-06-1981-bengals-1.iff,123,bengals,1981,0,41,Bengals,Tackle,T,78,placeholder,58,70,11,89,18,95,71,64,11,29,32,15,10,10,19,93,95,9,26,27,16,49,50,99,55,5,85,90
h-06-1981-bengals-1.iff,123,bengals,1981,0,42,Bengals,Tackle,T,64,placeholder,43,56,11,86,19,94,69,41,15,29,29,20,10,10,26,94,90,13,30,28,18,49,80,99,69,5,76,49
h-06-1981-bengals-1.iff,123,bengals,1981,0,43,Bengals,Tackle,T,71,placeholder,48,63,11,87,16,86,77,73,13,28,24,16,10,11,21,72,72,11,26,27,15,49,50,99,51,5,38,14
h-06-1981-bengals-1.iff,123,bengals,1981,0,44,Bengals,Tight End,TE,83,placeholder,83,82,10,45,5,60,51,67,14,94,8,89,11,13,88,75,77,59,12,11,11,49,26,99,46,5,68,95
h-06-1981-bengals-1.iff,123,bengals,1981,0,45,Bengals,Tight End,TE,86,placeholder,64,71,10,46,8,76,55,67,9,52,12,32,11,12,77,73,75,65,14,14,11,49,31,99,37,5,29,23
h-06-1981-bengals-1.iff,123,bengals,1981,0,46,Bengals,Receiver,WR,80,placeholder,81,78,15,77,14,68,68,67,6,96,15,91,16,16,89,53,53,90,11,5,18,49,44,99,35,5,73,99
h-06-1981-bengals-1.iff,123,bengals,1981,0,47,Bengals,Receiver,WR,84,placeholder,85,85,15,60,19,82,45,88,14,75,10,59,14,14,79,55,61,60,8,12,22,49,42,50,48,5,94,80
h-06-1981-bengals-1.iff,123,bengals,1981,0,48,Bengals,Receiver,WR,82,placeholder,98,88,17,59,14,74,45,92,6,84,7,71,15,16,81,21,23,67,12,14,15,49,38,50,33,5,52,81
h-06-1981-bengals-1.iff,123,bengals,1981,0,49,Bengals,Receiver,WR,81,placeholder,95,88,17,59,14,95,37,85,6,82,7,46,15,16,83,34,23,67,12,14,15,49,38,50,35,5,73,81
h-06-1981-bengals-1.iff,123,bengals,1981,0,50,Bengals,Receiver,WR,88,placeholder,90,88,22,59,14,86,29,87,6,57,7,25,25,24,70,45,39,67,12,14,15,49,38,50,34,5,90,52
h-06-1981-bengals-1.iff,123,bengals,1981,0,51,Bengals,Receiver,WR,89,placeholder,86,80,47,39,11,69,10,74,39,79,48,58,41,39,79,31,34,60,24,19,16,49,37,1,22,68,81,79
h-06-1981-bengals-1.iff,123,bengals,1981,0,52,Bengals,Receiver,WR,91,placeholder,89,92,15,69,14,73,33,79,11,79,9,36,16,16,79,41,41,76,8,9,19,49,46,50,41,5,74,24
h-06-1988-bengals-1.iff,124,bengals,1988,1,0,Bengals,Center,C,65,placeholder,37,53,10,82,23,97,57,41,31,21,33,14,10,10,33,88,90,6,39,27,22,49,40,99,54,5,65,50
h-06-1988-bengals-1.iff,124,bengals,1988,1,1,Bengals,Center,C,67,placeholder,52,58,11,76,17,99,91,67,6,8,16,7,10,10,9,54,52,8,11,33,13,49,27,99,42,5,35,22
h-06-1988-bengals-1.iff,124,bengals,1988,1,2,Bengals,Cornerback,CB,27,placeholder,87,86,9,70,18,83,45,82,95,14,74,10,11,11,42,19,26,43,30,60,19,49,84,1,79,5,86,78
h-06-1988-bengals-1.iff,124,bengals,1988,1,3,Bengals,Cornerback,CB,25,placeholder,83,85,9,53,17,82,35,78,92,14,67,10,11,10,24,30,28,43,25,59,19,49,78,1,69,5,95,60
h-06-1988-bengals-1.iff,124,bengals,1988,1,4,Bengals,Cornerback,CB,22,placeholder,81,77,9,60,18,95,53,64,68,11,71,8,11,10,26,22,27,37,32,55,19,49,24,1,47,5,86,45
h-06-1988-bengals-1.iff,124,bengals,1988,1,5,Bengals,Cornerback,CB,23,placeholder,88,82,11,94,24,66,41,88,73,7,64,35,11,11,39,44,42,32,47,50,26,49,58,1,43,5,55,24
h-06-1988-bengals-1.iff,124,bengals,1988,1,6,Bengals,Cornerback,CB,20,placeholder,91,79,11,60,17,86,49,76,67,7,45,5,11,11,21,23,23,32,38,42,15,49,31,1,32,5,48,39
h-06-1988-bengals-1.iff,124,bengals,1988,1,7,Bengals,Def End,DE,79,placeholder,76,64,10,70,20,79,73,64,46,18,85,29,11,10,19,27,20,18,93,80,20,49,70,99,66,5,75,81
h-06-1988-bengals-1.iff,124,bengals,1988,1,8,Bengals,Def End,DE,95,placeholder,65,85,10,63,19,79,65,85,55,18,79,26,11,10,23,17,21,12,83,83,20,49,31,99,44,5,45,83
h-06-1988-bengals-1.iff,124,bengals,1988,1,9,Bengals,Def End,DE,50,placeholder,65,62,11,49,12,38,67,88,10,19,89,27,13,11,14,18,20,10,83,82,13,49,26,99,40,5,50,46
h-06-1988-bengals-1.iff,124,bengals,1988,1,10,Bengals,Def Tackle,DT,69,placeholder,59,83,10,88,23,85,89,58,24,29,85,34,11,11,38,31,36,14,84,80,22,49,78,99,54,5,71,80
h-06-1988-bengals-1.iff,124,bengals,1988,1,11,Bengals,Def Tackle,DT,90,placeholder,59,56,10,63,22,73,67,56,50,19,88,28,11,10,27,35,27,22,75,84,23,49,48,99,64,5,75,58
h-06-1988-bengals-1.iff,124,bengals,1988,1,12,Bengals,Def Tackle,DT,98,placeholder,61,66,11,60,23,89,75,52,21,22,73,29,10,11,26,33,29,4,71,82,23,49,80,99,48,5,41,88
h-06-1988-bengals-1.iff,124,bengals,1988,1,13,Bengals,Def Tackle,DT,73,placeholder,65,79,11,72,22,84,75,59,20,18,71,31,11,10,19,25,20,10,70,82,21,49,72,99,49,5,20,63
h-06-1988-bengals-1.iff,124,bengals,1988,1,14,Bengals,Full Back,FB,30,placeholder,83,82,18,92,22,95,82,70,6,68,5,93,14,16,70,79,79,86,10,14,21,49,74,99,75,5,99,99
h-06-1988-bengals-1.iff,124,bengals,1988,1,15,Bengals,Safety,FS,48,placeholder,82,72,9,92,19,76,57,73,90,12,97,8,11,10,7,22,22,39,59,97,22,49,79,1,74,5,96,57
h-06-1988-bengals-1.iff,124,bengals,1988,1,16,Bengals,Safety,FS,37,placeholder,88,77,9,43,19,75,53,68,53,12,64,8,11,10,8,24,27,39,32,45,19,49,26,1,24,5,47,54
h-06-1988-bengals-1.iff,124,bengals,1988,1,17,Bengals,Guard,G,64,placeholder,32,61,12,83,22,94,79,58,13,29,26,15,10,10,21,85,89,8,24,28,19,49,80,99,74,5,45,39
h-06-1988-bengals-1.iff,124,bengals,1988,1,18,Bengals,Guard,G,75,placeholder,53,48,14,72,19,96,67,58,26,40,29,41,11,11,39,81,83,14,26,26,20,49,49,99,58,5,65,44
h-06-1988-bengals-1.iff,124,bengals,1988,1,19,Bengals,Guard,G,76,placeholder,42,66,14,85,22,94,71,45,33,41,32,49,11,11,48,70,70,20,41,32,21,49,54,99,48,5,38,24
h-06-1988-bengals-1.iff,124,bengals,1988,1,20,Bengals,Half Back,HB,21,placeholder,83,86,15,70,11,91,49,75,11,72,11,82,14,15,75,36,24,52,10,10,15,49,69,50,58,5,86,78
h-06-1988-bengals-1.iff,124,bengals,1988,1,21,Bengals,Half Back,HB,29,placeholder,76,75,28,89,14,75,57,59,6,40,6,88,26,26,48,36,30,94,15,6,16,49,81,99,61,5,64,70
h-06-1988-bengals-1.iff,124,bengals,1988,1,22,Bengals,Half Back,HB,33,placeholder,91,76,15,67,16,68,73,85,11,53,6,61,13,13,62,39,20,72,10,14,15,49,36,50,40,24,41,24
h-06-1988-bengals-1.iff,124,bengals,1988,1,23,Bengals,Half Back,HB,32,placeholder,83,68,15,67,16,90,71,79,11,31,6,61,13,13,61,48,50,75,10,14,15,49,36,50,39,5,36,9
h-06-1988-bengals-1.iff,124,bengals,1988,1,24,Bengals,Half Back,HB,31,placeholder,93,77,28,41,13,93,65,74,12,49,14,45,20,21,55,30,24,76,11,10,16,49,68,50,48,5,38,64
h-06-1988-bengals-1.iff,124,bengals,1988,1,25,Bengals,Linebacker,ILB,91,placeholder,77,76,10,79,11,87,65,68,74,21,82,25,11,10,19,30,23,16,71,76,11,49,28,99,44,5,65,74
h-06-1988-bengals-1.iff,124,bengals,1988,1,26,Bengals,Linebacker,ILB,55,placeholder,73,75,10,84,9,85,69,67,70,23,76,35,11,11,26,27,21,22,73,70,7,49,39,99,42,5,70,66
h-06-1988-bengals-1.iff,124,bengals,1988,1,27,Bengals,Linebacker,ILB,51,placeholder,75,87,13,67,16,77,83,70,60,22,71,30,11,11,24,23,26,10,58,65,15,49,31,99,45,5,47,24
h-06-1988-bengals-1.iff,124,bengals,1988,1,28,Bengals,Linebacker,ILB,94,placeholder,74,86,10,78,4,79,59,70,55,15,60,34,11,11,16,23,20,24,60,66,4,49,32,99,35,5,41,24
h-06-1988-bengals-1.iff,124,bengals,1988,1,29,Bengals,Kicker,K,8,placeholder,35,46,11,53,94,90,37,44,30,32,42,32,14,11,42,38,33,28,41,36,97,99,32,50,80,5,64,41
h-06-1988-bengals-1.iff,124,bengals,1988,1,30,Bengals,Linebacker,OLB,59,placeholder,81,83,10,81,9,57,51,79,76,20,75,24,11,10,20,28,19,20,52,74,10,49,32,99,45,5,89,73
h-06-1988-bengals-1.iff,124,bengals,1988,1,31,Bengals,Linebacker,OLB,57,placeholder,67,78,10,90,13,88,59,72,78,26,76,35,11,11,20,60,30,20,68,82,13,49,47,99,48,5,70,50
h-06-1988-bengals-1.iff,124,bengals,1988,1,32,Bengals,Linebacker,OLB,56,placeholder,79,79,10,77,6,83,65,81,56,19,66,33,11,11,13,22,17,22,61,69,4,49,33,99,24,5,22,66
h-06-1988-bengals-1.iff,124,bengals,1988,1,33,Bengals,Linebacker,OLB,52,placeholder,79,78,10,76,7,82,59,73,75,15,63,24,11,11,14,22,18,30,65,61,7,49,44,99,26,5,61,76
h-06-1988-bengals-1.iff,124,bengals,1988,1,34,Bengals,Punter,P,18,placeholder,45,46,22,43,82,45,36,38,23,23,34,17,22,27,19,19,14,32,19,12,83,1,70,50,88,5,82,23
h-06-1988-bengals-1.iff,124,bengals,1988,1,35,Bengals,Punter,P,3,placeholder,45,45,21,45,74,47,33,37,20,20,29,17,23,25,15,17,14,32,16,12,69,1,33,50,57,5,60,24
h-06-1988-bengals-1.iff,124,bengals,1988,1,36,Bengals,Quarterback,QB,7,placeholder,67,72,96,50,11,74,45,64,31,24,29,22,86,86,18,32,26,14,22,22,14,49,99,50,96,56,93,73
h-06-1988-bengals-1.iff,124,bengals,1988,1,37,Bengals,Quarterback,QB,15,placeholder,54,51,75,15,8,89,22,53,29,23,29,10,70,77,19,32,26,28,19,19,13,49,68,50,75,16,75,24
h-06-1988-bengals-1.iff,124,bengals,1988,1,38,Bengals,Quarterback,QB,14,placeholder,81,91,92,28,23,45,18,73,14,29,29,51,65,60,28,13,10,28,11,5,21,49,75,50,55,67,33,24
h-06-1988-bengals-1.iff,124,bengals,1988,1,39,Bengals,Safety,SS,36,placeholder,89,90,10,99,12,99,80,80,85,35,99,40,11,10,35,18,18,49,65,96,16,49,99,25,99,5,99,74
h-06-1988-bengals-1.iff,124,bengals,1988,1,40,Bengals,Safety,SS,35,placeholder,86,84,11,83,19,70,51,76,70,10,58,7,11,11,17,43,48,37,65,59,19,49,62,1,37,5,52,48
h-06-1988-bengals-1.iff,124,bengals,1988,1,41,Bengals,Tackle,T,71,placeholder,44,48,11,83,19,95,69,41,15,31,36,19,10,11,26,95,99,13,30,28,18,49,88,99,85,5,95,48
h-06-1988-bengals-1.iff,124,bengals,1988,1,42,Bengals,Tackle,T,68,placeholder,43,56,11,86,19,94,69,41,15,29,29,20,10,10,26,94,93,13,30,28,18,49,80,99,69,5,76,49
h-06-1988-bengals-1.iff,124,bengals,1988,1,43,Bengals,Tackle,T,74,placeholder,48,63,11,87,16,86,77,73,13,28,24,16,10,11,21,72,72,11,26,27,15,49,50,99,51,5,38,14
h-06-1988-bengals-1.iff,124,bengals,1988,1,44,Bengals,Tight End,TE,89,placeholder,83,82,10,45,5,60,51,67,14,94,8,89,11,13,88,75,77,59,12,11,11,49,26,99,46,5,68,95
h-06-1988-bengals-1.iff,124,bengals,1988,1,45,Bengals,Tight End,TE,82,placeholder,64,71,10,46,8,76,55,67,9,52,12,32,11,12,77,73,75,65,14,14,11,49,31,99,37,5,29,23
h-06-1988-bengals-1.iff,124,bengals,1988,1,46,Bengals,Tight End,TE,86,placeholder,64,71,10,46,8,76,55,67,9,52,12,32,11,12,77,73,75,65,14,14,11,49,31,99,37,5,29,23
h-06-1988-bengals-1.iff,124,bengals,1988,1,47,Bengals,Tight End,TE,87,placeholder,67,56,10,10,7,88,58,56,29,38,31,34,11,10,45,47,50,72,12,22,11,49,22,99,38,5,50,23
h-06-1988-bengals-1.iff,124,bengals,1988,1,48,Bengals,Receiver,WR,88,placeholder,91,89,15,73,17,89,33,84,6,94,12,78,16,17,90,46,43,85,8,7,16,49,79,50,54,5,99,89
h-06-1988-bengals-1.iff,124,bengals,1988,1,49,Bengals,Receiver,WR,85,placeholder,87,82,15,65,11,83,47,73,5,94,7,57,16,16,90,41,38,80,9,12,15,49,68,50,72,5,99,47
h-06-1988-bengals-1.iff,124,bengals,1988,1,50,Bengals,Receiver,WR,80,placeholder,84,83,15,74,12,58,47,67,14,83,10,60,16,15,84,47,46,78,15,10,16,49,58,50,61,5,95,55
h-06-1988-bengals-1.iff,124,bengals,1988,1,51,Bengals,Receiver,WR,84,placeholder,95,88,17,59,14,95,37,85,6,82,7,46,15,16,83,34,23,67,12,14,15,49,38,50,35,5,73,81
h-06-1988-bengals-1.iff,124,bengals,1988,1,52,Bengals,Receiver,WR,83,placeholder,89,92,15,69,14,73,33,79,11,79,9,36,16,16,79,41,41,76,8,9,19,49,46,50,41,5,74,24
h-07-1971-cowboys-4.iff,125,cowboys,1971,1,0,Cowboys,Center,C,58,placeholder,45,63,12,98,26,96,63,55,31,17,30,23,11,10,23,95,99,10,35,40,22,49,84,99,77,5,93,68
h-07-1971-cowboys-4.iff,125,cowboys,1971,1,1,Cowboys,Center,C,67,placeholder,53,66,12,82,21,98,57,50,30,50,37,39,11,11,42,67,70,13,41,22,22,49,54,99,45,5,75,41
h-07-1971-cowboys-4.iff,125,cowboys,1971,1,2,Cowboys,Center,C,64,placeholder,53,66,12,82,21,98,57,50,30,51,37,39,11,11,42,66,70,13,42,23,22,49,54,99,45,5,73,41
h-07-1971-cowboys-4.iff,125,cowboys,1971,1,3,Cowboys,Cornerback,CB,29,placeholder,87,86,9,70,18,83,45,82,95,14,74,10,11,11,42,19,26,43,30,60,19,49,84,1,79,5,86,78
h-07-1971-cowboys-4.iff,125,cowboys,1971,1,4,Cowboys,Cornerback,CB,23,placeholder,83,88,9,55,16,87,45,64,89,10,76,7,11,10,39,14,18,37,38,65,16,49,79,1,63,5,90,56
h-07-1971-cowboys-4.iff,125,cowboys,1971,1,5,Cowboys,Cornerback,CB,48,placeholder,85,98,12,53,17,87,49,99,70,14,72,10,12,13,23,5,5,60,30,59,15,49,32,1,42,5,51,60
h-07-1971-cowboys-4.iff,125,cowboys,1971,1,6,Cowboys,Cornerback,CB,32,placeholder,83,81,12,55,16,97,49,92,77,6,60,4,13,11,41,18,20,30,40,51,19,49,28,1,44,5,55,43
h-07-1971-cowboys-4.iff,125,cowboys,1971,1,7,Cowboys,Cornerback,CB,43,placeholder,86,90,9,49,15,86,43,81,63,9,66,6,11,10,18,9,13,35,52,52,17,49,25,1,43,5,51,24
h-07-1971-cowboys-4.iff,125,cowboys,1971,1,8,Cowboys,Def End,DE,63,placeholder,91,88,11,60,15,79,51,82,41,25,90,33,13,11,22,21,26,12,94,83,17,49,69,99,50,5,79,85
h-07-1971-cowboys-4.iff,125,cowboys,1971,1,9,Cowboys,Def End,DE,66,placeholder,83,71,11,67,19,70,71,79,47,15,82,29,11,11,18,21,19,24,96,79,19,49,48,99,53,5,63,57
h-07-1971-cowboys-4.iff,125,cowboys,1971,1,10,Cowboys,Def End,DE,85,placeholder,61,71,10,72,22,88,57,73,68,24,87,37,11,11,32,23,30,24,76,77,21,49,36,99,36,5,55,85
h-07-1971-cowboys-4.iff,125,cowboys,1971,1,11,Cowboys,Def End,DE,62,placeholder,87,68,10,67,19,98,85,70,3,23,70,35,11,11,27,26,34,18,70,52,19,49,34,99,48,5,50,24
h-07-1971-cowboys-4.iff,125,cowboys,1971,1,12,Cowboys,Def End,DE,93,placeholder,75,72,10,50,17,83,57,58,42,18,73,24,11,10,19,21,20,10,74,74,19,49,21,99,38,5,42,75
h-07-1971-cowboys-4.iff,125,cowboys,1971,1,13,Cowboys,Def Tackle,DT,74,placeholder,59,83,10,88,23,85,89,58,24,29,85,34,11,11,38,31,36,14,84,80,22,49,78,99,54,5,71,80
h-07-1971-cowboys-4.iff,125,cowboys,1971,1,14,Cowboys,Def Tackle,DT,75,placeholder,50,63,11,57,22,85,77,64,18,14,77,31,11,11,24,29,26,22,78,78,20,49,62,99,63,5,72,74
h-07-1971-cowboys-4.iff,125,cowboys,1971,1,15,Cowboys,Def Tackle,DT,72,placeholder,58,75,10,60,15,80,77,58,20,19,75,34,11,11,23,23,27,20,80,76,19,49,29,99,32,5,35,76
h-07-1971-cowboys-4.iff,125,cowboys,1971,1,16,Cowboys,Full Back,FB,37,placeholder,84,76,16,97,24,92,47,67,15,70,10,41,14,14,88,83,80,95,7,9,26,49,65,99,72,5,28,24
h-07-1971-cowboys-4.iff,125,cowboys,1971,1,17,Cowboys,Full Back,FB,34,placeholder,70,66,18,70,15,95,53,65,38,40,21,50,14,14,59,70,68,87,29,36,14,49,22,99,50,5,64,38
h-07-1971-cowboys-4.iff,125,cowboys,1971,1,18,Cowboys,Safety,FS,35,placeholder,81,88,12,93,22,84,39,76,78,8,82,6,12,11,14,30,31,34,48,68,25,49,54,1,53,5,65,46
h-07-1971-cowboys-4.iff,125,cowboys,1971,1,19,Cowboys,Safety,FS,31,placeholder,89,95,11,66,20,86,45,85,65,8,54,6,11,11,34,34,35,34,44,50,21,49,36,1,37,5,23,42
h-07-1971-cowboys-4.iff,125,cowboys,1971,1,20,Cowboys,Guard,G,73,placeholder,50,66,12,92,23,94,61,55,13,43,28,16,10,11,50,98,93,8,28,27,21,49,80,99,87,5,94,42
h-07-1971-cowboys-4.iff,125,cowboys,1971,1,21,Cowboys,Guard,G,68,placeholder,51,64,12,75,22,93,67,44,14,32,29,12,10,11,26,84,80,8,27,26,21,49,81,99,83,5,80,49
h-07-1971-cowboys-4.iff,125,cowboys,1971,1,22,Cowboys,Guard,G,76,placeholder,49,64,12,94,28,96,77,52,19,33,34,24,10,10,31,73,70,11,34,28,25,49,74,99,60,5,56,24
h-07-1971-cowboys-4.iff,125,cowboys,1971,1,23,Cowboys,Guard,G,78,placeholder,52,57,12,69,18,96,77,45,14,37,29,32,14,11,34,65,76,10,27,24,13,49,42,99,44,5,30,46
h-07-1971-cowboys-4.iff,125,cowboys,1971,1,24,Cowboys,Half Back,HB,36,placeholder,84,80,23,99,16,91,51,93,12,58,12,73,22,23,56,33,33,99,13,12,19,49,72,50,62,5,70,70
h-07-1971-cowboys-4.iff,125,cowboys,1971,1,25,Cowboys,Half Back,HB,42,placeholder,89,68,28,72,11,92,67,84,30,47,22,77,27,28,53,44,27,60,16,20,13,49,39,99,38,5,54,70
h-07-1971-cowboys-4.iff,125,cowboys,1971,1,26,Cowboys,Half Back,HB,30,placeholder,91,76,15,67,16,68,73,85,11,53,6,61,13,13,62,39,20,72,10,14,15,49,36,50,40,24,41,24
h-07-1971-cowboys-4.iff,125,cowboys,1971,1,27,Cowboys,Half Back,HB,33,placeholder,86,63,14,72,17,90,55,76,33,43,36,57,14,14,36,28,31,62,30,27,16,49,43,1,22,5,51,41
h-07-1971-cowboys-4.iff,125,cowboys,1971,1,28,Cowboys,Linebacker,ILB,55,placeholder,75,76,10,64,6,89,57,82,72,15,92,22,11,11,18,27,20,24,63,89,5,49,89,99,63,5,95,76
h-07-1971-cowboys-4.iff,125,cowboys,1971,1,29,Cowboys,Linebacker,ILB,60,placeholder,72,75,10,72,10,88,65,70,76,18,62,25,11,10,16,29,22,18,50,63,9,49,32,99,28,5,24,72
h-07-1971-cowboys-4.iff,125,cowboys,1971,1,30,Cowboys,Linebacker,ILB,53,placeholder,76,66,10,90,16,77,67,69,53,43,64,42,11,10,34,38,37,24,39,60,16,49,36,99,23,5,39,51
h-07-1971-cowboys-4.iff,125,cowboys,1971,1,31,Cowboys,Kicker,K,86,placeholder,37,43,11,39,83,88,30,40,16,17,40,16,11,12,19,27,20,36,12,12,72,99,15,50,53,5,41,20
h-07-1971-cowboys-4.iff,125,cowboys,1971,1,32,Cowboys,Kicker,K,14,placeholder,39,44,10,30,84,84,30,42,17,23,25,15,11,12,6,12,8,26,11,12,70,99,17,50,47,5,28,37
h-07-1971-cowboys-4.iff,125,cowboys,1971,1,33,Cowboys,Linebacker,OLB,54,placeholder,80,86,10,99,11,99,90,70,85,20,99,28,11,10,26,27,21,26,95,89,11,49,99,27,90,5,99,99
h-07-1971-cowboys-4.iff,125,cowboys,1971,1,34,Cowboys,Linebacker,OLB,57,placeholder,74,72,10,85,14,84,71,67,76,18,86,31,11,11,23,34,26,34,72,78,13,49,87,99,69,5,77,77
h-07-1971-cowboys-4.iff,125,cowboys,1971,1,35,Cowboys,Linebacker,OLB,59,placeholder,65,76,10,77,6,82,47,76,56,21,76,33,10,11,14,24,16,25,62,61,5,49,33,99,26,5,44,48
h-07-1971-cowboys-4.iff,125,cowboys,1971,1,36,Cowboys,Punter,P,19,placeholder,45,46,20,48,94,95,35,37,23,27,41,18,23,24,15,20,16,16,22,12,89,1,32,50,90,5,92,23
h-07-1971-cowboys-4.iff,125,cowboys,1971,1,37,Cowboys,Quarterback,QB,12,placeholder,67,72,96,50,11,74,45,64,31,24,29,22,86,86,18,32,26,14,22,22,14,49,99,50,96,56,93,73
h-07-1971-cowboys-4.iff,125,cowboys,1971,1,38,Cowboys,Quarterback,QB,15,placeholder,65,73,88,50,11,89,39,59,29,28,29,22,76,84,40,34,29,11,22,22,14,49,76,50,81,45,86,24
h-07-1971-cowboys-4.iff,125,cowboys,1971,1,39,Cowboys,Quarterback,QB,7,placeholder,81,91,92,28,23,45,18,73,14,29,29,51,65,60,28,13,10,28,11,5,21,49,75,50,55,67,33,24
h-07-1971-cowboys-4.iff,125,cowboys,1971,1,40,Cowboys,Safety,SS,46,placeholder,88,77,10,72,14,39,59,70,85,40,80,10,11,11,17,26,20,49,55,76,17,49,75,1,69,5,92,80
h-07-1971-cowboys-4.iff,125,cowboys,1971,1,41,Cowboys,Tackle,T,65,placeholder,28,58,11,94,21,94,69,44,16,32,36,23,10,10,32,95,90,12,34,28,19,49,75,99,69,5,85,24
h-07-1971-cowboys-4.iff,125,cowboys,1971,1,42,Cowboys,Tackle,T,79,placeholder,44,48,11,83,19,95,69,41,15,31,36,19,10,11,26,95,99,13,30,28,18,49,88,99,85,5,95,48
h-07-1971-cowboys-4.iff,125,cowboys,1971,1,43,Cowboys,Tackle,T,77,placeholder,28,36,11,70,14,98,65,45,8,27,20,15,10,10,1,74,76,1,19,27,14,49,34,99,44,5,77,44
h-07-1971-cowboys-4.iff,125,cowboys,1971,1,44,Cowboys,Tackle,T,70,placeholder,62,54,12,80,20,89,67,54,16,29,29,23,11,11,26,68,62,17,30,30,19,49,93,99,77,5,82,38
h-07-1971-cowboys-4.iff,125,cowboys,1971,1,45,Cowboys,Tight End,TE,89,placeholder,83,82,10,45,5,60,51,67,14,94,8,89,11,13,88,75,77,59,12,11,11,49,26,99,46,5,68,95
h-07-1971-cowboys-4.iff,125,cowboys,1971,1,46,Cowboys,Tight End,TE,82,placeholder,74,80,11,44,18,83,55,73,15,35,39,24,10,11,35,77,72,50,31,26,17,49,46,99,29,5,32,21
h-07-1971-cowboys-4.iff,125,cowboys,1971,1,47,Cowboys,Tight End,TE,84,placeholder,58,62,10,30,4,78,69,56,21,53,16,43,11,13,54,51,52,66,9,20,6,49,24,99,20,5,31,52
h-07-1971-cowboys-4.iff,125,cowboys,1971,1,48,Cowboys,Receiver,WR,27,placeholder,90,72,15,37,5,80,45,70,6,90,12,63,14,14,89,43,41,83,6,8,9,49,15,50,61,5,97,42
h-07-1971-cowboys-4.iff,125,cowboys,1971,1,49,Cowboys,Receiver,WR,10,placeholder,93,86,13,28,7,82,47,99,15,85,11,66,14,14,80,27,34,76,5,10,12,49,68,50,54,5,92,42
h-07-1971-cowboys-4.iff,125,cowboys,1971,1,50,Cowboys,Receiver,WR,38,placeholder,96,83,15,72,16,47,32,82,6,86,14,41,16,17,87,46,47,80,10,7,15,49,55,50,38,5,89,80
h-07-1971-cowboys-4.iff,125,cowboys,1971,1,51,Cowboys,Receiver,WR,26,placeholder,98,88,17,59,14,74,45,92,6,84,7,71,15,16,81,21,23,67,12,14,15,49,38,50,33,5,52,81
h-07-1971-cowboys-4.iff,125,cowboys,1971,1,52,Cowboys,Receiver,WR,3,placeholder,89,92,15,69,14,73,33,79,11,79,9,36,16,16,79,41,41,76,8,9,19,49,46,50,41,5,74,24
h-07-1977-cowboys-3.iff,126,cowboys,1977,1,0,Cowboys,Center,C,68,placeholder,43,61,11,83,21,87,67,65,37,41,32,38,14,11,41,61,60,9,41,37,17,49,51,99,28,5,46,62
h-07-1977-cowboys-3.iff,126,cowboys,1977,1,1,Cowboys,Cornerback,CB,38,placeholder,83,88,9,55,16,87,45,64,89,10,76,7,11,10,39,14,18,37,38,65,16,49,79,1,63,5,90,56
h-07-1977-cowboys-3.iff,126,cowboys,1977,1,2,Cowboys,Cornerback,CB,24,placeholder,75,83,9,55,16,73,39,68,89,12,79,8,11,10,47,23,25,39,40,70,19,49,64,1,54,5,90,77
h-07-1977-cowboys-3.iff,126,cowboys,1977,1,3,Cowboys,Cornerback,CB,43,placeholder,85,98,12,53,17,87,49,99,70,14,72,10,12,13,23,5,5,60,30,59,15,49,32,1,42,5,51,60
h-07-1977-cowboys-3.iff,126,cowboys,1977,1,4,Cowboys,Cornerback,CB,20,placeholder,82,89,9,83,19,88,39,82,72,11,70,8,11,10,23,18,22,37,35,54,23,49,20,1,41,5,79,60
h-07-1977-cowboys-3.iff,126,cowboys,1977,1,5,Cowboys,Cornerback,CB,42,placeholder,87,90,13,64,16,68,51,79,63,8,56,6,13,11,26,26,29,60,41,53,17,49,31,1,30,5,50,56
h-07-1977-cowboys-3.iff,126,cowboys,1977,1,6,Cowboys,Def End,DE,70,placeholder,75,82,10,75,19,86,71,79,46,14,88,28,11,10,22,18,23,26,96,78,19,49,59,99,66,5,88,80
h-07-1977-cowboys-3.iff,126,cowboys,1977,1,7,Cowboys,Def End,DE,77,placeholder,61,71,10,72,22,88,57,73,68,24,87,37,11,11,32,23,30,24,76,77,21,49,36,99,36,5,55,85
h-07-1977-cowboys-3.iff,126,cowboys,1977,1,8,Cowboys,Def End,DE,64,placeholder,71,73,11,58,18,81,65,72,29,27,59,31,13,11,24,24,23,10,80,66,19,49,31,99,39,5,41,45
h-07-1977-cowboys-3.iff,126,cowboys,1977,1,9,Cowboys,Def End,DE,66,placeholder,68,79,11,63,20,76,91,67,41,28,63,33,13,11,27,28,27,16,70,51,20,49,31,99,38,5,8,24
h-07-1977-cowboys-3.iff,126,cowboys,1977,1,10,Cowboys,Def Tackle,DT,75,placeholder,59,63,10,66,22,89,87,52,24,26,79,34,11,11,32,32,36,10,70,84,23,49,70,99,54,5,52,47
h-07-1977-cowboys-3.iff,126,cowboys,1977,1,11,Cowboys,Def Tackle,DT,54,placeholder,61,69,11,90,24,85,69,52,24,21,89,34,11,10,24,25,25,10,79,85,25,49,82,99,63,5,81,85
h-07-1977-cowboys-3.iff,126,cowboys,1977,1,12,Cowboys,Def Tackle,DT,72,placeholder,54,59,11,53,16,80,69,50,7,23,72,29,9,11,26,18,23,4,62,74,10,49,31,99,33,5,59,65
h-07-1977-cowboys-3.iff,126,cowboys,1977,1,13,Cowboys,Full Back,FB,45,placeholder,84,76,16,97,24,92,47,67,15,70,10,41,14,14,88,83,80,95,7,9,26,49,65,99,72,5,28,24
h-07-1977-cowboys-3.iff,126,cowboys,1977,1,14,Cowboys,Safety,FS,46,placeholder,82,72,9,92,19,76,57,73,90,12,97,8,11,10,7,22,22,39,59,97,22,49,79,1,74,5,96,57
h-07-1977-cowboys-3.iff,126,cowboys,1977,1,15,Cowboys,Safety,FS,26,placeholder,87,81,10,66,17,65,39,62,80,12,76,8,11,10,14,24,20,39,33,65,19,49,26,1,45,5,70,80
h-07-1977-cowboys-3.iff,126,cowboys,1977,1,16,Cowboys,Safety,FS,22,placeholder,78,80,9,97,21,86,61,79,58,12,74,8,11,11,12,23,22,39,44,62,23,49,61,1,62,5,93,54
h-07-1977-cowboys-3.iff,126,cowboys,1977,1,17,Cowboys,Guard,G,61,placeholder,38,57,12,86,23,99,69,45,13,30,27,16,10,10,23,97,90,7,27,28,21,49,83,99,73,5,88,24
h-07-1977-cowboys-3.iff,126,cowboys,1977,1,18,Cowboys,Guard,G,65,placeholder,39,48,12,76,24,96,58,39,14,33,29,16,10,10,24,80,84,7,28,27,22,49,38,99,60,5,88,24
h-07-1977-cowboys-3.iff,126,cowboys,1977,1,19,Cowboys,Guard,G,79,placeholder,34,59,10,76,19,82,65,52,29,44,32,41,11,14,40,66,69,10,32,23,19,49,51,99,48,5,44,2
h-07-1977-cowboys-3.iff,126,cowboys,1977,1,20,Cowboys,Half Back,HB,36,placeholder,81,79,25,89,13,81,55,67,8,74,6,85,16,15,79,31,32,96,12,10,17,49,41,50,67,5,86,71
h-07-1977-cowboys-3.iff,126,cowboys,1977,1,21,Cowboys,Half Back,HB,21,placeholder,88,68,17,67,11,87,47,75,29,50,28,81,14,17,55,27,30,94,22,34,12,49,41,50,51,5,70,52
h-07-1977-cowboys-3.iff,126,cowboys,1977,1,22,Cowboys,Half Back,HB,33,placeholder,85,83,17,74,11,98,65,82,14,49,9,70,14,15,60,63,63,74,12,12,15,49,45,50,47,5,38,24
h-07-1977-cowboys-3.iff,126,cowboys,1977,1,23,Cowboys,Half Back,HB,23,placeholder,67,79,15,43,16,71,65,67,39,31,28,83,14,14,62,37,29,96,32,36,17,49,50,99,40,5,54,74
h-07-1977-cowboys-3.iff,126,cowboys,1977,1,24,Cowboys,Half Back,HB,34,placeholder,83,75,16,72,16,71,49,61,10,59,14,70,13,13,60,46,46,70,6,12,14,49,34,99,29,5,62,79
h-07-1977-cowboys-3.iff,126,cowboys,1977,1,25,Cowboys,Linebacker,ILB,56,placeholder,78,69,10,78,4,64,69,84,74,15,90,34,11,11,16,23,20,24,83,89,4,49,79,99,52,5,74,63
h-07-1977-cowboys-3.iff,126,cowboys,1977,1,26,Cowboys,Linebacker,ILB,51,placeholder,80,72,10,81,13,72,63,75,69,23,86,27,11,10,15,34,29,22,74,78,13,49,72,99,53,5,71,61
h-07-1977-cowboys-3.iff,126,cowboys,1977,1,27,Cowboys,Kicker,K,9,placeholder,38,43,11,43,95,96,34,39,19,21,42,17,11,12,20,26,21,33,16,12,97,99,62,50,99,5,89,22
h-07-1977-cowboys-3.iff,126,cowboys,1977,1,28,Cowboys,Linebacker,OLB,59,placeholder,77,71,10,92,13,84,73,85,70,28,89,47,11,11,21,31,29,39,87,89,13,49,75,99,59,5,75,80
h-07-1977-cowboys-3.iff,126,cowboys,1977,1,29,Cowboys,Linebacker,OLB,53,placeholder,69,80,10,97,15,88,55,76,77,19,91,32,11,10,30,31,25,32,88,93,14,49,86,99,71,5,93,70
h-07-1977-cowboys-3.iff,126,cowboys,1977,1,30,Cowboys,Linebacker,OLB,52,placeholder,81,70,10,83,10,65,51,72,70,18,77,25,11,10,16,30,26,24,60,78,10,49,29,99,31,5,59,85
h-07-1977-cowboys-3.iff,126,cowboys,1977,1,31,Cowboys,Linebacker,OLB,50,placeholder,61,86,10,78,4,84,63,62,56,15,60,34,11,11,16,23,20,24,59,69,4,49,32,99,33,5,28,24
h-07-1977-cowboys-3.iff,126,cowboys,1977,1,32,Cowboys,Punter,P,6,placeholder,43,46,20,50,79,85,32,39,17,18,27,16,22,24,15,20,12,30,15,12,72,1,1,50,74,5,61,23
h-07-1977-cowboys-3.iff,126,cowboys,1977,1,33,Cowboys,Quarterback,QB,12,placeholder,67,72,96,50,11,74,45,64,31,24,29,22,86,86,18,32,26,14,22,22,14,49,99,50,96,56,93,73
h-07-1977-cowboys-3.iff,126,cowboys,1977,1,34,Cowboys,Quarterback,QB,18,placeholder,61,54,85,22,4,84,19,60,24,18,22,3,81,76,9,20,21,28,11,18,8,49,88,50,79,36,73,24
h-07-1977-cowboys-3.iff,126,cowboys,1977,1,35,Cowboys,Quarterback,QB,7,placeholder,81,91,92,28,23,45,18,73,14,29,29,51,65,60,28,13,10,28,11,5,21,49,75,50,55,67,33,24
h-07-1977-cowboys-3.iff,126,cowboys,1977,1,36,Cowboys,Quarterback,QB,13,placeholder,62,86,73,40,9,65,26,68,29,20,29,29,56,69,9,22,21,29,16,20,12,49,64,50,68,44,68,24
h-07-1977-cowboys-3.iff,126,cowboys,1977,1,37,Cowboys,Safety,SS,48,placeholder,89,90,10,99,12,99,80,80,85,35,99,40,11,10,35,18,18,49,65,96,16,49,99,25,99,5,99,74
h-07-1977-cowboys-3.iff,126,cowboys,1977,1,38,Cowboys,Safety,SS,29,placeholder,84,86,8,99,28,75,51,85,64,20,76,7,10,10,50,38,43,44,61,69,29,49,50,1,34,5,58,58
h-07-1977-cowboys-3.iff,126,cowboys,1977,1,39,Cowboys,Tackle,T,76,placeholder,53,66,11,87,18,95,65,55,15,33,30,16,10,10,23,89,85,9,30,27,17,49,77,99,74,5,95,41
h-07-1977-cowboys-3.iff,126,cowboys,1977,1,40,Cowboys,Tackle,T,62,placeholder,41,51,12,90,13,96,73,50,13,46,38,47,13,11,39,80,82,22,36,32,16,49,51,99,62,5,80,24
h-07-1977-cowboys-3.iff,126,cowboys,1977,1,41,Cowboys,Tackle,T,78,placeholder,48,62,11,50,18,96,67,47,9,23,32,8,10,10,11,66,59,4,28,45,15,49,22,99,40,5,74,47
h-07-1977-cowboys-3.iff,126,cowboys,1977,1,42,Cowboys,Tight End,TE,87,placeholder,73,77,10,39,4,85,55,55,19,78,16,74,11,13,84,64,67,59,11,20,4,49,24,99,57,5,58,13
h-07-1977-cowboys-3.iff,126,cowboys,1977,1,43,Cowboys,Tight End,TE,89,placeholder,64,71,10,46,8,76,55,67,9,52,12,32,11,12,77,73,75,65,14,14,11,49,31,99,37,5,29,23
h-07-1977-cowboys-3.iff,126,cowboys,1977,1,44,Cowboys,Tight End,TE,82,placeholder,75,71,10,46,8,88,63,70,9,75,12,61,11,12,81,69,71,65,14,14,11,49,41,99,45,5,72,40
h-07-1977-cowboys-3.iff,126,cowboys,1977,1,45,Cowboys,Receiver,WR,88,placeholder,82,86,24,46,9,80,42,59,11,94,14,76,25,25,95,64,61,85,7,13,14,49,70,50,73,5,99,24
h-07-1977-cowboys-3.iff,126,cowboys,1977,1,46,Cowboys,Receiver,WR,86,placeholder,93,86,13,28,7,82,47,99,15,85,11,66,14,14,80,27,34,76,5,10,12,49,68,50,54,5,92,42
h-07-1977-cowboys-3.iff,126,cowboys,1977,1,47,Cowboys,Receiver,WR,83,placeholder,83,86,15,44,9,81,37,68,6,77,14,45,16,16,75,19,28,74,11,14,13,49,49,50,70,5,96,45
h-07-1977-cowboys-3.iff,126,cowboys,1977,1,48,Cowboys,Receiver,WR,80,placeholder,86,80,47,39,11,69,10,74,39,79,48,58,41,39,79,31,34,60,24,19,16,49,37,1,22,68,81,79
h-07-1977-cowboys-3.iff,126,cowboys,1977,1,49,Cowboys,Receiver,WR,4,placeholder,89,92,15,69,14,73,33,79,11,79,9,36,16,16,79,41,41,76,8,9,19,49,46,50,41,5,74,24
h-07-1977-cowboys-3.iff,126,cowboys,1977,1,50,Cowboys,Receiver,WR,84,placeholder,91,85,17,51,11,81,11,78,15,72,14,41,15,16,72,32,28,58,6,9,12,49,60,50,32,5,78,52
h-07-1977-cowboys-3.iff,126,cowboys,1977,1,51,Cowboys,Receiver,WR,85,placeholder,85,74,13,55,14,62,34,81,33,56,32,35,13,12,56,33,29,58,20,16,15,49,34,50,31,5,80,14
h-07-1977-cowboys-3.iff,126,cowboys,1977,1,52,Cowboys,Receiver,WR,81,placeholder,85,74,13,55,14,62,34,81,33,56,32,35,13,12,56,33,29,58,20,16,15,49,34,50,31,5,80,14
h-07-1992-cowboys-2.iff,127,cowboys,1992,0,0,Cowboys,Center,C,56,placeholder,45,63,12,98,26,96,63,55,31,17,30,23,11,10,23,97,99,10,35,40,22,49,84,99,77,5,93,68
h-07-1992-cowboys-2.iff,127,cowboys,1992,0,1,Cowboys,Center,C,61,placeholder,47,60,11,59,19,97,53,52,15,13,32,8,10,10,18,76,79,7,22,27,17,49,33,99,52,5,78,42
h-07-1992-cowboys-2.iff,127,cowboys,1992,0,2,Cowboys,Cornerback,CB,25,placeholder,81,86,9,96,18,85,47,72,89,11,80,8,12,10,40,14,20,37,59,72,21,49,76,1,54,5,90,80
h-07-1992-cowboys-2.iff,127,cowboys,1992,0,3,Cowboys,Cornerback,CB,23,placeholder,83,90,9,89,16,77,35,78,95,12,78,8,12,10,47,14,18,39,28,77,20,49,88,1,59,5,90,80
h-07-1992-cowboys-2.iff,127,cowboys,1992,0,4,Cowboys,Cornerback,CB,47,placeholder,85,91,11,75,19,85,33,81,86,8,69,6,11,11,35,34,39,34,24,71,21,49,36,1,40,5,60,52
h-07-1992-cowboys-2.iff,127,cowboys,1992,0,5,Cowboys,Cornerback,CB,30,placeholder,87,92,9,88,21,83,43,73,61,13,49,9,11,10,19,29,27,41,29,51,23,49,42,1,21,5,28,57
h-07-1992-cowboys-2.iff,127,cowboys,1992,0,6,Cowboys,Def End,DE,97,placeholder,78,88,10,79,19,76,58,64,51,14,95,28,11,10,24,19,26,28,98,88,20,49,97,99,65,5,83,80
h-07-1992-cowboys-2.iff,127,cowboys,1992,0,7,Cowboys,Def End,DE,95,placeholder,54,66,11,49,19,89,73,58,3,16,75,26,11,10,19,27,23,4,79,70,19,49,20,99,53,5,73,61
h-07-1992-cowboys-2.iff,127,cowboys,1992,0,8,Cowboys,Def End,DE,99,placeholder,56,64,11,50,15,89,57,67,24,23,74,29,13,11,19,20,18,10,76,73,15,49,27,99,39,5,60,63
h-07-1992-cowboys-2.iff,127,cowboys,1992,0,9,Cowboys,Def End,DE,72,placeholder,66,77,10,67,19,80,71,55,58,23,72,35,11,11,27,26,34,18,71,64,19,49,34,99,42,5,29,24
h-07-1992-cowboys-2.iff,127,cowboys,1992,0,10,Cowboys,Def Tackle,DT,75,placeholder,81,75,11,61,21,83,67,69,34,16,89,28,10,10,22,32,23,14,41,89,19,49,77,99,56,5,79,89
h-07-1992-cowboys-2.iff,127,cowboys,1992,0,11,Cowboys,Def Tackle,DT,62,placeholder,64,62,11,41,24,87,75,58,24,24,84,29,10,11,30,37,30,4,47,81,24,49,42,99,59,5,69,69
h-07-1992-cowboys-2.iff,127,cowboys,1992,0,12,Cowboys,Def Tackle,DT,92,placeholder,58,75,10,60,15,80,77,58,20,19,75,34,11,11,23,23,27,20,80,76,19,49,29,99,32,5,35,76
h-07-1992-cowboys-2.iff,127,cowboys,1992,0,13,Cowboys,Def Tackle,DT,71,placeholder,58,60,11,50,22,75,91,56,18,20,75,28,10,10,23,32,24,2,36,84,22,49,20,99,37,5,51,79
h-07-1992-cowboys-2.iff,127,cowboys,1992,0,14,Cowboys,Def Tackle,DT,94,placeholder,70,75,10,60,15,81,59,64,20,19,75,34,11,11,23,23,27,20,74,68,19,49,29,99,46,5,55,24
h-07-1992-cowboys-2.iff,127,cowboys,1992,0,15,Cowboys,Def Tackle,DT,76,placeholder,54,52,10,61,16,74,61,45,11,21,66,31,11,11,24,19,23,18,59,73,16,49,29,99,27,5,64,44
h-07-1992-cowboys-2.iff,127,cowboys,1992,0,16,Cowboys,Full Back,FB,41,placeholder,77,83,18,92,22,91,67,67,6,65,5,91,14,16,76,67,65,65,10,14,21,49,74,99,68,5,66,66
h-07-1992-cowboys-2.iff,127,cowboys,1992,0,17,Cowboys,Safety,FS,38,placeholder,84,85,10,93,20,87,41,70,77,13,80,9,11,10,26,22,24,40,44,72,23,49,50,1,58,5,63,68
h-07-1992-cowboys-2.iff,127,cowboys,1992,0,18,Cowboys,Safety,FS,29,placeholder,78,80,9,97,21,86,61,79,58,12,74,8,11,11,12,23,22,39,44,62,23,49,61,1,62,5,93,54
h-07-1992-cowboys-2.iff,127,cowboys,1992,0,19,Cowboys,Safety,FS,20,placeholder,80,92,11,94,24,74,45,70,52,7,69,5,11,11,39,44,42,33,44,61,26,49,58,1,31,5,33,24
h-07-1992-cowboys-2.iff,127,cowboys,1992,0,20,Cowboys,Guard,G,68,placeholder,48,62,11,99,25,97,61,50,34,20,29,20,10,10,23,87,81,7,37,37,23,49,58,99,70,5,95,49
h-07-1992-cowboys-2.iff,127,cowboys,1992,0,21,Cowboys,Guard,G,66,placeholder,39,48,12,76,24,96,58,39,14,33,29,16,10,10,24,80,84,7,28,27,22,49,38,99,60,5,88,24
h-07-1992-cowboys-2.iff,127,cowboys,1992,0,22,Cowboys,Guard,G,63,placeholder,52,57,12,69,18,96,77,45,14,37,29,32,14,11,34,65,76,10,27,24,13,49,42,99,44,5,30,46
h-07-1992-cowboys-2.iff,127,cowboys,1992,0,23,Cowboys,Guard,G,79,placeholder,41,44,11,50,22,96,73,58,11,30,23,16,10,10,13,70,63,1,23,28,19,49,37,99,47,5,45,14
h-07-1992-cowboys-2.iff,127,cowboys,1992,0,24,Cowboys,Guard,G,73,placeholder,33,60,11,83,21,81,63,52,37,41,32,38,14,11,41,67,64,9,41,37,17,49,51,99,45,5,35,2
h-07-1992-cowboys-2.iff,127,cowboys,1992,0,25,Emmitt,Smith,HB,22,real_name_in_supplied_data,85,91,15,99,11,99,47,73,13,55,7,88,16,17,58,43,44,99,5,9,16,49,75,50,84,5,99,25
h-07-1992-cowboys-2.iff,127,cowboys,1992,0,26,Cowboys,Half Back,HB,35,placeholder,82,67,17,79,13,94,51,70,14,59,6,69,15,16,57,38,34,64,12,8,16,49,44,99,42,5,68,24
h-07-1992-cowboys-2.iff,127,cowboys,1992,0,27,Cowboys,Half Back,HB,27,placeholder,83,74,15,63,13,94,55,88,34,49,28,69,15,14,54,32,39,81,20,19,16,49,38,50,38,5,60,69
h-07-1992-cowboys-2.iff,127,cowboys,1992,0,28,Cowboys,Half Back,HB,39,placeholder,90,79,17,77,17,92,53,64,15,24,10,63,15,16,63,30,28,92,8,8,18,49,44,1,31,5,62,56
h-07-1992-cowboys-2.iff,127,cowboys,1992,0,29,Cowboys,Linebacker,ILB,55,placeholder,63,79,10,98,11,75,70,54,86,21,99,28,11,10,43,25,20,22,81,99,11,49,96,99,63,5,99,74
h-07-1992-cowboys-2.iff,127,cowboys,1992,0,30,Cowboys,Linebacker,ILB,51,placeholder,78,83,10,72,7,89,59,76,72,24,80,25,10,10,16,30,21,16,58,72,8,49,37,99,53,5,95,48
h-07-1992-cowboys-2.iff,127,cowboys,1992,0,31,Cowboys,Linebacker,ILB,50,placeholder,80,72,10,99,22,89,53,64,52,48,77,45,11,10,42,48,45,24,49,60,22,49,47,99,20,5,59,87
h-07-1992-cowboys-2.iff,127,cowboys,1992,0,32,Cowboys,Linebacker,ILB,59,placeholder,67,71,10,62,4,71,67,58,62,17,64,28,11,11,13,12,8,10,64,70,4,49,30,99,35,5,18,24
h-07-1992-cowboys-2.iff,127,cowboys,1992,0,33,Cowboys,Kicker,K,2,placeholder,39,45,11,30,86,90,32,38,17,22,27,15,11,12,13,19,14,29,12,12,89,99,54,50,59,5,71,22
h-07-1992-cowboys-2.iff,127,cowboys,1992,0,34,Cowboys,Linebacker,OLB,52,placeholder,78,81,10,72,8,72,63,72,70,14,74,26,11,10,38,16,18,28,85,74,9,49,67,99,58,5,79,88
h-07-1992-cowboys-2.iff,127,cowboys,1992,0,35,Cowboys,Linebacker,OLB,58,placeholder,59,68,10,93,13,69,77,72,76,18,80,30,11,10,30,33,27,36,74,80,14,49,39,99,54,5,51,54
h-07-1992-cowboys-2.iff,127,cowboys,1992,0,36,Cowboys,Linebacker,OLB,98,placeholder,74,69,10,94,13,86,61,78,76,23,79,28,11,10,16,27,23,26,56,78,14,49,49,99,39,5,83,82
h-07-1992-cowboys-2.iff,127,cowboys,1992,0,37,Cowboys,Punter,P,6,placeholder,43,43,25,35,68,89,32,36,13,12,27,13,26,25,6,13,5,39,7,11,71,1,22,50,79,5,84,24
h-07-1992-cowboys-2.iff,127,cowboys,1992,0,38,Cowboys,Quarterback,QB,3,placeholder,70,70,82,41,7,30,39,52,29,23,28,10,89,85,16,28,25,25,18,19,12,49,90,50,80,40,70,72
h-07-1992-cowboys-2.iff,127,cowboys,1992,0,39,Steve,Beuerlein,QB,7,real_name_in_supplied_data,65,53,72,28,5,54,38,52,24,18,21,15,77,75,7,21,20,28,11,19,9,49,78,50,86,48,81,24
h-07-1992-cowboys-2.iff,127,cowboys,1992,0,40,Cowboys,Safety,SS,32,placeholder,88,77,10,72,14,39,59,70,85,40,80,10,11,11,17,26,20,49,55,76,17,49,75,1,69,5,92,80
h-07-1992-cowboys-2.iff,127,cowboys,1992,0,41,Darren,Woodson,SS,28,real_name_in_supplied_data,87,72,9,67,16,89,57,75,76,25,77,8,10,10,31,23,30,46,33,81,19,49,34,1,37,5,56,76
h-07-1992-cowboys-2.iff,127,cowboys,1992,0,42,Cowboys,Safety,SS,46,placeholder,75,85,10,70,11,79,57,67,60,35,78,9,11,10,11,19,16,49,70,72,14,49,64,1,43,5,86,81
h-07-1992-cowboys-2.iff,127,cowboys,1992,0,43,Cowboys,Safety,SS,49,placeholder,84,86,8,99,28,75,51,85,64,20,76,7,10,10,50,38,43,44,61,69,29,49,50,1,34,5,58,58
h-07-1992-cowboys-2.iff,127,cowboys,1992,0,44,Cowboys,Tackle,T,70,placeholder,31,46,12,86,23,97,75,44,13,30,30,18,10,10,23,89,80,8,27,28,21,49,78,99,60,5,85,41
h-07-1992-cowboys-2.iff,127,cowboys,1992,0,45,Cowboys,Tackle,T,78,placeholder,48,58,11,82,16,97,77,50,24,32,32,47,11,17,43,77,77,19,23,23,16,49,55,99,52,5,48,39
h-07-1992-cowboys-2.iff,127,cowboys,1992,0,46,Cowboys,Tight End,TE,85,placeholder,77,88,24,79,14,86,45,68,10,96,14,90,26,24,92,82,83,78,15,8,18,49,81,99,66,5,77,76
h-07-1992-cowboys-2.iff,127,cowboys,1992,0,47,Cowboys,Tight End,TE,87,placeholder,77,77,10,59,13,69,55,64,14,68,10,47,11,11,73,73,76,76,13,15,15,49,52,99,61,5,25,24
h-07-1992-cowboys-2.iff,127,cowboys,1992,0,48,Cowboys,Receiver,WR,81,placeholder,81,83,15,99,14,90,76,89,6,96,15,89,16,16,94,53,53,90,11,5,18,49,90,38,89,5,99,99
h-07-1992-cowboys-2.iff,127,cowboys,1992,0,49,Cowboys,Receiver,WR,80,placeholder,87,82,15,65,11,83,47,73,5,94,7,57,16,16,90,41,38,80,9,12,15,49,68,50,72,5,99,47
h-07-1992-cowboys-2.iff,127,cowboys,1992,0,50,Cowboys,Receiver,WR,86,placeholder,86,74,13,44,9,77,42,68,5,79,12,62,14,14,77,34,38,46,10,13,13,49,28,50,63,5,97,47
h-07-1992-cowboys-2.iff,127,cowboys,1992,0,51,Cowboys,Receiver,WR,88,placeholder,80,81,15,59,14,63,37,64,6,77,15,59,16,17,77,54,53,80,15,7,18,49,80,50,86,5,91,51
h-07-1992-cowboys-2.iff,127,cowboys,1992,0,52,Jimmy,Smith,WR,82,real_name_in_supplied_data,89,92,15,69,14,73,33,79,11,79,9,36,16,16,79,41,41,76,8,9,19,49,46,50,41,5,74,24
h-08-1977-broncos-2.iff,128,broncos,1977,0,0,Broncos,Center,C,57,placeholder,53,76,11,99,24,95,71,45,31,18,27,20,10,10,21,88,80,8,33,37,22,49,51,99,70,5,64,44
h-08-1977-broncos-2.iff,128,broncos,1977,0,1,Broncos,Center,C,65,placeholder,57,44,12,70,13,59,61,34,23,28,18,31,11,11,24,49,43,16,14,28,9,49,41,99,31,5,49,43
h-08-1977-broncos-2.iff,128,broncos,1977,0,2,Broncos,Cornerback,CB,29,placeholder,87,86,9,70,18,83,45,82,95,14,74,10,11,11,42,19,26,43,30,60,19,49,84,1,79,5,86,78
h-08-1977-broncos-2.iff,128,broncos,1977,0,3,Broncos,Cornerback,CB,46,placeholder,83,88,9,55,16,87,45,64,89,10,76,7,11,10,39,14,18,37,38,65,16,49,79,1,63,5,90,56
h-08-1977-broncos-2.iff,128,broncos,1977,0,4,Broncos,Cornerback,CB,22,placeholder,82,89,9,83,19,88,39,82,72,11,70,8,11,10,23,18,22,37,35,54,23,49,20,1,41,5,79,60
h-08-1977-broncos-2.iff,128,broncos,1977,0,5,Broncos,Cornerback,CB,26,placeholder,87,90,13,64,16,68,51,79,63,8,56,6,13,11,26,26,29,60,41,53,17,49,31,1,30,5,50,56
h-08-1977-broncos-2.iff,128,broncos,1977,0,6,Broncos,Cornerback,CB,23,placeholder,91,81,11,91,26,62,55,73,66,7,44,5,11,11,9,35,36,32,55,40,24,49,57,1,31,5,35,24
h-08-1977-broncos-2.iff,128,broncos,1977,0,7,Broncos,Cornerback,CB,21,placeholder,82,81,9,88,21,69,41,61,56,13,49,9,11,10,19,29,27,41,29,41,23,49,42,1,20,5,24,57
h-08-1977-broncos-2.iff,128,broncos,1977,0,8,Broncos,Def End,DE,70,placeholder,57,74,10,55,19,88,57,56,44,17,92,25,11,10,23,28,24,14,80,89,19,49,22,99,59,5,75,52
h-08-1977-broncos-2.iff,128,broncos,1977,0,9,Broncos,Def End,DE,72,placeholder,78,88,10,79,19,76,58,64,51,14,95,28,11,10,24,19,26,28,98,88,20,49,97,99,65,5,83,80
h-08-1977-broncos-2.iff,128,broncos,1977,0,10,Broncos,Def End,DE,63,placeholder,71,73,11,58,18,81,65,72,29,27,59,31,13,11,24,24,23,10,80,66,19,49,31,99,39,5,41,45
h-08-1977-broncos-2.iff,128,broncos,1977,0,11,Broncos,Def End,DE,99,placeholder,68,79,11,63,20,76,91,67,41,28,63,33,13,11,27,28,27,16,70,51,20,49,31,99,38,5,8,24
h-08-1977-broncos-2.iff,128,broncos,1977,0,12,Broncos,Def End,DE,92,placeholder,57,66,10,63,15,78,61,52,18,23,61,32,11,11,22,23,30,16,65,58,17,49,34,99,35,5,50,24
h-08-1977-broncos-2.iff,128,broncos,1977,0,13,Broncos,Def Tackle,DT,61,placeholder,59,83,10,88,23,85,89,58,24,29,85,34,11,11,38,31,36,14,84,80,22,49,78,99,54,5,71,80
h-08-1977-broncos-2.iff,128,broncos,1977,0,14,Broncos,Def Tackle,DT,66,placeholder,54,59,11,53,16,80,69,50,7,23,72,29,9,11,26,18,23,4,62,74,10,49,31,99,33,5,59,65
h-08-1977-broncos-2.iff,128,broncos,1977,0,15,Broncos,Def Tackle,DT,79,placeholder,58,66,10,53,17,28,63,64,16,22,65,31,11,11,26,19,28,14,52,59,16,49,33,99,26,5,35,24
h-08-1977-broncos-2.iff,128,broncos,1977,0,16,Broncos,Full Back,FB,34,placeholder,79,80,16,99,26,93,47,78,9,52,18,88,14,14,62,79,47,72,13,17,27,49,49,99,54,5,83,53
h-08-1977-broncos-2.iff,128,broncos,1977,0,17,Broncos,Safety,FS,33,placeholder,82,72,9,92,19,76,57,73,90,12,97,8,11,10,7,22,22,39,59,97,22,49,79,1,74,5,96,57
h-08-1977-broncos-2.iff,128,broncos,1977,0,18,Broncos,Safety,FS,38,placeholder,78,80,9,97,21,86,61,79,58,12,74,8,11,11,12,23,22,39,44,62,23,49,61,1,62,5,93,54
h-08-1977-broncos-2.iff,128,broncos,1977,0,19,Broncos,Guard,G,60,placeholder,38,57,12,86,23,99,69,45,13,30,27,16,10,10,23,96,89,7,27,28,21,49,83,99,73,5,88,24
h-08-1977-broncos-2.iff,128,broncos,1977,0,20,Broncos,Guard,G,67,placeholder,50,51,12,71,19,94,63,48,6,24,22,9,10,10,10,76,87,8,16,27,15,49,69,99,56,5,49,42
h-08-1977-broncos-2.iff,128,broncos,1977,0,21,Broncos,Guard,G,73,placeholder,49,65,11,83,21,94,95,42,37,41,32,38,14,11,41,72,70,9,41,37,17,49,51,99,53,5,20,2
h-08-1977-broncos-2.iff,128,broncos,1977,0,22,Broncos,Guard,G,62,placeholder,41,44,11,50,22,96,73,58,11,30,23,16,10,10,13,70,63,1,23,28,19,49,37,99,47,5,45,14
h-08-1977-broncos-2.iff,128,broncos,1977,0,23,Broncos,Half Back,HB,25,placeholder,89,64,24,82,11,90,65,81,13,55,8,87,24,25,60,27,27,86,9,7,12,49,41,50,56,5,69,65
h-08-1977-broncos-2.iff,128,broncos,1977,0,24,Broncos,Half Back,HB,30,placeholder,88,68,17,67,11,87,47,75,29,50,28,81,14,17,55,27,30,94,22,34,12,49,41,50,51,5,70,52
h-08-1977-broncos-2.iff,128,broncos,1977,0,25,Broncos,Half Back,HB,48,placeholder,89,72,23,82,13,94,57,92,12,50,6,77,19,20,61,38,30,72,8,6,12,49,43,99,36,24,41,60
h-08-1977-broncos-2.iff,128,broncos,1977,0,26,Broncos,Half Back,HB,37,placeholder,67,79,15,43,16,71,65,67,39,31,28,83,14,14,62,37,29,96,32,36,17,49,50,99,40,5,54,74
h-08-1977-broncos-2.iff,128,broncos,1977,0,27,Broncos,Half Back,HB,36,placeholder,87,80,17,80,23,78,57,49,9,56,7,71,15,17,64,22,10,63,14,10,26,49,68,50,36,24,56,43
h-08-1977-broncos-2.iff,128,broncos,1977,0,28,Broncos,Linebacker,ILB,50,placeholder,78,69,10,78,4,64,69,84,74,15,90,34,11,11,16,23,20,24,83,89,4,49,79,99,52,5,74,63
h-08-1977-broncos-2.iff,128,broncos,1977,0,29,Broncos,Linebacker,ILB,56,placeholder,74,86,10,98,11,34,69,68,85,19,99,29,11,10,27,27,22,26,91,99,11,49,92,99,66,5,90,90
h-08-1977-broncos-2.iff,128,broncos,1977,0,30,Broncos,Linebacker,ILB,51,placeholder,87,86,10,79,6,89,57,84,63,21,66,34,11,11,16,26,18,26,47,66,8,49,39,99,35,5,46,51
h-08-1977-broncos-2.iff,128,broncos,1977,0,31,Broncos,Linebacker,ILB,55,placeholder,67,71,10,62,4,71,67,58,62,17,64,28,11,11,13,12,8,10,64,70,4,49,30,99,35,5,18,24
h-08-1977-broncos-2.iff,128,broncos,1977,0,32,Broncos,Kicker,K,14,placeholder,39,45,10,30,73,54,30,36,13,18,17,13,11,12,6,5,1,29,7,9,56,99,11,50,34,5,74,37
h-08-1977-broncos-2.iff,128,broncos,1977,0,33,Broncos,Linebacker,OLB,52,placeholder,77,71,10,92,13,84,73,85,70,28,89,47,11,11,21,31,29,39,87,89,13,49,75,99,59,5,75,80
h-08-1977-broncos-2.iff,128,broncos,1977,0,34,Broncos,Linebacker,OLB,58,placeholder,69,80,10,97,15,88,55,76,77,19,91,32,11,10,30,31,25,32,88,93,14,49,86,99,71,5,93,70
h-08-1977-broncos-2.iff,128,broncos,1977,0,35,Broncos,Linebacker,OLB,54,placeholder,92,86,10,79,9,82,67,73,74,13,64,33,11,11,21,27,22,28,60,68,5,49,61,99,45,5,40,24
h-08-1977-broncos-2.iff,128,broncos,1977,0,36,Broncos,Linebacker,OLB,53,placeholder,61,86,10,78,4,84,63,62,56,15,60,34,11,11,16,23,20,24,59,69,4,49,32,99,33,5,28,24
h-08-1977-broncos-2.iff,128,broncos,1977,0,37,Broncos,Punter,P,19,placeholder,43,46,20,50,79,85,32,39,17,18,27,16,22,24,15,20,12,30,15,12,72,1,1,50,74,5,61,23
h-08-1977-broncos-2.iff,128,broncos,1977,0,38,Broncos,Quarterback,QB,7,placeholder,65,73,88,50,11,89,39,59,29,28,29,22,76,84,40,34,29,11,22,22,14,49,76,50,81,45,86,24
h-08-1977-broncos-2.iff,128,broncos,1977,0,39,Broncos,Quarterback,QB,15,placeholder,61,54,85,22,4,84,19,60,24,18,22,3,81,76,9,20,21,28,11,18,8,49,88,50,79,36,73,24
h-08-1977-broncos-2.iff,128,broncos,1977,0,40,Broncos,Quarterback,QB,12,placeholder,62,86,73,40,9,65,26,68,29,20,29,29,56,69,9,22,21,29,16,20,12,49,64,50,68,44,68,24
h-08-1977-broncos-2.iff,128,broncos,1977,0,41,Broncos,Safety,SS,20,placeholder,83,85,9,60,12,80,39,67,80,25,83,8,11,11,19,19,17,46,40,88,16,49,71,1,67,5,91,46
h-08-1977-broncos-2.iff,128,broncos,1977,0,42,Broncos,Tackle,T,78,placeholder,53,66,11,87,18,95,65,55,15,33,30,16,10,10,23,89,85,9,30,27,17,49,77,99,74,5,95,41
h-08-1977-broncos-2.iff,128,broncos,1977,0,43,Broncos,Tackle,T,74,placeholder,41,51,12,90,13,96,73,50,13,46,38,47,13,11,39,80,82,22,36,32,16,49,51,99,62,5,80,24
h-08-1977-broncos-2.iff,128,broncos,1977,0,44,Broncos,Tackle,T,64,placeholder,48,62,11,50,18,96,67,47,9,23,32,8,10,10,11,66,59,4,28,45,15,49,22,99,40,5,74,47
h-08-1977-broncos-2.iff,128,broncos,1977,0,45,Broncos,Tackle,T,59,placeholder,62,54,12,80,20,89,67,54,16,29,29,23,11,11,26,68,62,17,30,30,19,49,93,99,77,5,82,38
h-08-1977-broncos-2.iff,128,broncos,1977,0,46,Broncos,Tackle,T,76,placeholder,60,82,11,80,11,81,77,75,28,34,36,39,11,16,45,63,53,21,24,23,15,49,55,99,36,5,21,24
h-08-1977-broncos-2.iff,128,broncos,1977,0,47,Broncos,Tight End,TE,81,placeholder,77,88,24,79,14,86,45,68,10,96,14,90,26,24,92,82,83,78,15,8,18,49,81,99,66,5,77,76
h-08-1977-broncos-2.iff,128,broncos,1977,0,48,Broncos,Tight End,TE,84,placeholder,75,71,10,46,8,88,63,70,9,75,12,61,11,12,81,69,71,65,14,14,11,49,41,99,45,5,72,40
h-08-1977-broncos-2.iff,128,broncos,1977,0,49,Broncos,Receiver,WR,80,placeholder,98,92,15,70,11,87,34,76,9,98,9,75,16,15,98,30,37,90,7,10,16,49,89,1,86,5,99,20
h-08-1977-broncos-2.iff,128,broncos,1977,0,50,Broncos,Receiver,WR,87,placeholder,93,86,13,28,7,82,47,99,15,85,11,66,14,14,80,27,34,76,5,10,12,49,68,50,54,5,92,42
h-08-1977-broncos-2.iff,128,broncos,1977,0,51,Broncos,Receiver,WR,24,placeholder,86,81,15,60,11,77,37,85,8,83,15,57,16,16,87,40,40,60,12,12,15,49,73,50,70,5,98,47
h-08-1977-broncos-2.iff,128,broncos,1977,0,52,Broncos,Receiver,WR,83,placeholder,91,85,17,51,11,81,11,78,15,72,14,41,15,16,72,32,28,58,6,9,12,49,60,50,32,5,78,52
h-08-1986-broncos-1.iff,129,broncos,1986,1,0,Broncos,Center,C,65,placeholder,37,53,10,82,23,97,57,41,31,21,33,14,10,10,33,88,90,6,39,27,22,49,40,99,54,5,65,50
h-08-1986-broncos-1.iff,129,broncos,1986,1,1,Broncos,Cornerback,CB,29,placeholder,83,85,9,53,17,82,35,78,92,14,67,10,11,10,24,30,28,43,25,59,19,49,78,1,69,5,95,60
h-08-1986-broncos-1.iff,129,broncos,1986,1,2,Broncos,Cornerback,CB,38,placeholder,81,86,9,96,18,85,47,72,89,11,80,8,12,10,40,14,20,37,59,72,21,49,76,1,54,5,90,80
h-08-1986-broncos-1.iff,129,broncos,1986,1,3,Broncos,Cornerback,CB,27,placeholder,91,74,11,72,21,76,35,77,83,8,75,6,11,11,35,46,43,34,53,62,22,49,35,1,32,5,55,76
h-08-1986-broncos-1.iff,129,broncos,1986,1,4,Broncos,Cornerback,CB,33,placeholder,81,77,9,60,18,95,53,64,68,11,71,8,11,10,26,22,27,37,32,55,19,49,24,1,47,5,86,45
h-08-1986-broncos-1.iff,129,broncos,1986,1,5,Broncos,Cornerback,CB,44,placeholder,88,82,11,94,24,66,41,88,73,7,64,35,11,11,39,44,42,32,47,50,26,49,58,1,43,5,55,24
h-08-1986-broncos-1.iff,129,broncos,1986,1,6,Broncos,Def End,DE,75,placeholder,75,82,10,75,19,86,71,79,46,14,88,28,11,10,22,18,23,26,96,78,19,49,59,99,66,5,88,80
h-08-1986-broncos-1.iff,129,broncos,1986,1,7,Broncos,Def End,DE,76,placeholder,61,71,10,72,22,88,57,73,68,24,87,37,11,11,32,23,30,24,76,77,21,49,36,99,36,5,55,85
h-08-1986-broncos-1.iff,129,broncos,1986,1,8,Broncos,Def End,DE,69,placeholder,50,48,10,53,20,74,75,59,10,18,73,28,10,10,23,28,24,4,79,78,21,49,26,99,33,5,74,77
h-08-1986-broncos-1.iff,129,broncos,1986,1,9,Broncos,Def Tackle,DT,68,placeholder,63,79,10,82,22,68,67,61,26,29,94,47,11,11,31,31,35,39,79,90,23,49,44,99,46,5,75,79
h-08-1986-broncos-1.iff,129,broncos,1986,1,10,Broncos,Def Tackle,DT,99,placeholder,59,56,10,63,22,73,67,56,50,19,88,28,11,10,27,35,27,22,75,84,23,49,48,99,64,5,75,58
h-08-1986-broncos-1.iff,129,broncos,1986,1,11,Broncos,Def Tackle,DT,61,placeholder,49,61,11,52,24,82,57,48,15,19,78,31,10,10,32,43,34,10,69,68,24,49,33,99,43,5,86,69
h-08-1986-broncos-1.iff,129,broncos,1986,1,12,Broncos,Def Tackle,DT,97,placeholder,35,56,11,63,22,88,63,41,16,18,71,27,10,10,22,31,23,4,60,72,19,49,23,99,32,5,29,76
h-08-1986-broncos-1.iff,129,broncos,1986,1,13,Broncos,Full Back,FB,26,placeholder,80,86,18,94,20,84,57,61,14,44,9,44,14,14,58,74,72,92,6,14,21,49,36,99,48,5,70,72
h-08-1986-broncos-1.iff,129,broncos,1986,1,14,Broncos,Safety,FS,40,placeholder,82,72,9,92,19,76,57,73,90,12,97,8,11,10,7,22,22,39,59,97,22,49,79,1,74,5,96,57
h-08-1986-broncos-1.iff,129,broncos,1986,1,15,Broncos,Safety,FS,41,placeholder,88,77,9,43,19,75,53,68,53,12,64,8,11,10,8,24,27,39,32,45,19,49,26,1,24,5,47,54
h-08-1986-broncos-1.iff,129,broncos,1986,1,16,Broncos,Guard,G,60,placeholder,32,61,12,83,22,94,79,58,13,29,26,15,10,10,21,83,87,8,24,28,19,49,80,99,74,5,45,39
h-08-1986-broncos-1.iff,129,broncos,1986,1,17,Broncos,Guard,G,54,placeholder,48,62,11,99,25,97,61,50,34,20,29,20,10,10,23,87,81,7,37,37,23,49,58,99,70,5,95,49
h-08-1986-broncos-1.iff,129,broncos,1986,1,18,Broncos,Guard,G,67,placeholder,42,66,14,85,22,94,71,45,33,41,32,49,11,11,48,70,70,20,41,32,21,49,54,99,48,5,38,24
h-08-1986-broncos-1.iff,129,broncos,1986,1,19,Broncos,Guard,G,71,placeholder,47,56,12,75,19,80,75,55,7,28,26,5,10,10,13,57,53,2,19,26,14,49,27,99,31,5,28,48
h-08-1986-broncos-1.iff,129,broncos,1986,1,20,Broncos,Half Back,HB,47,placeholder,82,84,17,82,12,93,45,73,11,66,12,88,14,14,60,27,32,92,9,7,16,49,70,50,58,5,71,51
h-08-1986-broncos-1.iff,129,broncos,1986,1,21,Broncos,Half Back,HB,30,placeholder,83,73,15,87,12,91,59,65,14,68,8,76,14,16,65,30,32,87,7,7,14,49,67,50,56,5,61,61
h-08-1986-broncos-1.iff,129,broncos,1986,1,22,Broncos,Half Back,HB,25,placeholder,89,72,23,82,13,94,57,92,12,50,6,77,19,20,61,38,30,72,8,6,12,49,43,99,36,24,41,60
h-08-1986-broncos-1.iff,129,broncos,1986,1,23,Broncos,Half Back,HB,36,placeholder,83,68,15,67,16,90,71,79,11,31,6,61,13,13,61,48,50,75,10,14,15,49,36,50,39,5,36,9
h-08-1986-broncos-1.iff,129,broncos,1986,1,24,Broncos,Half Back,HB,35,placeholder,93,77,28,41,13,93,65,74,12,49,14,45,20,21,55,30,24,76,11,10,16,49,68,50,48,5,38,64
h-08-1986-broncos-1.iff,129,broncos,1986,1,25,Broncos,Linebacker,ILB,98,placeholder,77,76,10,79,11,87,65,68,74,21,82,25,11,10,19,30,23,16,71,76,11,49,28,99,44,5,65,74
h-08-1986-broncos-1.iff,129,broncos,1986,1,26,Broncos,Linebacker,ILB,72,placeholder,74,86,10,98,11,34,69,68,85,19,99,29,11,10,27,27,22,26,91,99,11,49,92,99,66,5,90,90
h-08-1986-broncos-1.iff,129,broncos,1986,1,27,Broncos,Kicker,K,8,placeholder,35,46,11,53,94,90,37,44,30,32,42,32,14,11,42,38,33,28,41,36,97,99,32,50,80,5,64,41
h-08-1986-broncos-1.iff,129,broncos,1986,1,28,Broncos,Kicker,K,2,placeholder,37,43,11,39,83,88,30,40,16,17,40,16,11,12,19,27,20,36,12,12,72,99,15,50,53,5,41,20
h-08-1986-broncos-1.iff,129,broncos,1986,1,29,Broncos,Linebacker,OLB,57,placeholder,81,83,10,81,9,57,51,79,76,20,75,24,11,10,20,28,19,20,52,74,10,49,32,99,45,5,89,73
h-08-1986-broncos-1.iff,129,broncos,1986,1,30,Broncos,Linebacker,OLB,55,placeholder,67,78,10,90,13,88,59,72,78,26,76,35,11,11,20,60,30,20,68,82,13,49,47,99,48,5,70,50
h-08-1986-broncos-1.iff,129,broncos,1986,1,31,Broncos,Linebacker,OLB,50,placeholder,79,79,10,77,6,83,65,81,56,19,66,33,11,11,13,22,17,22,61,69,4,49,33,99,24,5,22,66
h-08-1986-broncos-1.iff,129,broncos,1986,1,32,Broncos,Linebacker,OLB,59,placeholder,79,78,10,76,7,82,59,73,75,15,63,24,11,11,14,22,18,30,65,61,7,49,44,99,26,5,61,76
h-08-1986-broncos-1.iff,129,broncos,1986,1,33,Broncos,Linebacker,OLB,52,placeholder,69,76,10,79,13,47,67,88,51,23,61,26,11,10,12,32,26,18,49,50,13,49,45,99,20,5,34,58
h-08-1986-broncos-1.iff,129,broncos,1986,1,34,Broncos,Punter,P,16,placeholder,45,46,22,43,82,45,36,38,23,23,34,17,22,27,19,19,14,32,19,12,83,1,70,50,88,5,82,23
h-08-1986-broncos-1.iff,129,broncos,1986,1,35,Broncos,Punter,P,9,placeholder,85,46,20,60,91,98,32,49,19,22,31,16,26,20,15,13,12,24,16,12,87,1,8,50,70,5,88,24
h-08-1986-broncos-1.iff,129,broncos,1986,1,36,Broncos,Quarterback,QB,7,placeholder,81,72,92,49,17,54,49,72,41,29,44,70,83,83,32,28,32,34,20,43,20,49,88,50,98,96,74,24
h-08-1986-broncos-1.iff,129,broncos,1986,1,37,Broncos,Quarterback,QB,3,placeholder,81,91,92,28,23,45,18,73,14,29,29,51,65,60,28,13,10,28,11,5,21,49,75,50,55,67,33,24
h-08-1986-broncos-1.iff,129,broncos,1986,1,38,Broncos,Quarterback,QB,1,placeholder,53,57,80,29,16,50,38,48,33,27,32,46,76,68,25,20,20,28,35,31,16,49,50,50,53,23,40,24
h-08-1986-broncos-1.iff,129,broncos,1986,1,39,Broncos,Safety,SS,46,placeholder,88,77,10,72,14,39,59,70,85,40,80,10,11,11,17,26,20,49,55,76,17,49,75,1,69,5,92,80
h-08-1986-broncos-1.iff,129,broncos,1986,1,40,Broncos,Safety,SS,34,placeholder,86,84,11,83,19,70,51,76,70,10,58,7,11,11,17,43,48,37,65,59,19,49,62,1,37,5,52,48
h-08-1986-broncos-1.iff,129,broncos,1986,1,41,Broncos,Tackle,T,79,placeholder,43,55,11,87,17,99,67,52,11,29,29,15,10,10,26,88,90,10,28,28,16,49,80,99,65,5,79,50
h-08-1986-broncos-1.iff,129,broncos,1986,1,42,Broncos,Tackle,T,73,placeholder,43,56,11,86,19,94,69,41,15,29,29,20,10,10,26,94,92,13,30,28,18,49,80,99,69,5,76,49
h-08-1986-broncos-1.iff,129,broncos,1986,1,43,Broncos,Tackle,T,74,placeholder,48,63,11,87,16,86,77,73,13,28,24,16,10,11,21,72,72,11,26,27,15,49,50,99,51,5,38,14
h-08-1986-broncos-1.iff,129,broncos,1986,1,44,Broncos,Tackle,T,66,placeholder,55,50,12,80,10,70,65,39,9,41,32,43,13,11,30,56,69,22,30,32,13,49,44,99,31,5,8,8
h-08-1986-broncos-1.iff,129,broncos,1986,1,45,Broncos,Tight End,TE,89,placeholder,68,68,10,37,16,81,49,61,10,83,6,65,11,10,79,79,78,47,7,7,18,49,32,99,70,5,82,24
h-08-1986-broncos-1.iff,129,broncos,1986,1,46,Broncos,Tight End,TE,81,placeholder,73,77,10,39,4,85,55,55,19,78,16,74,11,13,84,64,67,59,11,20,4,49,24,99,57,5,58,13
h-08-1986-broncos-1.iff,129,broncos,1986,1,47,Broncos,Tight End,TE,84,placeholder,64,71,10,46,8,76,55,67,9,52,12,32,11,12,77,73,75,65,14,14,11,49,31,99,37,5,29,23
h-08-1986-broncos-1.iff,129,broncos,1986,1,48,Broncos,Tight End,TE,82,placeholder,67,56,10,10,7,88,58,56,29,38,31,34,11,10,45,47,50,72,12,22,11,49,22,99,38,5,50,23
h-08-1986-broncos-1.iff,129,broncos,1986,1,49,Broncos,Receiver,WR,88,placeholder,85,85,15,60,19,82,45,88,14,75,10,59,14,14,79,55,61,60,8,12,22,49,42,50,48,5,94,80
h-08-1986-broncos-1.iff,129,broncos,1986,1,50,Broncos,Receiver,WR,87,placeholder,90,72,15,37,5,80,45,70,6,90,12,63,14,14,89,43,41,83,6,8,9,49,15,50,61,5,97,42
h-08-1986-broncos-1.iff,129,broncos,1986,1,51,Broncos,Receiver,WR,80,placeholder,86,76,15,65,11,89,51,78,9,86,8,66,14,14,89,36,45,63,5,6,15,49,79,50,70,5,94,55
h-08-1986-broncos-1.iff,129,broncos,1986,1,52,Broncos,Receiver,WR,85,placeholder,95,88,17,59,14,95,37,85,6,82,7,46,15,16,83,34,23,67,12,14,15,49,38,50,35,5,73,81
h-08-1998-broncos-0.iff,130,broncos,1998,1,0,Tom,Nalen,C,66,real_name_in_supplied_data,53,62,12,98,26,97,67,52,34,18,30,26,11,10,20,93,82,8,35,40,23,49,90,99,74,5,81,49
h-08-1998-broncos-0.iff,130,broncos,1998,1,1,Broncos,Center,C,70,placeholder,51,51,12,62,7,98,91,52,14,29,29,38,11,11,26,60,60,17,20,30,11,49,38,99,53,5,36,6
h-08-1998-broncos-0.iff,130,broncos,1998,1,2,Broncos,Cornerback,CB,21,placeholder,85,86,9,58,16,33,41,82,86,13,80,9,11,11,29,19,18,41,32,64,17,49,90,1,76,5,84,60
h-08-1998-broncos-0.iff,130,broncos,1998,1,3,Broncos,Cornerback,CB,39,placeholder,75,83,9,55,16,73,39,68,89,12,79,8,11,10,47,23,25,39,40,70,19,49,64,1,54,5,90,77
h-08-1998-broncos-0.iff,130,broncos,1998,1,4,Broncos,Cornerback,CB,24,placeholder,89,82,9,66,15,85,41,80,65,13,62,9,11,11,14,11,18,41,35,55,17,49,32,1,51,5,87,71
h-08-1998-broncos-0.iff,130,broncos,1998,1,5,Tory,James,CB,22,real_name_in_supplied_data,82,82,9,41,16,76,31,82,79,12,77,8,11,10,23,19,26,39,48,70,17,49,22,1,56,5,81,54
h-08-1998-broncos-0.iff,130,broncos,1998,1,6,Broncos,Cornerback,CB,28,placeholder,90,91,9,47,17,86,27,73,66,11,66,8,11,11,15,15,23,37,29,55,20,49,42,1,47,5,79,83
h-08-1998-broncos-0.iff,130,broncos,1998,1,7,Broncos,Def End,DE,99,placeholder,60,62,11,70,23,84,53,56,29,18,85,33,11,10,27,32,28,16,87,89,23,49,60,99,48,5,75,90
h-08-1998-broncos-0.iff,130,broncos,1998,1,8,Broncos,Def End,DE,98,placeholder,61,71,10,72,22,88,57,73,68,24,87,37,11,11,32,23,30,24,76,77,21,49,36,99,36,5,55,85
h-08-1998-broncos-0.iff,130,broncos,1998,1,9,Broncos,Def End,DE,91,placeholder,71,50,10,69,19,73,61,73,46,14,70,27,11,10,24,22,25,28,75,72,19,49,31,99,38,5,75,87
h-08-1998-broncos-0.iff,130,broncos,1998,1,10,Broncos,Def End,DE,96,placeholder,66,70,11,57,14,59,61,92,37,23,77,29,13,11,18,24,25,14,73,74,13,49,24,99,36,5,50,55
h-08-1998-broncos-0.iff,130,broncos,1998,1,11,Broncos,Def End,DE,95,placeholder,78,67,10,70,17,85,73,81,46,16,65,26,11,10,16,12,18,18,80,65,19,49,31,99,29,5,46,77
h-08-1998-broncos-0.iff,130,broncos,1998,1,12,Broncos,Def End,DE,77,placeholder,60,58,10,58,15,94,79,61,20,18,63,34,11,11,22,22,26,20,62,64,17,49,28,99,44,5,47,24
h-08-1998-broncos-0.iff,130,broncos,1998,1,13,Trevor,Pryce,DT,93,real_name_in_supplied_data,60,59,11,69,21,87,67,47,18,18,89,28,11,11,22,27,22,12,76,88,20,49,69,99,64,5,76,73
h-08-1998-broncos-0.iff,130,broncos,1998,1,14,Keith,Traylor,DT,94,real_name_in_supplied_data,68,72,11,85,28,77,65,55,28,27,82,33,10,11,34,39,34,12,62,79,28,49,67,99,73,5,66,70
h-08-1998-broncos-0.iff,130,broncos,1998,1,15,Broncos,Def Tackle,DT,76,placeholder,58,75,10,60,15,80,77,58,20,19,75,34,11,11,23,23,27,20,80,76,19,49,29,99,32,5,35,76
h-08-1998-broncos-0.iff,130,broncos,1998,1,16,Broncos,Def Tackle,DT,92,placeholder,56,64,11,55,22,74,77,55,37,16,70,28,10,11,22,30,26,16,60,77,19,49,52,99,52,5,50,98
h-08-1998-broncos-0.iff,130,broncos,1998,1,17,Broncos,Full Back,FB,20,placeholder,77,83,18,92,22,91,67,67,6,65,5,91,14,16,76,67,65,65,10,14,21,49,74,99,68,5,66,66
h-08-1998-broncos-0.iff,130,broncos,1998,1,18,Broncos,Full Back,FB,42,placeholder,81,72,16,51,14,83,81,59,38,31,50,44,14,14,50,56,55,84,38,39,16,49,21,99,36,5,41,50
h-08-1998-broncos-0.iff,130,broncos,1998,1,19,Broncos,Safety,FS,25,placeholder,84,85,10,93,20,87,41,70,77,13,80,9,11,10,26,22,24,40,44,72,23,49,50,1,58,5,63,68
h-08-1998-broncos-0.iff,130,broncos,1998,1,20,Broncos,Safety,FS,41,placeholder,87,76,11,60,17,85,53,81,66,7,45,5,11,11,21,23,23,32,38,46,15,49,31,1,28,5,18,55
h-08-1998-broncos-0.iff,130,broncos,1998,1,21,Dan,Neil,G,62,real_name_in_supplied_data,52,67,14,93,27,95,69,55,17,34,29,26,11,10,23,93,81,8,31,30,25,49,45,99,66,5,74,45
h-08-1998-broncos-0.iff,130,broncos,1998,1,22,Broncos,Guard,G,69,placeholder,58,51,12,75,14,95,67,62,24,41,30,43,11,11,38,86,78,14,27,26,16,49,51,99,59,5,49,43
h-08-1998-broncos-0.iff,130,broncos,1998,1,23,Broncos,Guard,G,63,placeholder,39,66,12,90,25,97,69,55,16,33,34,19,10,11,24,76,64,9,30,28,23,49,67,99,48,5,65,43
h-08-1998-broncos-0.iff,130,broncos,1998,1,24,Broncos,Half Back,HB,30,placeholder,84,80,15,99,11,99,51,73,14,45,14,93,16,18,45,35,47,94,15,13,14,49,64,99,92,5,99,69
h-08-1998-broncos-0.iff,130,broncos,1998,1,25,Broncos,Half Back,HB,38,placeholder,83,66,15,87,11,60,51,73,14,45,14,79,16,18,45,35,47,86,15,13,14,49,64,99,52,5,70,69
h-08-1998-broncos-0.iff,130,broncos,1998,1,26,Broncos,Half Back,HB,27,placeholder,80,70,14,58,13,84,59,72,6,60,11,80,13,14,57,45,39,94,6,8,11,49,39,99,43,5,40,64
h-08-1998-broncos-0.iff,130,broncos,1998,1,27,Broncos,Half Back,HB,32,placeholder,88,79,17,65,16,72,47,76,13,48,8,75,14,14,49,49,35,90,6,13,19,49,38,99,40,24,41,41
h-08-1998-broncos-0.iff,130,broncos,1998,1,28,Broncos,Linebacker,ILB,50,placeholder,77,76,10,79,11,87,65,68,74,21,82,25,11,10,19,30,23,16,71,76,11,49,28,99,44,5,65,74
h-08-1998-broncos-0.iff,130,broncos,1998,1,29,Nate,Wayne,ILB,54,real_name_in_supplied_data,83,86,10,62,4,63,73,85,64,17,67,28,11,11,13,12,8,10,66,72,4,49,30,99,43,5,1,24
h-08-1998-broncos-0.iff,130,broncos,1998,1,30,Keith,Burns,ILB,56,real_name_in_supplied_data,65,86,10,66,10,81,45,58,72,19,64,25,11,10,18,30,24,24,49,57,11,49,38,99,30,5,41,81
h-08-1998-broncos-0.iff,130,broncos,1998,1,31,Jason,Elam,K,1,real_name_in_supplied_data,59,46,11,41,95,83,36,45,19,23,27,17,11,13,17,24,19,33,16,12,88,99,34,50,78,5,79,39
h-08-1998-broncos-0.iff,130,broncos,1998,1,32,Broncos,Linebacker,OLB,53,placeholder,76,81,10,98,13,78,69,59,76,17,83,31,11,11,18,30,24,39,76,78,11,49,75,99,78,5,65,89
h-08-1998-broncos-0.iff,130,broncos,1998,1,33,John,Mobley,OLB,51,real_name_in_supplied_data,82,71,10,97,10,85,53,72,72,19,86,28,11,10,21,25,20,26,54,84,11,49,65,99,52,5,90,82
h-08-1998-broncos-0.iff,130,broncos,1998,1,34,Broncos,Linebacker,OLB,90,placeholder,82,80,10,87,13,84,59,73,73,23,76,35,11,11,20,23,21,12,76,75,11,49,42,99,52,5,72,46
h-08-1998-broncos-0.iff,130,broncos,1998,1,35,Tom,Rouen,P,16,real_name_in_supplied_data,43,43,21,45,89,83,32,39,19,19,34,17,23,25,17,20,16,30,16,12,74,1,32,50,84,5,19,24
h-08-1998-broncos-0.iff,130,broncos,1998,1,36,Broncos,Quarterback,QB,7,placeholder,81,82,81,44,12,81,39,64,36,24,33,24,91,91,21,26,28,29,23,20,16,49,95,50,96,82,90,24
h-08-1998-broncos-0.iff,130,broncos,1998,1,37,Broncos,Quarterback,QB,4,placeholder,65,73,88,50,11,89,39,59,29,28,29,22,76,84,40,34,29,11,22,22,14,49,76,50,81,45,86,24
h-08-1998-broncos-0.iff,130,broncos,1998,1,38,Brian,Griese,QB,14,real_name_in_supplied_data,52,73,78,38,9,54,42,53,30,24,30,13,81,71,21,28,27,32,20,19,14,49,69,50,73,75,66,24
h-08-1998-broncos-0.iff,130,broncos,1998,1,39,Broncos,Safety,SS,35,placeholder,83,85,9,60,12,80,39,67,80,25,83,8,11,11,19,19,17,46,40,88,16,49,71,1,67,5,91,46
h-08-1998-broncos-0.iff,130,broncos,1998,1,40,Eric,Brown,SS,26,real_name_in_supplied_data,87,88,9,91,20,79,43,90,76,13,69,9,11,10,17,27,25,40,41,70,23,49,40,1,43,5,60,70
h-08-1998-broncos-0.iff,130,broncos,1998,1,41,Broncos,Tackle,T,72,placeholder,53,66,11,87,18,95,65,55,15,33,30,16,10,10,23,89,85,9,30,27,17,49,77,99,74,5,95,41
h-08-1998-broncos-0.iff,130,broncos,1998,1,42,Matt,Lepsis,T,78,real_name_in_supplied_data,67,65,11,83,19,98,65,58,16,33,30,22,11,10,23,89,82,7,30,28,19,49,46,99,62,5,85,43
h-08-1998-broncos-0.iff,130,broncos,1998,1,43,Broncos,Tackle,T,79,placeholder,44,67,12,75,14,97,71,55,24,41,30,43,11,11,38,74,82,14,27,26,16,49,51,99,52,5,71,41
h-08-1998-broncos-0.iff,130,broncos,1998,1,44,Shannon,Sharpe,TE,84,real_name_in_supplied_data,78,79,11,99,17,99,53,73,14,95,14,80,12,12,92,63,69,78,15,7,19,49,77,99,89,5,99,99
h-08-1998-broncos-0.iff,130,broncos,1998,1,45,Dwayne,Carswell,TE,89,real_name_in_supplied_data,57,73,10,25,13,89,33,59,10,73,13,46,11,10,69,84,80,69,10,8,15,49,30,99,53,5,74,57
h-08-1998-broncos-0.iff,130,broncos,1998,1,46,Broncos,Tight End,TE,81,placeholder,77,80,10,45,11,76,47,68,6,74,6,63,11,10,76,66,69,66,6,13,14,49,61,99,49,5,65,60
h-08-1998-broncos-0.iff,130,broncos,1998,1,47,Rod,Smith,WR,80,real_name_in_supplied_data,80,78,15,77,14,73,45,81,14,92,15,69,16,16,91,51,51,61,11,8,19,49,80,50,71,5,99,51
h-08-1998-broncos-0.iff,130,broncos,1998,1,48,Broncos,Receiver,WR,82,placeholder,79,79,15,60,11,53,56,67,13,86,13,74,16,16,90,54,54,61,12,8,16,49,83,50,89,5,80,21
h-08-1998-broncos-0.iff,130,broncos,1998,1,49,Broncos,Receiver,WR,85,placeholder,95,88,17,59,14,95,37,85,6,82,7,46,15,16,83,34,23,67,12,14,15,49,38,50,35,5,73,81
h-08-1998-broncos-0.iff,130,broncos,1998,1,50,Broncos,Receiver,WR,87,placeholder,86,80,47,39,11,69,10,74,39,79,48,58,41,39,79,31,34,60,24,19,16,49,37,1,22,68,81,79
h-08-1998-broncos-0.iff,130,broncos,1998,1,51,Byron,Chamberlain,WR,86,real_name_in_supplied_data,85,90,13,41,11,68,29,99,28,69,19,39,11,11,65,23,17,58,19,22,9,49,27,50,35,5,85,46
h-08-1998-broncos-0.iff,130,broncos,1998,1,52,Broncos,Receiver,WR,83,placeholder,89,92,15,69,14,73,33,79,11,79,9,36,16,16,79,41,41,76,8,9,19,49,46,50,41,5,74,24
h-09-1953-lions-6.iff,131,lions,1953,0,0,Lions,Center,C,51,placeholder,50,70,14,71,18,94,69,70,14,37,29,32,14,11,34,80,72,10,27,24,13,49,42,99,51,5,65,46
h-09-1953-lions-6.iff,131,lions,1953,0,1,Lions,Cornerback,CB,24,placeholder,83,88,9,55,16,87,45,64,89,10,76,7,11,10,39,14,18,37,38,65,16,49,79,1,63,5,90,56
h-09-1953-lions-6.iff,131,lions,1953,0,2,Lions,Cornerback,CB,49,placeholder,81,86,9,96,18,85,47,72,89,11,80,8,12,10,40,14,20,37,59,72,21,49,76,1,54,5,90,80
h-09-1953-lions-6.iff,131,lions,1953,0,3,Lions,Cornerback,CB,34,placeholder,85,91,11,75,19,85,33,81,86,8,69,6,11,11,35,34,39,34,24,71,21,49,36,1,40,5,60,52
h-09-1953-lions-6.iff,131,lions,1953,0,4,Lions,Cornerback,CB,35,placeholder,87,81,12,55,16,85,41,92,72,6,77,4,13,11,26,18,20,1,40,62,19,49,28,1,39,5,55,39
h-09-1953-lions-6.iff,131,lions,1953,0,5,Lions,Cornerback,CB,33,placeholder,87,92,9,88,21,83,43,73,61,13,49,9,11,10,19,29,27,41,29,51,23,49,42,1,21,5,28,57
h-09-1953-lions-6.iff,131,lions,1953,0,6,Lions,Def End,DE,88,placeholder,78,88,10,79,19,76,58,64,51,14,95,28,11,10,24,19,26,28,98,88,20,49,97,99,65,5,83,80
h-09-1953-lions-6.iff,131,lions,1953,0,7,Lions,Def End,DE,75,placeholder,54,66,11,49,19,89,73,58,3,16,75,26,11,10,19,27,23,4,79,70,19,49,20,99,53,5,73,61
h-09-1953-lions-6.iff,131,lions,1953,0,8,Lions,Def Tackle,DT,73,placeholder,81,75,11,61,21,83,67,69,34,16,89,28,10,10,22,32,23,14,41,89,19,49,77,99,56,5,79,89
h-09-1953-lions-6.iff,131,lions,1953,0,9,Lions,Def Tackle,DT,98,placeholder,62,65,11,64,23,39,79,62,26,18,93,31,10,10,30,35,31,18,70,87,23,49,71,99,51,5,56,83
h-09-1953-lions-6.iff,131,lions,1953,0,10,Lions,Def Tackle,DT,65,placeholder,58,60,11,50,22,75,91,56,18,20,75,28,10,10,23,32,24,2,36,84,22,49,20,99,37,5,51,79
h-09-1953-lions-6.iff,131,lions,1953,0,11,Lions,Def Tackle,DT,83,placeholder,54,52,10,61,16,74,61,45,11,21,66,31,11,11,24,19,23,18,59,73,16,49,29,99,27,5,64,44
h-09-1953-lions-6.iff,131,lions,1953,0,12,Lions,Full Back,FB,36,placeholder,80,79,18,98,23,84,61,76,7,60,5,43,15,16,75,69,51,73,5,7,24,49,74,99,54,5,54,56
h-09-1953-lions-6.iff,131,lions,1953,0,13,Lions,Full Back,FB,38,placeholder,61,52,12,58,17,95,51,52,38,35,42,32,14,14,45,84,76,81,31,33,17,49,21,99,39,5,72,43
h-09-1953-lions-6.iff,131,lions,1953,0,14,Lions,Safety,FS,45,placeholder,78,79,9,88,18,81,43,62,86,13,80,9,11,11,22,23,20,40,29,80,20,49,92,1,68,5,95,70
h-09-1953-lions-6.iff,131,lions,1953,0,15,Lions,Safety,FS,26,placeholder,87,81,10,66,17,65,39,62,80,12,76,8,11,10,14,24,20,39,33,65,19,49,26,1,45,5,70,80
h-09-1953-lions-6.iff,131,lions,1953,0,16,Lions,Safety,FS,23,placeholder,80,92,11,94,24,74,45,70,52,7,69,5,11,11,39,44,42,33,44,61,26,49,58,1,31,5,33,24
h-09-1953-lions-6.iff,131,lions,1953,0,17,Lions,Guard,G,63,placeholder,58,51,12,75,14,95,67,62,24,41,30,43,11,11,38,86,78,14,27,26,16,49,51,99,59,5,49,43
h-09-1953-lions-6.iff,131,lions,1953,0,18,Lions,Guard,G,60,placeholder,39,48,12,76,24,96,58,39,14,33,29,16,10,10,24,80,84,7,28,27,22,49,38,99,60,5,88,24
h-09-1953-lions-6.iff,131,lions,1953,0,19,Lions,Guard,G,42,placeholder,52,57,12,69,18,96,77,45,14,37,29,32,14,11,34,65,76,10,27,24,13,49,42,99,44,5,30,46
h-09-1953-lions-6.iff,131,lions,1953,0,20,Lions,Guard,G,67,placeholder,41,44,11,50,22,96,73,58,11,30,23,16,10,10,13,70,63,1,23,28,19,49,37,99,47,5,45,14
h-09-1953-lions-6.iff,131,lions,1953,0,21,Lions,Guard,G,76,placeholder,33,60,11,83,21,81,63,52,37,41,32,38,14,11,41,67,64,9,41,37,17,49,51,99,45,5,35,2
h-09-1953-lions-6.iff,131,lions,1953,0,22,Lions,Half Back,HB,32,placeholder,84,69,15,92,14,79,63,68,8,49,9,88,14,14,44,36,47,77,7,9,16,49,66,99,64,5,82,50
h-09-1953-lions-6.iff,131,lions,1953,0,23,Lions,Half Back,HB,41,placeholder,67,79,15,43,16,71,65,67,39,31,28,83,14,14,62,37,29,96,32,36,17,49,50,99,40,5,54,74
h-09-1953-lions-6.iff,131,lions,1953,0,24,Lions,Half Back,HB,21,placeholder,83,74,15,63,13,94,55,88,34,49,28,69,15,14,54,32,39,81,20,19,16,49,38,50,38,5,60,69
h-09-1953-lions-6.iff,131,lions,1953,0,25,Lions,Half Back,HB,20,placeholder,90,79,17,77,17,92,53,64,15,24,10,63,15,16,63,30,28,92,8,8,18,49,44,1,31,5,62,56
h-09-1953-lions-6.iff,131,lions,1953,0,26,Lions,Linebacker,ILB,53,placeholder,63,79,10,98,11,75,70,54,86,21,99,28,11,10,43,25,20,22,81,99,11,49,96,99,63,5,99,74
h-09-1953-lions-6.iff,131,lions,1953,0,27,Lions,Linebacker,ILB,64,placeholder,78,83,10,72,7,89,59,76,72,24,80,25,10,10,16,30,21,16,58,72,8,49,37,99,53,5,95,48
h-09-1953-lions-6.iff,131,lions,1953,0,28,Lions,Linebacker,ILB,58,placeholder,80,72,10,99,22,89,53,64,52,48,77,45,11,10,42,48,45,24,49,60,22,49,47,99,20,5,59,87
h-09-1953-lions-6.iff,131,lions,1953,0,29,Lions,Kicker,K,18,placeholder,39,45,11,30,86,90,32,38,17,22,27,15,11,12,13,19,14,29,12,12,89,99,54,50,59,5,71,22
h-09-1953-lions-6.iff,131,lions,1953,0,30,Lions,Linebacker,OLB,56,placeholder,76,75,10,83,10,80,69,64,74,18,73,25,11,10,19,30,26,24,74,75,10,49,29,99,38,5,75,92
h-09-1953-lions-6.iff,131,lions,1953,0,31,Lions,Linebacker,OLB,54,placeholder,92,86,10,79,9,82,67,73,74,13,64,33,11,11,21,27,22,28,60,68,5,49,61,99,45,5,40,24
h-09-1953-lions-6.iff,131,lions,1953,0,32,Lions,Linebacker,OLB,52,placeholder,74,69,10,94,13,86,61,78,76,23,79,28,11,10,16,27,23,26,56,78,14,49,49,99,39,5,83,82
h-09-1953-lions-6.iff,131,lions,1953,0,33,Lions,Linebacker,OLB,57,placeholder,78,87,10,85,11,87,61,68,71,23,81,34,11,11,16,20,20,12,53,79,8,49,38,99,37,5,63,56
h-09-1953-lions-6.iff,131,lions,1953,0,34,Lions,Punter,P,8,placeholder,43,43,25,35,68,89,32,36,13,12,27,13,26,25,6,13,5,39,7,11,71,1,22,50,79,5,84,24
h-09-1953-lions-6.iff,131,lions,1953,0,35,Lions,Quarterback,QB,27,placeholder,63,73,88,50,11,85,39,48,31,30,29,18,79,84,46,27,26,70,22,20,14,49,71,50,79,67,60,24
h-09-1953-lions-6.iff,131,lions,1953,0,36,Lions,Quarterback,QB,19,placeholder,75,74,79,19,11,77,39,67,39,28,50,53,71,56,39,23,24,28,31,47,13,49,66,50,60,69,14,24
h-09-1953-lions-6.iff,131,lions,1953,0,37,Lions,Safety,SS,28,placeholder,88,81,10,91,14,46,51,75,82,35,83,9,11,10,23,19,20,49,53,85,19,49,49,1,61,5,95,65
h-09-1953-lions-6.iff,131,lions,1953,0,38,Lions,Safety,SS,25,placeholder,84,86,8,99,28,75,51,85,64,20,76,7,10,10,50,38,43,44,61,69,29,49,50,1,34,5,58,58
h-09-1953-lions-6.iff,131,lions,1953,0,39,Lions,Tackle,T,72,placeholder,31,46,12,86,23,97,75,44,13,30,30,18,10,10,23,89,80,8,27,28,21,49,78,99,60,5,85,41
h-09-1953-lions-6.iff,131,lions,1953,0,40,Lions,Tackle,T,71,placeholder,44,67,12,75,14,97,71,55,24,41,30,43,11,11,38,74,82,14,27,26,16,49,51,99,52,5,71,41
h-09-1953-lions-6.iff,131,lions,1953,0,41,Lions,Tackle,T,77,placeholder,48,63,11,87,16,86,77,73,13,28,24,16,10,11,21,72,72,11,26,27,15,49,50,99,51,5,38,14
h-09-1953-lions-6.iff,131,lions,1953,0,42,Lions,Tackle,T,79,placeholder,36,40,12,79,19,81,77,45,10,27,27,20,10,10,23,70,71,11,27,30,17,49,46,99,63,5,85,11
h-09-1953-lions-6.iff,131,lions,1953,0,43,Lions,Tackle,T,59,placeholder,56,47,11,82,16,97,55,47,24,32,32,47,11,17,43,73,66,19,23,23,16,49,55,99,40,5,85,60
h-09-1953-lions-6.iff,131,lions,1953,0,44,Lions,Tight End,TE,87,placeholder,73,77,10,39,4,85,55,55,19,78,16,74,11,13,84,64,67,59,11,20,4,49,24,99,57,5,58,13
h-09-1953-lions-6.iff,131,lions,1953,0,45,Lions,Tight End,TE,85,placeholder,77,77,10,59,13,69,55,64,14,68,10,47,11,11,73,73,76,76,13,15,15,49,52,99,61,5,25,24
h-09-1953-lions-6.iff,131,lions,1953,0,46,Lions,Tight End,TE,86,placeholder,67,76,10,39,3,88,57,61,19,62,13,40,11,13,69,79,78,64,8,20,4,49,22,99,31,5,57,50
h-09-1953-lions-6.iff,131,lions,1953,0,47,Lions,Receiver,WR,80,placeholder,87,82,15,65,11,83,47,73,5,94,7,57,16,16,90,41,38,80,9,12,15,49,68,50,72,5,99,47
h-09-1953-lions-6.iff,131,lions,1953,0,48,Lions,Receiver,WR,15,placeholder,86,81,15,60,11,77,37,85,8,83,15,57,16,16,87,40,40,60,12,12,15,49,73,50,70,5,98,47
h-09-1953-lions-6.iff,131,lions,1953,0,49,Lions,Receiver,WR,84,placeholder,86,74,13,44,9,77,42,68,5,79,12,62,14,14,77,34,38,46,10,13,13,49,28,50,63,5,97,47
h-09-1953-lions-6.iff,131,lions,1953,0,50,Lions,Receiver,WR,7,placeholder,89,92,15,69,14,73,33,79,11,79,9,36,16,16,79,41,41,76,8,9,19,49,46,50,41,5,74,24
h-09-1953-lions-6.iff,131,lions,1953,0,51,Lions,Receiver,WR,81,placeholder,86,81,13,58,10,80,37,72,10,70,7,43,14,14,73,34,35,64,14,6,13,49,23,50,40,5,96,24
h-09-1953-lions-6.iff,131,lions,1953,0,52,Lions,Receiver,WR,10,placeholder,87,82,13,53,14,50,11,76,33,44,31,32,13,12,58,34,25,64,19,16,14,49,33,50,24,5,48,20
h-09-1991-lions-3.iff,132,lions,1991,0,0,Lions,Center,C,56,placeholder,40,64,11,90,22,96,79,52,18,16,23,14,10,10,15,83,84,6,26,37,19,49,78,99,58,5,70,73
h-09-1991-lions-3.iff,132,lions,1991,0,1,Lions,Center,C,67,placeholder,51,51,12,62,7,98,91,52,14,29,29,38,11,11,26,60,60,17,20,30,11,49,38,99,53,5,36,6
h-09-1991-lions-3.iff,132,lions,1991,0,2,Lions,Cornerback,CB,39,placeholder,89,86,9,77,20,69,45,84,96,10,61,7,11,10,39,30,33,37,39,56,22,49,66,1,65,5,89,60
h-09-1991-lions-3.iff,132,lions,1991,0,3,Lions,Cornerback,CB,25,placeholder,83,88,9,55,16,87,45,64,89,10,76,7,11,10,39,14,18,37,38,65,16,49,79,1,63,5,90,56
h-09-1991-lions-3.iff,132,lions,1991,0,4,Lions,Cornerback,CB,21,placeholder,92,76,11,71,19,72,41,85,78,19,72,39,11,11,26,34,39,51,33,52,21,49,36,1,39,5,45,42
h-09-1991-lions-3.iff,132,lions,1991,0,5,Lions,Cornerback,CB,24,placeholder,85,98,12,53,17,87,49,99,70,14,72,10,12,13,23,5,5,60,30,59,15,49,32,1,42,5,51,60
h-09-1991-lions-3.iff,132,lions,1991,0,6,Lions,Cornerback,CB,31,placeholder,83,83,9,60,16,58,43,73,71,13,72,9,11,11,21,8,15,41,43,61,17,49,67,1,70,5,88,60
h-09-1991-lions-3.iff,132,lions,1991,0,7,Lions,Cornerback,CB,20,placeholder,86,79,9,65,16,98,65,82,70,30,55,8,11,11,28,20,28,49,43,46,19,49,53,1,31,5,48,61
h-09-1991-lions-3.iff,132,lions,1991,0,8,Lions,Def End,DE,99,placeholder,80,74,10,60,19,79,69,59,49,17,77,26,11,10,23,23,24,20,79,76,20,49,64,99,50,5,71,72
h-09-1991-lions-3.iff,132,lions,1991,0,9,Lions,Def End,DE,97,placeholder,61,71,10,72,22,88,57,73,68,24,87,37,11,11,32,23,30,24,76,77,21,49,36,99,36,5,55,85
h-09-1991-lions-3.iff,132,lions,1991,0,10,Lions,Def End,DE,92,placeholder,72,76,10,57,19,54,61,62,59,18,66,27,11,10,23,22,23,36,73,72,20,49,23,99,40,5,55,74
h-09-1991-lions-3.iff,132,lions,1991,0,11,Lions,Def End,DE,59,placeholder,66,77,10,67,19,80,71,55,58,23,72,35,11,11,27,26,34,18,71,64,19,49,34,99,42,5,29,24
h-09-1991-lions-3.iff,132,lions,1991,0,12,Lions,Def Tackle,DT,96,placeholder,57,63,11,65,24,72,51,56,28,21,85,31,11,10,28,35,27,12,69,87,23,49,41,99,62,5,95,74
h-09-1991-lions-3.iff,132,lions,1991,0,13,Lions,Def Tackle,DT,93,placeholder,58,75,10,60,15,80,77,58,20,19,75,34,11,11,23,23,27,20,80,76,19,49,29,99,32,5,35,76
h-09-1991-lions-3.iff,132,lions,1991,0,14,Kelvin,Pritchett,DT,94,real_name_in_supplied_data,69,58,11,52,18,87,75,48,11,12,66,26,11,11,12,22,18,14,57,68,16,49,41,99,47,5,31,88
h-09-1991-lions-3.iff,132,lions,1991,0,15,Lions,Full Back,FB,35,placeholder,81,68,18,97,22,93,59,55,10,41,6,43,14,14,53,83,77,94,15,10,23,49,42,99,56,5,60,50
h-09-1991-lions-3.iff,132,lions,1991,0,16,Lions,Safety,FS,33,placeholder,86,90,12,83,19,86,47,76,86,8,88,6,12,11,35,29,26,34,49,88,21,49,84,1,63,5,75,52
h-09-1991-lions-3.iff,132,lions,1991,0,17,Lions,Safety,FS,32,placeholder,82,79,9,56,7,87,43,79,60,25,71,8,11,10,1,9,5,46,28,64,11,49,63,1,43,5,34,55
h-09-1991-lions-3.iff,132,lions,1991,0,18,Lions,Guard,G,60,placeholder,39,48,12,76,24,96,58,39,14,33,29,16,10,10,24,80,84,7,28,27,22,49,38,99,60,5,88,24
h-09-1991-lions-3.iff,132,lions,1991,0,19,Lions,Guard,G,64,placeholder,58,51,12,75,14,95,67,62,24,41,30,43,11,11,38,86,78,14,27,26,16,49,51,99,59,5,49,43
h-09-1991-lions-3.iff,132,lions,1991,0,20,Lions,Guard,G,65,placeholder,50,51,12,71,19,94,63,48,6,24,22,9,10,10,10,76,87,8,16,27,15,49,69,99,56,5,49,42
h-09-1991-lions-3.iff,132,lions,1991,0,21,Lions,Guard,G,63,placeholder,41,44,11,50,22,96,73,58,11,30,23,16,10,10,13,70,63,1,23,28,19,49,37,99,47,5,45,14
h-09-1991-lions-3.iff,132,lions,1991,0,22,Lions,Half Back,HB,29,placeholder,88,99,37,99,14,99,80,78,15,83,15,95,39,38,83,54,59,99,9,8,18,49,99,30,99,20,99,1
h-09-1991-lions-3.iff,132,lions,1991,0,23,Lions,Half Back,HB,27,placeholder,79,57,17,69,14,89,47,70,10,50,6,74,15,16,41,33,30,91,6,14,15,49,43,50,35,5,66,24
h-09-1991-lions-3.iff,132,lions,1991,0,24,Lions,Half Back,HB,42,placeholder,87,80,17,80,23,78,57,49,9,56,7,71,15,17,64,22,10,63,14,10,26,49,68,50,36,24,56,43
h-09-1991-lions-3.iff,132,lions,1991,0,25,Lions,Linebacker,ILB,98,placeholder,81,82,10,92,11,87,73,70,82,23,99,38,11,11,23,33,29,24,78,99,11,49,82,99,63,5,70,63
h-09-1991-lions-3.iff,132,lions,1991,0,26,Lions,Linebacker,ILB,54,placeholder,74,86,10,98,11,34,69,68,85,19,99,29,11,10,27,27,22,26,91,99,11,49,92,99,66,5,90,90
h-09-1991-lions-3.iff,132,lions,1991,0,27,Lions,Linebacker,ILB,50,placeholder,83,86,10,62,4,63,73,85,64,17,67,28,11,11,13,12,8,10,66,72,4,49,30,99,43,5,1,24
h-09-1991-lions-3.iff,132,lions,1991,0,28,Lions,Kicker,K,8,placeholder,44,48,11,60,92,97,36,51,34,36,50,34,14,11,50,45,40,28,47,36,88,99,38,50,61,5,50,41
h-09-1991-lions-3.iff,132,lions,1991,0,29,Lions,Linebacker,OLB,90,placeholder,63,82,10,81,13,87,53,78,76,21,91,26,11,10,23,33,28,26,94,91,13,49,35,99,59,5,90,47
h-09-1991-lions-3.iff,132,lions,1991,0,30,Lions,Linebacker,OLB,51,placeholder,76,75,10,83,10,80,69,64,74,18,73,25,11,10,19,30,26,24,74,75,10,49,29,99,38,5,75,92
h-09-1991-lions-3.iff,132,lions,1991,0,31,Lions,Linebacker,OLB,55,placeholder,76,94,10,83,11,87,73,72,71,20,84,26,11,10,15,35,27,20,79,69,11,49,52,99,43,5,48,83
h-09-1991-lions-3.iff,132,lions,1991,0,32,Lions,Linebacker,OLB,52,placeholder,81,77,10,85,13,84,61,67,71,23,78,26,11,10,18,32,23,20,74,71,13,49,34,99,52,5,37,72
h-09-1991-lions-3.iff,132,lions,1991,0,33,Lions,Linebacker,OLB,57,placeholder,75,68,10,67,19,87,61,76,61,23,67,35,11,11,27,26,34,18,73,69,19,49,34,99,32,5,50,46
h-09-1991-lions-3.iff,132,lions,1991,0,34,Lions,Punter,P,4,placeholder,85,46,20,60,91,98,32,49,19,22,31,16,26,20,15,13,12,24,16,12,87,1,8,50,70,5,88,24
h-09-1991-lions-3.iff,132,lions,1991,0,35,Lions,Quarterback,QB,12,placeholder,70,70,82,41,7,30,39,52,29,23,28,10,89,85,16,28,25,25,18,19,12,49,90,50,80,40,70,72
h-09-1991-lions-3.iff,132,lions,1991,0,36,Rodney,Peete,QB,9,real_name_in_supplied_data,55,70,78,25,7,65,18,59,24,21,28,35,69,75,12,16,16,28,7,31,12,49,79,50,78,38,69,24
h-09-1991-lions-3.iff,132,lions,1991,0,37,Lions,Quarterback,QB,18,placeholder,68,62,79,29,11,96,22,59,34,28,34,22,74,68,26,34,31,28,26,20,16,49,50,50,58,10,78,24
h-09-1991-lions-3.iff,132,lions,1991,0,38,Lions,Safety,SS,34,placeholder,87,88,9,91,20,79,43,90,76,13,69,9,11,10,17,27,25,40,41,70,23,49,40,1,43,5,60,70
h-09-1991-lions-3.iff,132,lions,1991,0,39,Lions,Tackle,T,75,placeholder,44,48,11,83,19,95,69,41,15,31,36,19,10,11,26,95,99,13,30,28,18,49,88,99,85,5,95,48
h-09-1991-lions-3.iff,132,lions,1991,0,40,Lions,Tackle,T,62,placeholder,49,61,11,79,16,85,61,64,13,28,28,16,10,11,13,69,79,14,23,28,15,49,97,99,90,5,90,63
h-09-1991-lions-3.iff,132,lions,1991,0,41,Lions,Tackle,T,73,placeholder,46,63,11,71,14,94,61,58,3,19,13,1,10,10,2,70,65,7,8,26,11,49,20,99,38,5,60,46
h-09-1991-lions-3.iff,132,lions,1991,0,42,Lions,Tight End,TE,84,placeholder,73,64,10,13,5,87,49,66,28,81,19,58,11,10,86,67,66,76,8,22,8,49,13,99,51,5,86,60
h-09-1991-lions-3.iff,132,lions,1991,0,43,Lions,Tight End,TE,41,placeholder,82,71,13,37,5,76,55,79,6,69,4,56,14,14,75,52,55,70,4,9,10,49,26,99,39,5,56,58
h-09-1991-lions-3.iff,132,lions,1991,0,44,Lions,Tight End,TE,81,placeholder,85,77,12,49,13,75,45,82,29,75,31,47,14,13,72,62,60,57,28,26,13,49,35,99,34,5,36,24
h-09-1991-lions-3.iff,132,lions,1991,0,45,Lions,Receiver,WR,80,placeholder,86,76,15,65,11,89,51,78,9,86,8,66,14,14,89,36,45,63,5,6,15,49,79,50,70,5,94,55
h-09-1991-lions-3.iff,132,lions,1991,0,46,Lions,Receiver,WR,87,placeholder,85,79,15,72,12,81,40,62,14,85,10,67,16,16,84,60,62,80,7,8,16,49,56,99,57,5,99,80
h-09-1991-lions-3.iff,132,lions,1991,0,47,Lions,Receiver,WR,83,placeholder,85,85,15,60,19,82,45,88,14,75,10,59,14,14,79,55,61,60,8,12,22,49,42,50,48,5,94,80
h-09-1991-lions-3.iff,132,lions,1991,0,48,Lions,Receiver,WR,88,placeholder,87,84,15,55,9,72,38,84,12,77,13,39,15,15,82,23,37,55,6,7,13,49,49,50,72,5,80,24
h-09-1991-lions-3.iff,132,lions,1991,0,49,Lions,Receiver,WR,85,placeholder,90,88,22,59,14,86,29,87,6,57,7,25,25,24,70,45,39,67,12,14,15,49,38,50,34,5,90,52
h-09-1991-lions-3.iff,132,lions,1991,0,50,Lions,Receiver,WR,86,placeholder,89,92,15,69,14,73,33,79,11,79,9,36,16,16,79,41,41,76,8,9,19,49,46,50,41,5,74,24
h-09-1991-lions-3.iff,132,lions,1991,0,51,Lions,Receiver,WR,82,placeholder,91,90,15,62,14,75,29,76,36,81,34,36,13,12,79,49,43,74,23,18,18,49,36,50,21,5,76,70
h-09-1991-lions-3.iff,132,lions,1991,0,52,Lions,Receiver,WR,26,placeholder,84,83,15,74,12,58,47,67,14,83,10,60,16,15,84,47,46,78,15,10,16,49,58,50,61,5,95,55
h-10-1966-packers-3.iff,133,packers,1966,1,0,Packers,Center,C,64,placeholder,53,76,11,99,24,95,71,45,31,18,27,20,10,10,21,88,80,8,33,37,22,49,51,99,70,5,64,44
h-10-1966-packers-3.iff,133,packers,1966,1,1,Packers,Center,C,62,placeholder,57,72,11,76,17,76,55,64,6,8,16,7,10,10,9,61,60,8,11,33,13,49,27,99,31,5,40,22
h-10-1966-packers-3.iff,133,packers,1966,1,2,Packers,Cornerback,CB,26,placeholder,83,90,9,89,16,77,35,78,95,12,78,8,12,10,47,14,18,39,28,77,20,49,88,1,59,5,90,80
h-10-1966-packers-3.iff,133,packers,1966,1,3,Packers,Cornerback,CB,21,placeholder,83,88,9,55,16,87,45,64,89,10,76,7,11,10,39,14,18,37,38,65,16,49,79,1,63,5,90,56
h-10-1966-packers-3.iff,133,packers,1966,1,4,Packers,Cornerback,CB,18,placeholder,82,89,9,83,19,88,39,82,72,11,70,8,11,10,23,18,22,37,35,54,23,49,20,1,41,5,79,60
h-10-1966-packers-3.iff,133,packers,1966,1,5,Packers,Cornerback,CB,33,placeholder,86,79,9,65,16,98,65,82,70,30,55,8,11,11,28,20,28,49,43,46,19,49,53,1,31,5,48,61
h-10-1966-packers-3.iff,133,packers,1966,1,6,Packers,Cornerback,CB,20,placeholder,91,81,11,91,26,62,55,73,66,7,44,5,11,11,9,35,36,32,55,40,24,49,57,1,31,5,35,24
h-10-1966-packers-3.iff,133,packers,1966,1,7,Packers,Cornerback,CB,43,placeholder,86,85,11,83,19,66,43,76,60,10,54,7,11,11,17,43,48,37,33,46,19,49,62,1,20,5,31,48
h-10-1966-packers-3.iff,133,packers,1966,1,8,Packers,Cornerback,CB,24,placeholder,90,76,9,43,17,67,37,72,55,12,41,8,10,10,23,34,31,6,30,32,17,49,23,1,20,5,31,46
h-10-1966-packers-3.iff,133,packers,1966,1,9,Packers,Cornerback,CB,46,placeholder,82,81,9,88,21,69,41,61,56,13,49,9,11,10,19,29,27,41,29,41,23,49,42,1,20,5,24,57
h-10-1966-packers-3.iff,133,packers,1966,1,10,Packers,Def End,DE,82,placeholder,78,88,10,79,19,76,58,64,51,14,95,28,11,10,24,19,26,28,98,88,20,49,97,99,65,5,83,80
h-10-1966-packers-3.iff,133,packers,1966,1,11,Packers,Def End,DE,87,placeholder,61,71,10,72,22,88,57,73,68,24,87,37,11,11,32,23,30,24,76,77,21,49,36,99,36,5,55,85
h-10-1966-packers-3.iff,133,packers,1966,1,12,Packers,Def Tackle,DT,74,placeholder,60,59,11,69,21,87,67,47,18,18,89,28,11,11,22,27,22,12,76,88,20,49,69,99,64,5,76,73
h-10-1966-packers-3.iff,133,packers,1966,1,13,Packers,Def Tackle,DT,72,placeholder,59,63,10,66,22,89,87,52,24,26,79,34,11,11,32,32,36,10,70,84,23,49,70,99,54,5,52,47
h-10-1966-packers-3.iff,133,packers,1966,1,14,Packers,Def Tackle,DT,90,placeholder,49,61,11,52,24,82,57,48,15,19,78,31,10,10,32,43,34,10,69,68,24,49,33,99,43,5,86,69
h-10-1966-packers-3.iff,133,packers,1966,1,15,Packers,Def Tackle,DT,91,placeholder,70,75,10,60,15,81,59,64,20,19,75,34,11,11,23,23,27,20,74,68,19,49,29,99,46,5,55,24
h-10-1966-packers-3.iff,133,packers,1966,1,16,Packers,Def Tackle,DT,71,placeholder,58,61,10,67,28,72,63,50,33,30,60,32,10,10,39,41,39,29,45,60,29,49,36,99,20,5,73,74
h-10-1966-packers-3.iff,133,packers,1966,1,17,Packers,Full Back,FB,38,placeholder,77,83,18,92,22,91,67,67,6,65,5,91,14,16,76,67,65,65,10,14,21,49,74,99,68,5,66,66
h-10-1966-packers-3.iff,133,packers,1966,1,18,Packers,Safety,FS,49,placeholder,81,88,12,93,22,84,39,76,78,8,82,6,12,11,14,30,31,34,48,68,25,49,54,1,53,5,65,46
h-10-1966-packers-3.iff,133,packers,1966,1,19,Packers,Safety,FS,23,placeholder,87,81,10,66,17,65,39,62,80,12,76,8,11,10,14,24,20,39,33,65,19,49,26,1,45,5,70,80
h-10-1966-packers-3.iff,133,packers,1966,1,20,Packers,Safety,FS,34,placeholder,91,84,11,94,24,74,63,82,64,7,44,5,11,11,27,44,42,33,36,43,26,49,58,1,42,5,43,24
h-10-1966-packers-3.iff,133,packers,1966,1,21,Packers,Guard,G,66,placeholder,38,57,12,86,23,99,69,45,13,30,27,16,10,10,23,98,90,7,27,28,21,49,83,99,73,5,88,24
h-10-1966-packers-3.iff,133,packers,1966,1,22,Packers,Guard,G,65,placeholder,50,51,12,71,19,94,63,48,6,24,22,9,10,10,10,76,87,8,16,27,15,49,69,99,56,5,49,42
h-10-1966-packers-3.iff,133,packers,1966,1,23,Packers,Guard,G,61,placeholder,54,65,12,69,10,83,73,64,18,33,33,42,11,11,34,45,46,17,26,31,14,49,43,99,20,5,35,87
h-10-1966-packers-3.iff,133,packers,1966,1,24,Packers,Half Back,HB,22,placeholder,85,79,17,95,16,87,67,68,13,51,6,80,15,16,50,38,41,97,11,13,18,49,83,99,53,5,40,81
h-10-1966-packers-3.iff,133,packers,1966,1,25,Packers,Half Back,HB,5,placeholder,76,75,28,89,14,75,57,59,6,40,6,88,26,26,48,36,30,94,15,6,16,49,81,99,61,5,64,70
h-10-1966-packers-3.iff,133,packers,1966,1,26,Packers,Half Back,HB,36,placeholder,67,79,15,43,16,71,65,67,39,31,28,83,14,14,62,37,29,96,32,36,17,49,50,99,40,5,54,74
h-10-1966-packers-3.iff,133,packers,1966,1,27,Packers,Half Back,HB,45,placeholder,88,79,17,65,16,72,47,76,13,48,8,75,14,14,49,49,35,90,6,13,19,49,38,99,40,24,41,41
h-10-1966-packers-3.iff,133,packers,1966,1,28,Packers,Linebacker,ILB,63,placeholder,74,86,10,98,11,34,69,68,85,19,99,29,11,10,27,27,22,26,91,99,11,49,92,99,66,5,90,90
h-10-1966-packers-3.iff,133,packers,1966,1,29,Packers,Linebacker,ILB,53,placeholder,78,69,10,78,4,64,69,84,74,15,90,34,11,11,16,23,20,24,83,89,4,49,79,99,52,5,74,63
h-10-1966-packers-3.iff,133,packers,1966,1,30,Packers,Kicker,K,2,placeholder,39,45,10,30,73,54,30,36,13,18,17,13,11,12,6,5,1,29,7,9,56,99,11,50,34,5,74,37
h-10-1966-packers-3.iff,133,packers,1966,1,31,Packers,Linebacker,OLB,60,placeholder,77,71,10,92,13,84,73,85,70,28,89,47,11,11,21,31,29,39,87,89,13,49,75,99,59,5,75,80
h-10-1966-packers-3.iff,133,packers,1966,1,32,Packers,Linebacker,OLB,89,placeholder,69,80,10,97,15,88,55,76,77,19,91,32,11,10,30,31,25,32,88,93,14,49,86,99,71,5,93,70
h-10-1966-packers-3.iff,133,packers,1966,1,33,Packers,Linebacker,OLB,32,placeholder,61,86,10,78,4,84,63,62,56,15,60,34,11,11,16,23,20,24,59,69,4,49,32,99,33,5,28,24
h-10-1966-packers-3.iff,133,packers,1966,1,34,Packers,Punter,P,35,placeholder,85,46,20,60,91,98,32,49,19,22,31,16,26,20,15,13,12,24,16,12,87,1,8,50,70,5,88,24
h-10-1966-packers-3.iff,133,packers,1966,1,35,Packers,Quarterback,QB,14,placeholder,67,72,96,50,11,74,45,64,31,24,29,22,86,86,18,32,26,14,22,22,14,49,99,50,96,56,93,73
h-10-1966-packers-3.iff,133,packers,1966,1,36,Packers,Quarterback,QB,12,placeholder,62,86,73,40,9,65,26,68,29,20,29,29,56,69,9,22,21,29,16,20,12,49,64,50,68,44,68,24
h-10-1966-packers-3.iff,133,packers,1966,1,37,Packers,Safety,SS,25,placeholder,83,85,9,60,12,80,39,67,80,25,83,8,11,11,19,19,17,46,40,88,16,49,71,1,67,5,91,46
h-10-1966-packers-3.iff,133,packers,1966,1,38,Packers,Safety,SS,27,placeholder,85,74,12,66,17,60,75,74,60,8,40,6,13,11,28,30,29,34,48,37,16,49,31,1,24,5,13,41
h-10-1966-packers-3.iff,133,packers,1966,1,39,Packers,Tackle,T,75,placeholder,50,60,12,94,19,94,71,58,14,27,30,20,10,10,23,86,94,13,27,30,16,49,90,99,74,5,71,38
h-10-1966-packers-3.iff,133,packers,1966,1,40,Packers,Tackle,T,73,placeholder,53,66,11,87,18,95,65,55,15,33,30,16,10,10,23,89,85,9,30,27,17,49,77,99,74,5,95,41
h-10-1966-packers-3.iff,133,packers,1966,1,41,Packers,Tackle,T,52,placeholder,48,62,11,50,18,96,67,47,9,23,32,8,10,10,11,66,59,4,28,45,15,49,22,99,40,5,74,47
h-10-1966-packers-3.iff,133,packers,1966,1,42,Packers,Tackle,T,77,placeholder,60,82,11,80,11,81,77,75,28,34,36,39,11,16,45,63,53,21,24,23,15,49,55,99,36,5,21,24
h-10-1966-packers-3.iff,133,packers,1966,1,43,Packers,Tight End,TE,81,placeholder,72,77,11,70,16,81,55,73,6,76,15,63,11,11,80,73,75,74,8,6,17,49,39,99,64,5,34,24
h-10-1966-packers-3.iff,133,packers,1966,1,44,Packers,Tight End,TE,41,placeholder,75,71,10,46,8,88,63,70,9,75,12,61,11,12,81,69,71,65,14,14,11,49,41,99,45,5,72,40
h-10-1966-packers-3.iff,133,packers,1966,1,45,Packers,Tight End,TE,88,placeholder,57,73,10,25,13,89,33,59,10,73,13,46,11,10,69,84,80,69,10,8,15,49,30,99,53,5,74,57
h-10-1966-packers-3.iff,133,packers,1966,1,46,Packers,Tight End,TE,47,placeholder,76,78,10,30,4,81,67,67,14,36,13,31,11,11,27,64,67,58,11,24,7,49,23,99,24,5,24,23
h-10-1966-packers-3.iff,133,packers,1966,1,47,Packers,Receiver,WR,85,placeholder,82,86,24,46,9,80,42,59,11,90,14,76,25,25,90,64,61,85,7,13,14,49,70,50,73,5,99,24
h-10-1966-packers-3.iff,133,packers,1966,1,48,Packers,Receiver,WR,84,placeholder,86,81,15,60,11,77,37,85,8,83,15,57,16,16,87,40,40,60,12,12,15,49,73,50,70,5,98,47
h-10-1966-packers-3.iff,133,packers,1966,1,49,Packers,Receiver,WR,80,placeholder,83,86,15,44,9,81,37,68,6,77,14,45,16,16,75,19,28,74,11,14,13,49,49,50,70,5,96,45
h-10-1966-packers-3.iff,133,packers,1966,1,50,Packers,Receiver,WR,86,placeholder,86,80,47,39,11,69,10,74,39,79,48,58,41,39,79,31,34,60,24,19,16,49,37,1,22,68,81,79
h-10-1966-packers-3.iff,133,packers,1966,1,51,Packers,Receiver,WR,83,placeholder,91,85,17,51,11,81,11,78,15,72,14,41,15,16,72,32,28,58,6,9,12,49,60,50,32,5,78,52
h-10-1966-packers-3.iff,133,packers,1966,1,52,Packers,Receiver,WR,6,placeholder,83,91,12,28,8,74,46,73,35,63,23,19,14,14,65,25,29,64,14,18,13,49,25,50,20,5,72,57
h-10-1996-packers-2.iff,134,packers,1996,1,0,Packers,Center,C,57,placeholder,44,59,11,67,25,87,59,41,34,18,28,22,10,11,23,84,88,12,37,37,23,49,86,99,99,5,95,24
h-10-1996-packers-2.iff,134,packers,1996,1,1,Packers,Center,C,62,placeholder,45,67,11,89,21,99,67,61,18,13,23,11,10,10,20,77,81,8,24,33,17,49,35,99,64,5,73,39
h-10-1996-packers-2.iff,134,packers,1996,1,2,Doug,Evans,CB,33,real_name_in_supplied_data,81,86,9,96,18,85,47,72,89,11,80,8,12,10,40,14,20,37,59,72,21,49,76,1,54,5,90,80
h-10-1996-packers-2.iff,134,packers,1996,1,3,Packers,Cornerback,CB,21,placeholder,75,83,9,55,16,73,39,68,89,12,79,8,11,10,47,23,25,39,40,70,19,49,64,1,54,5,90,77
h-10-1996-packers-2.iff,134,packers,1996,1,4,Packers,Cornerback,CB,38,placeholder,83,81,12,55,16,97,49,92,77,6,60,4,13,11,41,18,20,30,40,51,19,49,28,1,44,5,55,43
h-10-1996-packers-2.iff,134,packers,1996,1,5,Packers,Cornerback,CB,34,placeholder,83,81,9,66,17,87,53,58,74,14,73,10,11,11,26,19,23,43,30,58,20,49,49,1,58,5,64,52
h-10-1996-packers-2.iff,134,packers,1996,1,6,Tyrone,Williams,CB,37,real_name_in_supplied_data,89,81,9,83,16,76,35,72,76,12,75,8,11,10,24,16,21,39,30,75,19,49,57,1,58,5,72,24
h-10-1996-packers-2.iff,134,packers,1996,1,7,Packers,Def End,DE,97,placeholder,75,82,10,75,19,86,89,79,46,14,88,28,11,10,22,18,23,26,96,78,19,49,59,99,66,5,88,80
h-10-1996-packers-2.iff,134,packers,1996,1,8,Packers,Def End,DE,96,placeholder,87,64,11,49,16,85,73,65,44,22,80,31,13,11,14,23,25,22,92,72,15,49,28,99,65,5,76,74
h-10-1996-packers-2.iff,134,packers,1996,1,9,Packers,Def End,DE,98,placeholder,52,66,11,63,20,39,79,67,42,15,75,28,11,10,23,33,24,24,84,70,20,49,59,99,46,5,61,70
h-10-1996-packers-2.iff,134,packers,1996,1,10,Keith,Mckenzie,DE,95,real_name_in_supplied_data,72,76,10,57,19,54,61,62,59,18,66,27,11,10,23,22,23,36,73,72,20,49,23,99,40,5,55,74
h-10-1996-packers-2.iff,134,packers,1996,1,11,Packers,Def End,DE,91,placeholder,72,60,11,55,12,87,57,60,47,25,67,32,13,11,19,22,25,22,74,58,13,49,29,99,36,5,83,73
h-10-1996-packers-2.iff,134,packers,1996,1,12,Gilbert,Brown,DT,93,real_name_in_supplied_data,57,63,11,65,24,72,51,56,28,21,90,31,11,10,28,35,27,12,72,99,23,49,41,99,62,5,98,74
h-10-1996-packers-2.iff,134,packers,1996,1,13,Packers,Def Tackle,DT,78,placeholder,50,63,11,57,22,85,77,64,18,14,77,31,11,11,24,29,26,22,78,78,20,49,62,99,63,5,72,74
h-10-1996-packers-2.iff,134,packers,1996,1,14,Packers,Def Tackle,DT,94,placeholder,43,56,11,49,21,67,67,39,11,15,75,27,10,11,15,25,21,10,46,85,17,49,40,99,54,5,20,50
h-10-1996-packers-2.iff,134,packers,1996,1,15,Darius,Holland,DT,90,real_name_in_supplied_data,56,64,11,60,26,85,77,59,28,27,71,31,10,10,36,37,35,2,61,69,26,49,59,99,34,5,27,48
h-10-1996-packers-2.iff,134,packers,1996,1,16,William,Henderson,FB,30,real_name_in_supplied_data,71,64,18,98,23,92,59,65,10,62,7,44,14,15,70,84,82,87,8,13,24,49,55,99,69,5,56,39
h-10-1996-packers-2.iff,134,packers,1996,1,17,Packers,Full Back,FB,22,placeholder,76,78,18,72,7,64,69,70,8,29,13,52,14,14,31,79,80,69,8,10,11,49,37,99,46,5,24,14
h-10-1996-packers-2.iff,134,packers,1996,1,18,Packers,Safety,FS,36,placeholder,82,72,9,92,19,76,57,73,90,12,97,8,11,10,7,22,22,39,59,97,22,49,79,1,74,5,96,57
h-10-1996-packers-2.iff,134,packers,1996,1,19,Packers,Safety,FS,44,placeholder,82,86,9,90,23,87,41,64,77,11,82,8,11,10,26,35,30,37,36,74,24,49,45,1,55,5,88,67
h-10-1996-packers-2.iff,134,packers,1996,1,20,Packers,Guard,G,76,placeholder,52,67,14,93,27,95,69,55,17,34,29,26,11,10,23,93,81,8,31,30,25,49,45,99,66,5,74,45
h-10-1996-packers-2.iff,134,packers,1996,1,21,Adam,Timmerman,G,63,real_name_in_supplied_data,42,60,12,87,25,96,73,48,16,31,33,22,10,10,24,86,84,9,30,28,23,49,80,99,81,5,84,24
h-10-1996-packers-2.iff,134,packers,1996,1,22,Packers,Guard,G,64,placeholder,65,73,11,87,16,78,65,76,13,28,24,16,10,11,21,74,73,11,26,27,15,49,50,99,49,5,55,20
h-10-1996-packers-2.iff,134,packers,1996,1,23,Packers,Half Back,HB,35,placeholder,85,79,17,95,16,87,67,68,13,51,6,80,15,16,50,38,41,97,11,13,18,49,83,99,53,5,40,81
h-10-1996-packers-2.iff,134,packers,1996,1,24,Packers,Half Back,HB,24,placeholder,82,63,15,69,10,82,55,81,8,47,11,73,15,15,55,28,27,84,8,15,13,49,57,99,49,5,65,70
h-10-1996-packers-2.iff,134,packers,1996,1,25,Packers,Half Back,HB,32,placeholder,92,70,15,50,12,67,57,69,31,14,29,47,14,14,43,29,28,67,19,20,14,49,36,50,24,5,34,51
h-10-1996-packers-2.iff,134,packers,1996,1,26,Packers,Linebacker,ILB,56,placeholder,65,86,10,77,7,65,61,58,70,15,81,25,11,11,24,21,17,38,69,82,8,49,83,99,83,5,95,77
h-10-1996-packers-2.iff,134,packers,1996,1,27,Packers,Linebacker,ILB,55,placeholder,72,69,10,94,14,89,55,65,76,22,83,30,11,10,26,34,27,30,73,77,14,49,69,99,54,5,72,63
h-10-1996-packers-2.iff,134,packers,1996,1,28,Packers,Kicker,K,16,placeholder,38,47,11,46,90,96,33,42,23,26,40,19,11,12,30,34,29,34,24,14,90,99,32,50,87,5,75,20
h-10-1996-packers-2.iff,134,packers,1996,1,29,Packers,Linebacker,OLB,50,placeholder,82,80,10,87,13,84,59,73,73,23,76,35,11,11,20,23,21,12,76,75,11,49,42,99,52,5,72,46
h-10-1996-packers-2.iff,134,packers,1996,1,30,Packers,Linebacker,OLB,58,placeholder,59,68,10,93,13,69,77,72,76,18,80,30,11,10,30,33,27,36,74,80,14,49,39,99,54,5,51,54
h-10-1996-packers-2.iff,134,packers,1996,1,31,Packers,Linebacker,OLB,53,placeholder,82,82,10,80,8,77,63,76,59,20,75,34,11,11,13,22,16,12,60,73,10,49,34,99,35,5,43,62
h-10-1996-packers-2.iff,134,packers,1996,1,32,Craig,Hentrich,P,17,real_name_in_supplied_data,45,40,25,37,75,96,31,35,11,13,20,13,22,25,1,8,5,30,5,11,89,1,1,50,68,5,88,24
h-10-1996-packers-2.iff,134,packers,1996,1,33,Brett,Favre,QB,4,real_name_in_supplied_data,67,72,96,50,11,74,45,64,31,24,29,22,86,86,18,32,26,14,22,22,14,49,99,50,96,56,93,73
h-10-1996-packers-2.iff,134,packers,1996,1,34,Ty,Detmer,QB,2,real_name_in_supplied_data,59,59,64,32,7,77,13,62,29,23,26,8,61,60,11,16,22,26,15,19,11,49,65,50,63,35,79,20
h-10-1996-packers-2.iff,134,packers,1996,1,35,Packers,Quarterback,QB,1,placeholder,81,91,92,28,23,45,18,73,14,29,29,51,65,60,28,13,10,28,11,5,21,49,75,50,55,67,33,24
h-10-1996-packers-2.iff,134,packers,1996,1,36,Packers,Quarterback,QB,11,placeholder,53,65,59,46,11,83,13,41,33,28,33,14,46,60,23,21,25,28,26,18,15,49,48,50,60,26,58,24
h-10-1996-packers-2.iff,134,packers,1996,1,37,Packers,Safety,SS,48,placeholder,88,77,10,72,14,39,59,70,85,40,80,10,11,11,17,26,20,49,55,76,17,49,75,1,69,5,92,80
h-10-1996-packers-2.iff,134,packers,1996,1,38,Packers,Safety,SS,49,placeholder,84,86,8,99,28,75,51,85,64,20,76,7,10,10,50,38,43,44,61,69,29,49,50,1,34,5,58,58
h-10-1996-packers-2.iff,134,packers,1996,1,39,Packers,Tackle,T,77,placeholder,56,56,11,70,14,98,69,59,8,28,21,15,10,10,2,78,80,1,20,27,14,49,35,99,55,5,70,41
h-10-1996-packers-2.iff,134,packers,1996,1,40,Packers,Tackle,T,72,placeholder,44,67,12,75,14,97,71,55,24,41,30,43,11,11,38,74,82,14,27,26,16,49,51,99,52,5,71,41
h-10-1996-packers-2.iff,134,packers,1996,1,41,Packers,Tackle,T,75,placeholder,34,53,11,86,20,96,61,45,16,33,36,23,10,11,23,70,85,10,31,28,19,49,70,99,66,5,83,37
h-10-1996-packers-2.iff,134,packers,1996,1,42,Packers,Tackle,T,65,placeholder,56,47,11,82,16,97,55,47,24,32,32,47,11,17,43,73,66,19,23,23,16,49,55,99,40,5,85,60
h-10-1996-packers-2.iff,134,packers,1996,1,43,Packers,Tight End,TE,81,placeholder,77,88,24,79,14,86,45,68,10,96,14,90,26,24,92,82,83,78,15,8,18,49,81,99,66,5,77,76
h-10-1996-packers-2.iff,134,packers,1996,1,44,Packers,Tight End,TE,89,placeholder,79,79,10,46,8,74,75,67,9,64,12,40,11,12,66,46,43,65,14,14,11,49,31,99,39,5,59,24
h-10-1996-packers-2.iff,134,packers,1996,1,45,Packers,Tight End,TE,83,placeholder,85,77,12,49,13,75,45,82,29,75,31,47,14,13,72,62,60,57,28,26,13,49,35,99,34,5,36,24
h-10-1996-packers-2.iff,134,packers,1996,1,46,Antonio,Freeman,WR,86,real_name_in_supplied_data,81,78,15,77,14,68,68,67,6,96,15,91,16,16,89,53,53,90,11,5,18,49,44,99,35,5,73,99
h-10-1996-packers-2.iff,134,packers,1996,1,47,Packers,Receiver,WR,85,placeholder,89,81,13,51,14,81,34,98,33,88,28,71,13,11,86,34,25,61,19,16,13,49,33,50,59,5,92,46
h-10-1996-packers-2.iff,134,packers,1996,1,48,Packers,Receiver,WR,87,placeholder,85,79,15,72,12,88,37,73,11,72,7,61,16,16,76,33,39,75,6,10,16,49,58,50,47,5,98,79
h-10-1996-packers-2.iff,134,packers,1996,1,49,Packers,Receiver,WR,82,placeholder,87,74,15,55,5,63,33,79,12,74,15,47,14,14,84,46,41,68,6,12,11,49,58,50,53,5,73,24
h-10-1996-packers-2.iff,134,packers,1996,1,50,Packers,Receiver,WR,84,placeholder,89,92,15,69,14,73,33,79,11,79,9,36,16,16,79,41,41,76,8,9,19,49,46,50,41,5,74,24
h-10-1996-packers-2.iff,134,packers,1996,1,51,Packers,Receiver,WR,80,placeholder,92,88,15,50,5,84,56,85,5,79,13,40,14,14,72,36,33,59,10,8,11,49,54,50,30,5,75,59
h-10-1996-packers-2.iff,134,packers,1996,1,52,Packers,Receiver,WR,88,placeholder,91,89,15,73,17,89,33,84,6,94,12,78,16,17,90,46,43,85,8,7,16,49,79,50,54,5,99,89
h-10-2004-packers-0.iff,135,packers,2004,1,0,Mike,Flanagan,C,58,real_name_in_supplied_data,45,67,11,89,21,99,67,61,18,13,23,11,10,10,20,77,81,8,24,33,17,49,35,99,64,5,81,39
h-10-2004-packers-0.iff,135,packers,2004,1,1,Grey,Ruegamer,C,67,real_name_in_supplied_data,44,53,12,66,14,80,69,47,15,18,22,27,14,11,24,68,66,10,20,23,9,49,34,99,31,5,47,46
h-10-2004-packers-0.iff,135,packers,2004,1,2,Rob,Davis,C,60,real_name_in_supplied_data,60,67,10,40,23,85,73,65,24,23,28,28,10,10,30,44,48,4,30,46,24,49,30,99,28,5,43,56
h-10-2004-packers-0.iff,135,packers,2004,1,3,Al,Harris,CB,31,real_name_in_supplied_data,81,77,9,60,19,95,53,64,68,11,71,8,11,10,26,22,27,37,32,55,19,49,24,1,47,5,94,45
h-10-2004-packers-0.iff,135,packers,2004,1,4,Mike,McKenzie,CB,34,real_name_in_supplied_data,86,82,12,68,17,68,45,82,93,6,77,4,13,11,32,21,24,30,55,76,20,49,31,1,63,5,70,43
h-10-2004-packers-0.iff,135,packers,2004,1,5,Michael,Hawthorne,CB,27,real_name_in_supplied_data,87,84,11,70,21,53,41,79,65,8,72,6,11,11,33,45,41,34,41,60,22,49,34,1,34,5,22,49
h-10-2004-packers-0.iff,135,packers,2004,1,6,Bhawoh,Jue,CB,21,real_name_in_supplied_data,85,81,11,70,17,28,33,72,69,7,52,5,11,11,30,30,25,32,49,42,16,49,31,1,25,5,41,48
h-10-2004-packers-0.iff,135,packers,2004,1,7,Bryant,Westbrook,CB,32,real_name_in_supplied_data,88,86,9,83,18,71,55,78,76,13,68,9,11,10,21,24,29,41,37,58,21,49,44,1,53,5,48,50
h-10-2004-packers-0.iff,135,packers,2004,1,8,Kabeer,Gbaja-Biamila,DE,94,real_name_in_supplied_data,87,64,11,49,16,85,73,65,44,22,80,31,13,11,14,23,25,22,92,72,15,49,28,99,65,5,71,74
h-10-2004-packers-0.iff,135,packers,2004,1,9,Aaron,Kampman,DE,74,real_name_in_supplied_data,69,78,10,38,18,87,67,68,39,16,73,23,10,10,19,24,20,36,65,55,16,49,19,99,30,5,35,39
h-10-2004-packers-0.iff,135,packers,2004,1,10,Chukie,Nwokorie,DE,90,real_name_in_supplied_data,67,76,11,44,15,85,55,73,31,22,70,27,12,11,16,16,19,18,76,65,11,49,21,99,35,5,75,76
h-10-2004-packers-0.iff,135,packers,2004,1,11,Jamal,Reynolds,DE,99,real_name_in_supplied_data,80,77,11,75,18,82,73,70,67,30,68,35,13,11,26,33,34,22,71,72,16,49,39,99,31,5,32,73
h-10-2004-packers-0.iff,135,packers,2004,1,12,Joe,Johnson,DE,91,real_name_in_supplied_data,54,65,11,73,19,32,69,65,46,15,89,28,11,10,20,22,22,24,84,72,19,49,49,99,54,5,54,86
h-10-2004-packers-0.iff,135,packers,2004,1,13,Gilbert,Brown,DT,93,real_name_in_supplied_data,41,54,11,49,21,67,65,37,11,15,75,27,10,11,15,25,21,10,46,85,17,49,40,99,54,5,35,50
h-10-2004-packers-0.iff,135,packers,2004,1,14,Cletidus,Hunt,DT,97,real_name_in_supplied_data,63,63,11,60,26,83,79,59,28,27,76,31,10,10,36,37,35,2,72,78,26,49,59,99,52,5,61,45
h-10-2004-packers-0.iff,135,packers,2004,1,15,Grady,Jackson,DT,75,real_name_in_supplied_data,61,73,10,44,14,80,75,70,13,18,75,29,11,11,19,15,23,14,79,71,13,49,28,99,47,5,51,86
h-10-2004-packers-0.iff,135,packers,2004,1,16,Kenny,Peterson,DT,98,real_name_in_supplied_data,66,52,10,53,27,68,73,58,33,27,68,36,11,10,34,34,34,1,61,65,29,49,31,99,30,5,51,43
h-10-2004-packers-0.iff,135,packers,2004,1,17,Rod,Walker,DT,95,real_name_in_supplied_data,63,55,10,41,25,74,67,71,21,24,73,28,10,10,27,39,33,27,48,69,24,49,28,99,20,5,73,58
h-10-2004-packers-0.iff,135,packers,2004,1,18,William,Henderson,FB,33,real_name_in_supplied_data,71,64,18,98,23,92,59,65,10,62,7,44,14,15,70,84,82,87,8,13,24,49,55,99,69,5,61,39
h-10-2004-packers-0.iff,135,packers,2004,1,19,Nicolas,Luchey,FB,22,real_name_in_supplied_data,84,81,17,60,7,98,85,35,8,54,13,49,14,14,42,75,63,79,8,10,11,49,37,99,36,5,11,80
h-10-2004-packers-0.iff,135,packers,2004,1,20,Darren,Sharper,FS,42,real_name_in_supplied_data,80,79,9,99,25,71,51,85,88,14,85,10,11,10,35,36,36,41,40,75,26,49,74,1,60,5,99,88
h-10-2004-packers-0.iff,135,packers,2004,1,21,Curtis,Fuller,FS,29,real_name_in_supplied_data,91,81,9,85,23,84,55,76,65,12,60,8,10,10,13,41,39,39,40,48,24,49,54,1,25,5,37,76
h-10-2004-packers-0.iff,135,packers,2004,1,22,Mike,Wahle,G,68,real_name_in_supplied_data,44,70,12,83,25,98,60,48,19,33,32,20,10,10,34,84,87,6,32,27,24,49,47,99,57,5,82,39
h-10-2004-packers-0.iff,135,packers,2004,1,23,Marco,Rivera,G,62,real_name_in_supplied_data,42,52,14,92,26,98,59,48,17,32,32,24,11,10,26,93,95,9,31,30,23,49,70,99,73,5,83,24
h-10-2004-packers-0.iff,135,packers,2004,1,24,Packers,Guard,G,79,placeholder,36,40,12,79,19,81,77,45,10,27,27,20,10,10,23,70,71,11,27,30,17,49,46,99,63,5,85,11
h-10-2004-packers-0.iff,135,packers,2004,1,25,Ahman,Green,HB,30,real_name_in_supplied_data,89,75,15,80,18,90,45,84,11,65,13,84,16,14,72,25,29,88,8,14,21,49,41,50,71,5,86,20
h-10-2004-packers-0.iff,135,packers,2004,1,26,Tony,Fisher,HB,40,real_name_in_supplied_data,80,80,16,72,16,91,61,92,10,59,14,70,13,13,53,40,40,88,6,12,14,49,34,50,35,5,30,9
h-10-2004-packers-0.iff,135,packers,2004,1,27,Najeh,Davenport,HB,44,real_name_in_supplied_data,83,75,16,72,16,71,49,61,10,59,14,70,13,13,60,46,46,70,6,12,14,49,34,99,29,5,50,79
h-10-2004-packers-0.iff,135,packers,2004,1,28,Nick,Barnett,ILB,56,real_name_in_supplied_data,75,87,13,67,17,77,83,70,60,22,71,30,11,11,24,23,26,10,58,65,15,49,31,99,45,5,90,24
h-10-2004-packers-0.iff,135,packers,2004,1,29,Torrance,Marshall,ILB,51,real_name_in_supplied_data,87,86,10,79,6,89,57,84,63,21,66,34,11,11,16,26,18,26,47,66,8,49,39,99,35,5,51,51
h-10-2004-packers-0.iff,135,packers,2004,1,30,Ryan,Longwell,K,8,real_name_in_supplied_data,38,47,11,46,89,96,33,42,23,26,40,19,11,12,30,34,29,34,24,14,89,99,32,50,87,5,69,20
h-10-2004-packers-0.iff,135,packers,2004,1,31,Na'il,Diggs,OLB,59,real_name_in_supplied_data,82,80,10,87,13,84,59,73,73,23,76,35,11,11,20,23,21,12,76,75,11,49,42,99,52,5,74,46
h-10-2004-packers-0.iff,135,packers,2004,1,32,Hannibal,Navies,OLB,50,real_name_in_supplied_data,84,81,10,81,12,56,67,84,64,26,76,38,11,11,13,28,22,22,59,59,13,49,51,99,30,5,69,58
h-10-2004-packers-0.iff,135,packers,2004,1,33,Paris,Lenon,OLB,53,real_name_in_supplied_data,70,72,10,62,9,73,57,53,69,19,69,24,10,11,9,27,23,24,47,68,9,49,50,99,20,5,68,43
h-10-2004-packers-0.iff,135,packers,2004,1,34,Josh,Bidwell,P,9,real_name_in_supplied_data,48,58,21,60,75,98,39,47,34,37,53,33,23,27,48,30,24,4,43,36,78,1,31,50,53,5,81,42
h-10-2004-packers-0.iff,135,packers,2004,1,35,Brett,Favre,QB,4,real_name_in_supplied_data,63,68,96,50,11,74,41,60,31,24,29,22,86,86,18,32,26,14,22,22,14,49,99,50,96,56,96,73
h-10-2004-packers-0.iff,135,packers,2004,1,36,Doug,Pederson,QB,18,real_name_in_supplied_data,51,63,59,46,11,83,11,39,33,28,33,14,46,60,23,21,25,28,26,18,15,49,48,50,60,26,60,24
h-10-2004-packers-0.iff,135,packers,2004,1,37,Craig,Nall,QB,16,real_name_in_supplied_data,72,57,58,25,13,74,38,60,37,29,37,17,60,51,30,38,33,28,28,20,17,49,48,50,58,34,50,24
h-10-2004-packers-0.iff,135,packers,2004,1,38,Marques,Anderson,SS,20,real_name_in_supplied_data,85,81,13,86,16,83,51,85,77,10,66,6,13,11,38,27,28,41,52,64,19,49,42,1,31,5,64,43
h-10-2004-packers-0.iff,135,packers,2004,1,39,James,Whitley,SS,25,real_name_in_supplied_data,76,72,8,99,29,75,37,85,54,20,56,7,10,10,50,38,43,46,68,45,29,49,50,1,20,5,67,58
h-10-2004-packers-0.iff,135,packers,2004,1,40,Antuan,Edwards,SS,24,real_name_in_supplied_data,91,85,13,66,16,53,43,73,69,8,69,6,13,11,27,28,30,34,43,68,17,49,48,1,43,5,56,56
h-10-2004-packers-0.iff,135,packers,2004,1,41,Chad,Clifton,T,76,real_name_in_supplied_data,56,56,11,70,14,98,69,59,8,28,21,15,10,10,2,78,80,1,20,27,14,49,35,99,55,5,72,41
h-10-2004-packers-0.iff,135,packers,2004,1,42,Mark,Tauscher,T,65,real_name_in_supplied_data,38,50,11,71,19,96,65,48,13,34,30,16,10,10,21,80,82,2,30,27,18,49,34,99,52,5,77,46
h-10-2004-packers-0.iff,135,packers,2004,1,43,Brennan,Curtin,T,69,real_name_in_supplied_data,46,50,11,76,17,78,63,64,6,8,16,7,10,10,9,50,51,8,11,33,13,49,27,99,26,5,24,14
h-10-2004-packers-0.iff,135,packers,2004,1,44,Packers,Tackle,T,71,placeholder,41,56,11,61,7,62,67,52,14,26,28,32,11,15,30,40,40,19,15,22,9,49,42,99,28,5,1,6
h-10-2004-packers-0.iff,135,packers,2004,1,45,Bubba,Franks,TE,88,real_name_in_supplied_data,65,71,10,53,8,86,53,58,12,83,8,72,11,13,85,70,74,77,14,12,14,49,31,99,50,5,76,77
h-10-2004-packers-0.iff,135,packers,2004,1,46,Packers,Tight End,TE,82,placeholder,75,75,10,55,11,54,43,70,12,72,10,47,11,11,79,70,72,88,6,12,15,49,80,99,84,5,64,21
h-10-2004-packers-0.iff,135,packers,2004,1,47,David,Martin,TE,87,real_name_in_supplied_data,85,77,12,49,13,75,45,82,29,75,31,47,14,13,72,62,60,57,28,26,13,49,35,99,34,5,37,24
h-10-2004-packers-0.iff,135,packers,2004,1,48,Robert,Ferguson,WR,89,real_name_in_supplied_data,90,87,15,59,10,78,37,78,38,75,33,45,13,15,73,45,36,66,18,16,15,49,35,50,36,5,81,47
h-10-2004-packers-0.iff,135,packers,2004,1,49,Donald,Driver,WR,80,real_name_in_supplied_data,89,81,13,51,14,81,34,98,33,88,28,71,13,11,86,34,25,61,19,16,13,49,33,50,59,5,84,46
h-10-2004-packers-0.iff,135,packers,2004,1,50,Javon,Walker,WR,84,real_name_in_supplied_data,92,88,15,50,5,84,56,85,5,81,13,40,14,14,79,36,33,59,10,8,11,49,54,50,30,5,82,59
h-10-2004-packers-0.iff,135,packers,2004,1,51,Antonio,Freeman,WR,86,real_name_in_supplied_data,85,79,15,72,12,88,37,73,11,72,7,61,16,16,76,33,39,75,6,10,16,49,58,50,47,5,86,79
h-10-2004-packers-0.iff,135,packers,2004,1,52,Antonio,Chatman,WR,83,real_name_in_supplied_data,92,62,15,28,9,59,53,73,6,52,5,39,14,13,48,18,16,64,5,9,8,49,28,50,20,5,52,46
h-11-1970-colts-5.iff,136,colts,1970,1,0,Colts,Center,C,59,placeholder,50,70,14,71,18,94,69,70,14,37,29,32,14,11,34,80,72,10,27,24,13,49,42,99,51,5,65,46
h-11-1970-colts-5.iff,136,colts,1970,1,1,Colts,Center,C,68,placeholder,57,72,11,76,17,76,55,64,6,8,16,7,10,10,9,61,60,8,11,33,13,49,27,99,31,5,40,22
h-11-1970-colts-5.iff,136,colts,1970,1,2,Colts,Cornerback,CB,47,placeholder,89,86,9,77,20,69,45,84,96,10,61,7,11,10,39,30,33,37,39,56,22,49,66,1,65,5,89,60
h-11-1970-colts-5.iff,136,colts,1970,1,3,Colts,Cornerback,CB,34,placeholder,83,88,9,55,16,87,45,64,89,10,76,7,11,10,39,14,18,37,38,65,16,49,79,1,63,5,90,56
h-11-1970-colts-5.iff,136,colts,1970,1,4,Colts,Cornerback,CB,24,placeholder,85,91,11,75,19,85,33,81,86,8,69,6,11,11,35,34,39,34,24,71,21,49,36,1,40,5,60,52
h-11-1970-colts-5.iff,136,colts,1970,1,5,Colts,Cornerback,CB,42,placeholder,87,92,9,88,21,83,43,73,61,13,49,9,11,10,19,29,27,41,29,51,23,49,42,1,21,5,28,57
h-11-1970-colts-5.iff,136,colts,1970,1,6,Colts,Def End,DE,84,placeholder,78,88,10,79,19,76,58,64,51,14,95,28,11,10,24,19,26,28,98,88,20,49,97,99,65,5,83,80
h-11-1970-colts-5.iff,136,colts,1970,1,7,Colts,Def End,DE,71,placeholder,75,82,10,75,19,86,71,79,46,14,88,28,11,10,22,18,23,26,96,78,19,49,59,99,66,5,88,80
h-11-1970-colts-5.iff,136,colts,1970,1,8,Colts,Def End,DE,88,placeholder,72,76,10,57,19,54,61,62,59,18,66,27,11,10,23,22,23,36,73,72,20,49,23,99,40,5,55,74
h-11-1970-colts-5.iff,136,colts,1970,1,9,Colts,Def End,DE,54,placeholder,66,77,10,67,19,80,71,55,58,23,72,35,11,11,27,26,34,18,71,64,19,49,34,99,42,5,29,24
h-11-1970-colts-5.iff,136,colts,1970,1,10,Colts,Def Tackle,DT,73,placeholder,81,75,11,61,21,83,67,69,34,16,89,28,10,10,22,32,23,14,41,89,19,49,77,99,56,5,79,89
h-11-1970-colts-5.iff,136,colts,1970,1,11,Colts,Def Tackle,DT,87,placeholder,62,65,11,64,23,39,79,62,26,18,93,31,10,10,30,35,31,18,70,87,23,49,71,99,51,5,56,83
h-11-1970-colts-5.iff,136,colts,1970,1,12,Colts,Def Tackle,DT,60,placeholder,58,60,11,50,22,75,91,56,18,20,75,28,10,10,23,32,24,2,36,84,22,49,20,99,37,5,51,79
h-11-1970-colts-5.iff,136,colts,1970,1,13,Colts,Def Tackle,DT,64,placeholder,54,52,10,61,16,74,61,45,11,21,66,31,11,11,24,19,23,18,59,73,16,49,29,99,27,5,64,44
h-11-1970-colts-5.iff,136,colts,1970,1,14,Colts,Full Back,FB,33,placeholder,80,79,18,98,23,84,61,76,7,60,5,43,15,16,75,69,51,73,5,7,24,49,74,99,54,5,54,56
h-11-1970-colts-5.iff,136,colts,1970,1,15,Colts,Full Back,FB,35,placeholder,82,70,16,79,16,92,63,58,11,29,6,59,13,13,44,49,55,72,10,14,15,49,36,99,28,5,19,9
h-11-1970-colts-5.iff,136,colts,1970,1,16,Colts,Safety,FS,20,placeholder,78,79,9,88,18,81,43,62,86,13,80,9,11,11,22,23,20,40,29,80,20,49,92,1,68,5,95,70
h-11-1970-colts-5.iff,136,colts,1970,1,17,Colts,Safety,FS,32,placeholder,85,65,9,67,16,89,43,72,70,25,70,8,10,10,31,23,30,11,56,67,19,49,34,1,43,5,60,24
h-11-1970-colts-5.iff,136,colts,1970,1,18,Colts,Guard,G,67,placeholder,39,48,12,76,24,96,58,39,14,33,29,16,10,10,24,80,84,7,28,27,22,49,38,99,60,5,88,24
h-11-1970-colts-5.iff,136,colts,1970,1,19,Colts,Guard,G,75,placeholder,50,51,12,71,19,94,63,48,6,24,22,9,10,10,10,76,87,8,16,27,15,49,69,99,56,5,49,42
h-11-1970-colts-5.iff,136,colts,1970,1,20,Colts,Guard,G,70,placeholder,46,62,12,72,19,83,85,52,6,22,21,11,10,10,10,70,62,8,16,27,15,49,28,99,42,5,51,20
h-11-1970-colts-5.iff,136,colts,1970,1,21,Colts,Half Back,HB,49,placeholder,82,84,17,82,12,93,45,73,11,66,12,88,14,14,60,27,32,92,9,7,16,49,70,50,58,5,71,51
h-11-1970-colts-5.iff,136,colts,1970,1,22,Colts,Half Back,HB,44,placeholder,83,74,15,63,13,94,55,88,34,49,28,69,15,14,54,32,39,81,20,19,16,49,38,50,38,5,60,69
h-11-1970-colts-5.iff,136,colts,1970,1,23,Colts,Half Back,HB,48,placeholder,90,79,17,77,17,92,53,64,15,24,10,63,15,16,63,30,28,92,8,8,18,49,44,1,31,5,62,56
h-11-1970-colts-5.iff,136,colts,1970,1,24,Colts,Half Back,HB,41,placeholder,88,79,17,65,16,72,47,76,13,48,8,75,14,14,49,49,35,90,6,13,19,49,38,99,40,24,41,41
h-11-1970-colts-5.iff,136,colts,1970,1,25,Colts,Half Back,HB,17,placeholder,92,70,15,50,12,67,57,69,31,14,29,47,14,14,43,29,28,67,19,20,14,49,36,50,24,5,34,51
h-11-1970-colts-5.iff,136,colts,1970,1,26,Colts,Linebacker,ILB,37,placeholder,63,79,10,98,11,75,70,54,86,21,99,28,11,10,43,25,20,22,81,99,11,49,96,99,63,5,99,74
h-11-1970-colts-5.iff,136,colts,1970,1,27,Colts,Linebacker,ILB,52,placeholder,78,83,10,72,7,89,59,76,72,24,80,25,10,10,16,30,21,16,58,72,8,49,37,99,53,5,95,48
h-11-1970-colts-5.iff,136,colts,1970,1,28,Colts,Linebacker,ILB,57,placeholder,77,76,10,88,11,68,67,64,69,23,79,35,11,11,20,31,28,24,65,78,10,49,57,99,37,5,44,67
h-11-1970-colts-5.iff,136,colts,1970,1,29,Colts,Linebacker,ILB,55,placeholder,80,72,10,99,22,89,53,64,52,48,77,45,11,10,42,48,45,24,49,60,22,49,47,99,20,5,59,87
h-11-1970-colts-5.iff,136,colts,1970,1,30,Colts,Kicker,K,18,placeholder,39,45,11,30,86,90,32,38,17,22,27,15,11,12,13,19,14,29,12,12,89,99,54,50,59,5,71,22
h-11-1970-colts-5.iff,136,colts,1970,1,31,Colts,Linebacker,OLB,58,placeholder,76,75,10,83,10,80,69,64,74,18,73,25,11,10,19,30,26,24,74,75,10,49,29,99,38,5,75,92
h-11-1970-colts-5.iff,136,colts,1970,1,32,Colts,Linebacker,OLB,83,placeholder,59,68,10,93,13,69,77,72,76,18,80,30,11,10,30,33,27,36,74,80,14,49,39,99,54,5,51,54
h-11-1970-colts-5.iff,136,colts,1970,1,33,Colts,Linebacker,OLB,53,placeholder,74,69,10,94,13,86,61,78,76,23,79,28,11,10,16,27,23,26,56,78,14,49,49,99,39,5,83,82
h-11-1970-colts-5.iff,136,colts,1970,1,34,Colts,Punter,P,40,placeholder,45,46,20,48,94,95,35,37,23,27,41,18,23,24,15,20,16,16,22,12,89,1,32,50,90,5,92,23
h-11-1970-colts-5.iff,136,colts,1970,1,35,Colts,Quarterback,QB,10,placeholder,66,64,93,50,9,84,43,56,26,21,31,22,93,96,21,30,28,29,20,22,13,49,92,50,78,30,85,24
h-11-1970-colts-5.iff,136,colts,1970,1,36,Colts,Quarterback,QB,14,placeholder,53,57,80,29,16,50,38,48,33,27,32,46,76,68,25,20,20,28,35,31,16,49,50,50,53,23,40,24
h-11-1970-colts-5.iff,136,colts,1970,1,37,Colts,Quarterback,QB,2,placeholder,75,74,79,19,11,77,39,67,39,28,50,53,71,56,39,23,24,28,31,47,13,49,66,50,60,69,14,24
h-11-1970-colts-5.iff,136,colts,1970,1,38,Colts,Safety,SS,21,placeholder,76,76,9,58,14,88,47,59,78,35,77,9,11,10,42,29,23,49,42,71,16,49,28,1,42,5,86,89
h-11-1970-colts-5.iff,136,colts,1970,1,39,Colts,Safety,SS,30,placeholder,89,95,11,88,19,81,51,82,61,8,51,6,11,11,3,29,29,34,63,47,19,49,52,1,31,5,35,24
h-11-1970-colts-5.iff,136,colts,1970,1,40,Colts,Safety,SS,29,placeholder,80,73,8,88,19,81,63,75,49,20,55,7,10,10,31,24,29,44,46,26,22,49,35,1,26,5,41,24
h-11-1970-colts-5.iff,136,colts,1970,1,41,Colts,Tackle,T,78,placeholder,31,46,12,86,23,97,75,44,13,30,30,18,10,10,23,89,80,8,27,28,21,49,78,99,60,5,85,41
h-11-1970-colts-5.iff,136,colts,1970,1,42,Colts,Tackle,T,77,placeholder,43,56,11,86,19,94,69,41,15,29,29,20,10,10,26,94,93,13,30,28,18,49,80,99,69,5,76,49
h-11-1970-colts-5.iff,136,colts,1970,1,43,Colts,Tackle,T,61,placeholder,48,63,11,87,16,86,77,73,13,28,24,16,10,11,21,72,72,11,26,27,15,49,50,99,51,5,38,14
h-11-1970-colts-5.iff,136,colts,1970,1,44,Colts,Tackle,T,76,placeholder,36,40,12,79,19,81,77,45,10,27,27,20,10,10,23,70,71,11,27,30,17,49,46,99,63,5,85,11
h-11-1970-colts-5.iff,136,colts,1970,1,45,Colts,Tight End,TE,81,placeholder,83,82,10,45,5,60,51,67,14,90,8,89,11,13,85,75,77,59,12,11,11,49,26,99,46,5,68,95
h-11-1970-colts-5.iff,136,colts,1970,1,46,Colts,Tight End,TE,85,placeholder,77,77,10,59,13,69,55,64,14,68,10,47,11,11,73,73,76,76,13,15,15,49,52,99,61,5,25,24
h-11-1970-colts-5.iff,136,colts,1970,1,47,Colts,Tight End,TE,86,placeholder,76,78,10,30,4,81,67,67,14,36,13,31,11,11,27,64,67,58,11,24,7,49,23,99,24,5,24,23
h-11-1970-colts-5.iff,136,colts,1970,1,48,Colts,Receiver,WR,82,placeholder,93,86,13,28,7,82,47,99,15,85,11,66,14,14,80,27,34,76,5,10,12,49,68,50,54,5,92,42
h-11-1970-colts-5.iff,136,colts,1970,1,49,Colts,Receiver,WR,36,placeholder,86,81,15,60,11,77,37,85,8,83,15,57,16,16,87,40,40,60,12,12,15,49,73,50,70,5,98,47
h-11-1970-colts-5.iff,136,colts,1970,1,50,Colts,Receiver,WR,80,placeholder,86,74,13,44,9,77,42,68,5,79,12,62,14,14,77,34,38,46,10,13,13,49,28,50,63,5,97,47
h-11-1970-colts-5.iff,136,colts,1970,1,51,Colts,Receiver,WR,22,placeholder,89,92,15,69,14,73,33,79,11,79,9,36,16,16,79,41,41,76,8,9,19,49,46,50,41,5,74,24
h-11-1970-colts-5.iff,136,colts,1970,1,52,Colts,Receiver,WR,28,placeholder,86,81,13,58,10,80,37,72,10,70,7,43,14,14,73,34,35,64,14,6,13,49,23,50,40,5,96,24
h-12-1999-jaguars-1.iff,137,jaguars,1999,0,0,John,Wade,C,66,real_name_in_supplied_data,50,70,14,71,18,94,69,70,14,37,29,32,14,11,34,80,72,10,27,24,13,49,42,99,51,5,65,46
h-12-1999-jaguars-1.iff,137,jaguars,1999,0,1,Aaron,Beasley,CB,21,real_name_in_supplied_data,75,83,9,55,16,73,39,68,89,12,79,8,11,10,47,23,25,39,40,70,19,49,64,1,54,5,90,77
h-12-1999-jaguars-1.iff,137,jaguars,1999,0,2,Fernando,Bryant,CB,25,real_name_in_supplied_data,83,88,9,55,16,87,45,64,89,10,76,7,11,10,39,14,18,37,38,65,16,49,79,1,63,5,90,56
h-12-1999-jaguars-1.iff,137,jaguars,1999,0,3,Jaguars,Cornerback,CB,41,placeholder,85,81,11,55,19,88,47,81,75,6,64,4,11,11,18,28,29,30,48,52,17,49,30,1,45,5,75,47
h-12-1999-jaguars-1.iff,137,jaguars,1999,0,4,Jaguars,Cornerback,CB,48,placeholder,85,80,8,64,19,80,41,70,54,10,50,7,10,10,23,21,29,37,48,51,20,49,31,1,20,5,50,58
h-12-1999-jaguars-1.iff,137,jaguars,1999,0,5,Jaguars,Def End,DE,99,placeholder,83,71,11,67,19,70,71,79,47,15,82,29,11,11,18,21,19,24,96,79,19,49,48,99,53,5,63,57
h-12-1999-jaguars-1.iff,137,jaguars,1999,0,6,Tony,Brackens,DE,90,real_name_in_supplied_data,88,72,11,75,18,88,75,76,67,30,79,35,13,11,26,33,34,22,94,72,16,49,39,99,64,5,66,24
h-12-1999-jaguars-1.iff,137,jaguars,1999,0,7,Jaguars,Def End,DE,92,placeholder,73,78,10,60,19,78,67,70,46,16,67,26,11,11,19,21,20,24,81,74,19,49,43,99,56,5,72,89
h-12-1999-jaguars-1.iff,137,jaguars,1999,0,8,Jaguars,Def End,DE,75,placeholder,68,72,10,73,30,86,59,64,24,29,76,34,10,10,50,49,48,10,75,63,30,49,40,99,37,5,54,68
h-12-1999-jaguars-1.iff,137,jaguars,1999,0,9,Regan,Upshaw,DE,73,real_name_in_supplied_data,74,61,10,46,14,88,69,72,49,8,75,24,11,10,9,12,12,24,77,74,13,49,48,99,36,5,74,89
h-12-1999-jaguars-1.iff,137,jaguars,1999,0,10,Gary,Walker,DT,96,real_name_in_supplied_data,58,59,10,76,22,83,67,48,24,25,86,33,11,11,31,24,33,14,86,82,19,49,41,99,57,5,75,24
h-12-1999-jaguars-1.iff,137,jaguars,1999,0,11,Seth,Payne,DT,91,real_name_in_supplied_data,53,67,10,61,19,94,69,67,21,24,88,33,11,11,30,26,30,14,60,86,19,49,38,99,52,5,72,70
h-12-1999-jaguars-1.iff,137,jaguars,1999,0,12,Renaldo,Wynn,DT,97,real_name_in_supplied_data,81,75,11,61,21,83,67,69,34,16,89,28,10,10,22,32,23,14,41,89,19,49,77,99,56,5,79,89
h-12-1999-jaguars-1.iff,137,jaguars,1999,0,13,Jaguars,Def Tackle,DT,93,placeholder,61,66,11,60,23,89,75,52,21,22,73,29,10,11,26,33,29,4,71,82,23,49,80,99,48,5,41,88
h-12-1999-jaguars-1.iff,137,jaguars,1999,0,14,Jaguars,Def Tackle,DT,98,placeholder,49,61,11,52,24,82,57,48,15,19,78,31,10,10,32,43,34,10,69,68,24,49,33,99,43,5,86,69
h-12-1999-jaguars-1.iff,137,jaguars,1999,0,15,Larry,Smith,DT,94,real_name_in_supplied_data,58,77,10,58,19,80,67,61,29,27,69,50,11,11,30,40,44,39,69,68,21,49,41,99,27,5,22,70
h-12-1999-jaguars-1.iff,137,jaguars,1999,0,16,Jaguars,Full Back,FB,38,placeholder,80,75,16,79,19,94,69,57,42,53,29,50,14,14,62,82,68,89,37,35,21,49,27,99,43,5,30,70
h-12-1999-jaguars-1.iff,137,jaguars,1999,0,17,Jaguars,Safety,FS,32,placeholder,82,72,9,92,19,76,57,73,90,12,97,8,11,10,7,22,22,39,59,97,22,49,79,1,74,5,96,57
h-12-1999-jaguars-1.iff,137,jaguars,1999,0,18,Jaguars,Safety,FS,26,placeholder,84,76,8,91,19,84,57,67,58,20,70,7,10,10,31,25,30,44,44,53,22,49,36,1,32,5,26,24
h-12-1999-jaguars-1.iff,137,jaguars,1999,0,19,Zach,Wiegert,G,77,real_name_in_supplied_data,54,67,11,76,22,97,57,52,13,30,27,14,10,10,23,70,68,5,26,27,20,49,78,99,55,5,86,46
h-12-1999-jaguars-1.iff,137,jaguars,1999,0,20,Jaguars,Guard,G,69,placeholder,49,65,11,83,21,94,95,42,37,41,32,38,14,11,41,72,70,9,41,37,17,49,51,99,53,5,20,2
h-12-1999-jaguars-1.iff,137,jaguars,1999,0,21,Jaguars,Guard,G,62,placeholder,52,57,12,69,18,96,77,45,14,37,29,32,14,11,34,65,76,10,27,24,13,49,42,99,44,5,30,46
h-12-1999-jaguars-1.iff,137,jaguars,1999,0,22,Jaguars,Guard,G,61,placeholder,34,59,10,76,19,82,65,52,29,44,32,41,11,14,40,66,69,10,32,23,19,49,51,99,48,5,44,2
h-12-1999-jaguars-1.iff,137,jaguars,1999,0,23,Jaguars,Half Back,HB,36,placeholder,82,84,17,82,12,93,45,73,11,66,12,88,14,14,60,27,32,92,9,7,16,49,70,50,58,5,89,51
h-12-1999-jaguars-1.iff,137,jaguars,1999,0,24,Fred,Taylor,HB,28,real_name_in_supplied_data,87,84,17,89,13,77,59,79,7,57,12,90,15,17,59,41,41,92,10,6,16,49,69,50,56,5,43,76
h-12-1999-jaguars-1.iff,137,jaguars,1999,0,25,Stacey,Mack,HB,34,real_name_in_supplied_data,79,68,15,63,23,94,59,67,46,57,44,71,14,14,59,43,42,98,41,24,23,49,44,50,40,5,59,71
h-12-1999-jaguars-1.iff,137,jaguars,1999,0,26,Jaguars,Half Back,HB,35,placeholder,80,78,15,63,13,91,71,78,34,38,28,52,15,14,49,33,25,68,20,19,16,49,38,1,20,5,46,62
h-12-1999-jaguars-1.iff,137,jaguars,1999,0,27,Brant,Boyer,ILB,52,real_name_in_supplied_data,73,75,10,77,6,83,71,64,66,23,79,31,11,11,23,13,10,8,69,80,5,49,58,99,45,5,85,74
h-12-1999-jaguars-1.iff,137,jaguars,1999,0,28,Jaguars,Linebacker,ILB,58,placeholder,72,69,10,94,14,89,55,65,76,22,83,30,11,10,26,34,27,30,73,77,14,49,69,99,54,5,72,63
h-12-1999-jaguars-1.iff,137,jaguars,1999,0,29,Jaguars,Linebacker,ILB,56,placeholder,80,76,10,71,6,84,57,68,63,21,60,22,11,10,1,22,16,10,47,59,7,49,69,99,27,5,42,74
h-12-1999-jaguars-1.iff,137,jaguars,1999,0,30,Jaguars,Kicker,K,1,placeholder,39,44,10,30,84,84,30,42,17,23,25,15,11,12,6,12,8,26,11,12,70,99,17,50,47,5,28,37
h-12-1999-jaguars-1.iff,137,jaguars,1999,0,31,Jaguars,Kicker,K,2,placeholder,60,43,11,42,63,77,34,44,23,23,32,25,11,13,25,29,25,34,20,12,58,99,35,50,51,5,50,21
h-12-1999-jaguars-1.iff,137,jaguars,1999,0,32,Jaguars,Linebacker,OLB,95,placeholder,77,71,10,92,13,84,73,85,70,28,89,47,11,11,21,31,29,39,87,89,13,49,75,99,59,5,75,80
h-12-1999-jaguars-1.iff,137,jaguars,1999,0,33,Kevin,Hardy,OLB,51,real_name_in_supplied_data,69,80,10,97,15,88,55,76,77,19,91,32,11,10,30,31,25,32,88,93,14,49,86,99,71,5,93,70
h-12-1999-jaguars-1.iff,137,jaguars,1999,0,34,Jaguars,Linebacker,OLB,54,placeholder,82,81,10,78,6,81,61,78,52,18,62,31,11,11,10,18,15,16,60,69,8,49,34,99,27,5,62,72
h-12-1999-jaguars-1.iff,137,jaguars,1999,0,35,Jaguars,Linebacker,OLB,59,placeholder,69,85,13,67,16,87,71,73,69,22,68,30,11,11,24,23,26,10,76,60,15,49,31,99,42,5,22,24
h-12-1999-jaguars-1.iff,137,jaguars,1999,0,36,Jaguars,Punter,P,6,placeholder,45,45,21,45,74,47,33,37,20,20,29,17,23,25,15,17,14,32,16,12,69,1,33,50,57,5,60,24
h-12-1999-jaguars-1.iff,137,jaguars,1999,0,37,Mark,Brunell,QB,8,real_name_in_supplied_data,84,77,86,38,19,84,41,75,39,33,41,46,78,79,35,24,24,30,38,27,22,49,83,50,80,80,70,24
h-12-1999-jaguars-1.iff,137,jaguars,1999,0,38,Jay,Fiedler,QB,9,real_name_in_supplied_data,69,65,77,62,5,52,30,68,24,19,23,12,76,79,11,21,21,60,12,19,9,49,86,50,81,78,73,24
h-12-1999-jaguars-1.iff,137,jaguars,1999,0,39,Jaguars,Safety,SS,29,placeholder,88,81,10,91,14,46,51,75,82,35,83,9,11,10,23,19,20,49,53,85,19,49,49,1,61,5,95,65
h-12-1999-jaguars-1.iff,137,jaguars,1999,0,40,Jaguars,Safety,SS,23,placeholder,84,86,8,99,28,75,51,85,64,20,76,7,10,10,50,38,43,44,61,69,29,49,50,1,34,5,58,58
h-12-1999-jaguars-1.iff,137,jaguars,1999,0,41,Jaguars,Tackle,T,78,placeholder,44,48,11,83,19,95,69,41,15,31,36,19,10,11,26,95,99,13,30,28,18,49,88,99,85,5,95,48
h-12-1999-jaguars-1.iff,137,jaguars,1999,0,42,Jaguars,Tackle,T,72,placeholder,53,66,11,87,18,95,65,55,15,33,30,16,10,10,23,89,85,9,30,27,17,49,77,99,74,5,95,41
h-12-1999-jaguars-1.iff,137,jaguars,1999,0,43,Jaguars,Tackle,T,76,placeholder,50,63,11,61,14,95,61,58,3,19,13,1,10,10,2,84,80,7,8,26,11,49,20,99,60,5,80,43
h-12-1999-jaguars-1.iff,137,jaguars,1999,0,44,Kyle,Brady,TE,80,real_name_in_supplied_data,72,77,11,70,16,81,55,73,6,76,15,63,11,11,80,73,75,74,8,6,17,49,39,99,64,5,34,24
h-12-1999-jaguars-1.iff,137,jaguars,1999,0,45,Jaguars,Tight End,TE,88,placeholder,63,78,10,63,11,86,47,58,14,68,9,55,11,11,76,71,75,76,5,9,14,49,48,99,54,5,35,24
h-12-1999-jaguars-1.iff,137,jaguars,1999,0,46,Jaguars,Tight End,TE,84,placeholder,75,83,10,30,4,80,63,64,14,36,13,32,11,11,45,75,65,58,11,24,7,49,23,99,31,5,22,23
h-12-1999-jaguars-1.iff,137,jaguars,1999,0,47,Jimmy,Smith,WR,82,real_name_in_supplied_data,87,82,15,65,11,83,47,73,5,94,7,57,16,16,90,41,38,80,9,12,15,49,68,50,72,5,99,47
h-12-1999-jaguars-1.iff,137,jaguars,1999,0,48,Keenan,Mccardell,WR,87,real_name_in_supplied_data,86,81,15,60,11,77,37,85,8,83,15,57,16,16,87,40,40,60,12,12,15,49,73,50,70,5,98,47
h-12-1999-jaguars-1.iff,137,jaguars,1999,0,49,Alvis,Whitted,WR,86,real_name_in_supplied_data,88,86,13,31,5,89,34,72,10,51,6,29,14,14,46,21,25,63,15,6,9,49,10,50,22,5,87,47
h-12-1999-jaguars-1.iff,137,jaguars,1999,0,50,Jaguars,Receiver,WR,81,placeholder,98,88,17,59,14,74,45,92,6,84,7,71,15,16,81,21,23,67,12,14,15,49,38,50,33,5,52,81
h-12-1999-jaguars-1.iff,137,jaguars,1999,0,51,Jaguars,Receiver,WR,4,placeholder,89,92,15,69,14,73,33,79,11,79,9,36,16,16,79,41,41,76,8,9,19,49,46,50,41,5,74,24
h-12-1999-jaguars-1.iff,137,jaguars,1999,0,52,Jaguars,Receiver,WR,85,placeholder,91,76,17,53,12,61,15,86,12,55,9,38,15,16,60,39,35,67,10,5,13,49,35,50,27,5,63,49
h-13-1962-texans-5.iff,138,texans,1962,0,0,Texans,Center,C,62,placeholder,45,63,12,98,26,96,63,55,31,17,30,23,11,10,23,93,95,10,35,40,22,49,84,99,77,5,93,68
h-13-1962-texans-5.iff,138,texans,1962,0,1,Texans,Center,C,66,placeholder,53,66,12,82,21,98,57,50,30,50,37,39,11,11,42,67,70,13,41,22,22,49,54,99,45,5,75,41
h-13-1962-texans-5.iff,138,texans,1962,0,2,Texans,Cornerback,CB,20,placeholder,83,88,9,55,16,87,45,64,89,10,76,7,11,10,39,14,18,37,38,65,16,49,79,1,63,5,90,56
h-13-1962-texans-5.iff,138,texans,1962,0,3,Texans,Cornerback,CB,44,placeholder,81,86,9,96,18,85,47,72,89,11,80,8,12,10,40,14,20,37,59,72,21,49,76,1,54,5,90,80
h-13-1962-texans-5.iff,138,texans,1962,0,4,Texans,Cornerback,CB,33,placeholder,83,81,12,55,16,97,49,92,77,6,60,4,13,11,41,18,20,30,40,51,19,49,28,1,44,5,55,43
h-13-1962-texans-5.iff,138,texans,1962,0,5,Texans,Cornerback,CB,42,placeholder,87,92,12,72,16,86,37,75,73,10,74,38,12,11,27,33,29,50,42,67,19,49,32,1,41,5,60,51
h-13-1962-texans-5.iff,138,texans,1962,0,6,Texans,Cornerback,CB,25,placeholder,86,90,9,49,15,86,43,81,63,9,66,6,11,10,18,9,13,35,52,52,17,49,25,1,43,5,51,24
h-13-1962-texans-5.iff,138,texans,1962,0,7,Texans,Def End,DE,94,placeholder,91,88,11,60,15,79,51,82,41,25,90,33,13,11,22,21,26,12,94,83,17,49,69,99,50,5,79,85
h-13-1962-texans-5.iff,138,texans,1962,0,8,Texans,Def End,DE,99,placeholder,83,71,11,67,19,70,71,79,47,15,82,29,11,11,18,21,19,24,96,79,19,49,48,99,53,5,63,57
h-13-1962-texans-5.iff,138,texans,1962,0,9,Texans,Def End,DE,97,placeholder,61,71,10,72,22,88,57,73,68,24,87,37,11,11,32,23,30,24,76,77,21,49,36,99,36,5,55,85
h-13-1962-texans-5.iff,138,texans,1962,0,10,Texans,Def End,DE,90,placeholder,87,68,10,67,19,98,85,70,3,23,70,35,11,11,27,26,34,18,70,52,19,49,34,99,48,5,50,24
h-13-1962-texans-5.iff,138,texans,1962,0,11,Texans,Def Tackle,DT,75,placeholder,53,64,11,68,26,53,67,63,24,23,91,34,11,10,30,37,30,10,65,83,26,49,35,99,56,5,83,65
h-13-1962-texans-5.iff,138,texans,1962,0,12,Texans,Def Tackle,DT,76,placeholder,49,55,10,76,22,73,65,58,24,25,82,33,11,11,31,24,33,14,77,78,19,49,41,99,48,5,70,24
h-13-1962-texans-5.iff,138,texans,1962,0,13,Texans,Def Tackle,DT,96,placeholder,58,75,10,60,15,80,77,58,20,19,75,34,11,11,23,23,27,20,80,76,19,49,29,99,32,5,35,76
h-13-1962-texans-5.iff,138,texans,1962,0,14,Texans,Def Tackle,DT,95,placeholder,67,65,11,57,20,86,55,58,52,26,75,30,13,11,18,20,25,12,60,71,17,49,31,99,32,5,65,50
h-13-1962-texans-5.iff,138,texans,1962,0,15,Texans,Full Back,FB,29,placeholder,84,76,16,97,24,92,47,67,15,70,10,41,14,14,88,83,80,95,7,9,26,49,65,99,72,5,28,24
h-13-1962-texans-5.iff,138,texans,1962,0,16,Texans,Full Back,FB,36,placeholder,70,66,18,70,15,95,53,65,38,40,21,50,14,14,59,70,68,87,29,36,14,49,22,99,50,5,64,38
h-13-1962-texans-5.iff,138,texans,1962,0,17,Texans,Safety,FS,27,placeholder,73,85,9,78,21,79,31,62,79,12,73,8,11,10,15,31,31,39,32,58,22,49,45,1,47,5,82,64
h-13-1962-texans-5.iff,138,texans,1962,0,18,Texans,Safety,FS,31,placeholder,89,95,11,66,20,86,45,85,65,8,54,6,11,11,34,34,35,34,44,50,21,49,36,1,37,5,23,42
h-13-1962-texans-5.iff,138,texans,1962,0,19,Texans,Safety,FS,22,placeholder,87,77,11,66,20,71,47,76,55,8,43,6,11,11,36,34,35,34,44,47,21,49,36,1,22,5,11,49
h-13-1962-texans-5.iff,138,texans,1962,0,20,Texans,Guard,G,70,placeholder,54,59,14,85,19,96,65,61,27,36,32,41,11,11,40,84,86,21,31,39,17,49,78,99,62,5,85,24
h-13-1962-texans-5.iff,138,texans,1962,0,21,Texans,Guard,G,64,placeholder,51,64,12,75,22,93,67,44,14,32,29,12,10,11,26,84,80,8,27,26,21,49,81,99,83,5,80,49
h-13-1962-texans-5.iff,138,texans,1962,0,22,Texans,Guard,G,63,placeholder,47,56,12,75,19,80,75,55,7,28,26,5,10,10,13,57,53,2,19,26,14,49,27,99,31,5,28,48
h-13-1962-texans-5.iff,138,texans,1962,0,23,Texans,Half Back,HB,28,placeholder,84,80,23,99,16,91,51,93,12,58,12,73,22,23,56,33,33,99,13,12,19,49,72,50,62,5,70,70
h-13-1962-texans-5.iff,138,texans,1962,0,24,Texans,Half Back,HB,35,placeholder,89,68,28,72,11,92,67,84,30,47,22,77,27,28,53,44,27,60,16,20,13,49,39,99,38,5,54,70
h-13-1962-texans-5.iff,138,texans,1962,0,25,Texans,Half Back,HB,37,placeholder,83,75,16,72,16,71,49,61,10,59,14,70,13,13,60,46,46,70,6,12,14,49,34,99,29,5,62,79
h-13-1962-texans-5.iff,138,texans,1962,0,26,Texans,Half Back,HB,26,placeholder,86,63,14,72,17,90,55,76,33,43,36,57,14,14,36,28,31,62,30,27,16,49,43,1,22,5,51,41
h-13-1962-texans-5.iff,138,texans,1962,0,27,Texans,Linebacker,ILB,68,placeholder,75,76,10,64,6,89,57,82,72,15,92,22,11,11,18,27,20,24,63,89,5,49,89,99,63,5,95,76
h-13-1962-texans-5.iff,138,texans,1962,0,28,Texans,Linebacker,ILB,51,placeholder,72,75,10,72,10,88,65,70,76,18,62,25,11,10,16,29,22,18,50,63,9,49,32,99,28,5,24,72
h-13-1962-texans-5.iff,138,texans,1962,0,29,Texans,Linebacker,ILB,59,placeholder,76,66,10,90,16,77,67,69,53,43,64,42,11,10,34,38,37,24,39,60,16,49,36,99,23,5,39,51
h-13-1962-texans-5.iff,138,texans,1962,0,30,Texans,Kicker,K,1,placeholder,37,43,11,39,83,88,30,40,16,17,40,16,11,12,19,27,20,36,12,12,72,99,15,50,53,5,41,20
h-13-1962-texans-5.iff,138,texans,1962,0,31,Texans,Linebacker,OLB,55,placeholder,80,77,10,99,15,79,61,59,76,23,88,31,11,10,30,34,28,28,77,83,16,49,92,99,52,5,81,83
h-13-1962-texans-5.iff,138,texans,1962,0,32,Texans,Linebacker,OLB,52,placeholder,74,72,10,85,14,84,71,67,76,18,86,31,11,11,23,34,26,34,72,78,13,49,87,99,69,5,77,77
h-13-1962-texans-5.iff,138,texans,1962,0,33,Texans,Linebacker,OLB,50,placeholder,65,76,10,77,6,82,47,76,56,21,76,33,10,11,14,24,16,25,62,61,5,49,33,99,26,5,44,48
h-13-1962-texans-5.iff,138,texans,1962,0,34,Texans,Punter,P,9,placeholder,40,47,22,43,76,81,38,39,13,13,20,14,23,23,10,18,16,34,9,12,62,1,1,50,67,5,48,24
h-13-1962-texans-5.iff,138,texans,1962,0,35,Texans,Quarterback,QB,13,placeholder,67,72,96,50,11,74,45,64,31,24,29,22,86,86,18,32,26,14,22,22,14,49,99,50,96,56,93,73
h-13-1962-texans-5.iff,138,texans,1962,0,36,Texans,Quarterback,QB,19,placeholder,69,65,77,62,5,52,30,68,24,19,23,12,76,79,11,21,21,60,12,19,9,49,86,50,81,78,73,24
h-13-1962-texans-5.iff,138,texans,1962,0,37,Texans,Quarterback,QB,7,placeholder,81,91,92,28,23,45,18,73,14,29,29,51,65,60,28,13,10,28,11,5,21,49,75,50,55,67,33,24
h-13-1962-texans-5.iff,138,texans,1962,0,38,Texans,Safety,SS,43,placeholder,76,76,9,58,14,88,47,59,78,35,77,9,11,10,42,29,23,49,42,71,16,49,28,1,42,5,86,89
h-13-1962-texans-5.iff,138,texans,1962,0,39,Texans,Safety,SS,24,placeholder,85,95,11,75,19,81,51,67,65,8,65,6,11,11,35,34,39,34,49,65,21,49,36,1,34,5,36,42
h-13-1962-texans-5.iff,138,texans,1962,0,40,Texans,Tackle,T,69,placeholder,28,58,11,94,21,94,69,44,16,32,36,23,10,10,32,96,92,12,34,28,19,49,75,99,69,5,85,24
h-13-1962-texans-5.iff,138,texans,1962,0,41,Texans,Tackle,T,72,placeholder,43,52,11,72,7,90,62,67,23,27,28,34,11,16,32,80,83,21,15,22,11,49,46,99,58,5,75,24
h-13-1962-texans-5.iff,138,texans,1962,0,42,Texans,Tackle,T,61,placeholder,49,54,11,74,10,90,68,48,24,28,29,42,11,16,39,81,57,17,18,23,15,49,48,99,45,5,65,24
h-13-1962-texans-5.iff,138,texans,1962,0,43,Texans,Tackle,T,73,placeholder,62,54,12,80,20,89,67,54,16,29,29,23,11,11,26,68,62,17,30,30,19,49,93,99,77,5,82,38
h-13-1962-texans-5.iff,138,texans,1962,0,44,Texans,Tight End,TE,84,placeholder,68,82,10,65,14,57,63,70,8,58,14,42,11,11,70,80,85,76,7,15,16,49,35,99,64,5,29,24
h-13-1962-texans-5.iff,138,texans,1962,0,45,Texans,Tight End,TE,83,placeholder,74,80,11,44,18,83,55,73,15,35,39,24,10,11,35,77,72,50,31,26,17,49,46,99,29,5,32,21
h-13-1962-texans-5.iff,138,texans,1962,0,46,Texans,Tight End,TE,85,placeholder,58,62,10,30,4,78,69,56,21,53,16,43,11,13,54,51,52,66,9,20,6,49,24,99,20,5,31,52
h-13-1962-texans-5.iff,138,texans,1962,0,47,Texans,Receiver,WR,81,placeholder,90,72,15,37,5,80,45,70,6,90,12,63,14,14,89,43,41,83,6,8,9,49,15,50,61,5,97,42
h-13-1962-texans-5.iff,138,texans,1962,0,48,Texans,Receiver,WR,88,placeholder,81,90,15,76,12,75,40,65,13,78,14,73,16,16,83,36,38,49,13,11,17,49,75,50,66,5,99,24
h-13-1962-texans-5.iff,138,texans,1962,0,49,Texans,Receiver,WR,86,placeholder,96,83,15,72,16,47,32,82,6,86,14,41,16,17,87,46,47,80,10,7,15,49,55,50,38,5,89,80
h-13-1962-texans-5.iff,138,texans,1962,0,50,Texans,Receiver,WR,82,placeholder,98,88,17,59,14,74,45,92,6,84,7,71,15,16,81,21,23,67,12,14,15,49,38,50,33,5,52,81
h-13-1962-texans-5.iff,138,texans,1962,0,51,Texans,Receiver,WR,3,placeholder,89,92,15,69,14,73,33,79,11,79,9,36,16,16,79,41,41,76,8,9,19,49,46,50,41,5,74,24
h-13-1962-texans-5.iff,138,texans,1962,0,52,Texans,Receiver,WR,87,placeholder,85,74,13,55,14,62,34,81,33,56,32,35,13,12,56,33,29,58,20,16,15,49,34,50,31,5,80,14
h-13-1969-chiefs-4.iff,139,chiefs,1969,1,0,Chiefs,Center,C,55,placeholder,45,63,12,98,26,96,63,55,31,17,30,23,11,10,23,92,98,10,35,40,22,49,84,99,77,5,93,68
h-13-1969-chiefs-4.iff,139,chiefs,1969,1,1,Chiefs,Center,C,67,placeholder,53,66,12,82,21,98,57,50,30,50,37,39,11,11,42,67,70,13,41,22,22,49,54,99,45,5,75,41
h-13-1969-chiefs-4.iff,139,chiefs,1969,1,2,Chiefs,Center,C,64,placeholder,57,72,11,76,17,76,55,64,6,8,16,7,10,10,9,61,60,8,11,33,13,49,27,99,31,5,40,22
h-13-1969-chiefs-4.iff,139,chiefs,1969,1,3,Chiefs,Cornerback,CB,11,placeholder,83,90,9,89,16,77,35,78,95,12,78,8,12,10,47,14,18,39,28,77,20,49,88,1,59,5,90,80
h-13-1969-chiefs-4.iff,139,chiefs,1969,1,4,Chiefs,Cornerback,CB,49,placeholder,83,88,9,55,16,87,45,64,89,10,76,7,11,10,39,14,18,37,38,65,16,49,79,1,63,5,90,56
h-13-1969-chiefs-4.iff,139,chiefs,1969,1,5,Chiefs,Cornerback,CB,29,placeholder,83,81,12,55,16,97,49,92,77,6,60,4,13,11,41,18,20,30,40,51,19,49,28,1,44,5,55,43
h-13-1969-chiefs-4.iff,139,chiefs,1969,1,6,Chiefs,Cornerback,CB,22,placeholder,87,75,12,60,18,64,45,84,89,6,60,4,13,11,27,23,26,30,37,61,19,49,31,1,40,5,60,79
h-13-1969-chiefs-4.iff,139,chiefs,1969,1,7,Chiefs,Cornerback,CB,25,placeholder,86,90,9,49,15,86,43,81,63,9,66,6,11,10,18,9,13,35,52,52,17,49,25,1,43,5,51,24
h-13-1969-chiefs-4.iff,139,chiefs,1969,1,8,Chiefs,Cornerback,CB,23,placeholder,82,81,9,88,21,69,41,61,56,13,49,9,11,10,19,29,27,41,29,41,23,49,42,1,20,5,24,57
h-13-1969-chiefs-4.iff,139,chiefs,1969,1,9,Chiefs,Def End,DE,82,placeholder,91,88,11,60,15,79,51,82,41,25,90,33,13,11,22,21,26,12,94,83,17,49,69,99,50,5,79,85
h-13-1969-chiefs-4.iff,139,chiefs,1969,1,10,Chiefs,Def End,DE,75,placeholder,80,74,10,60,19,79,69,59,49,17,77,26,11,10,23,23,24,20,79,76,20,49,64,99,50,5,71,72
h-13-1969-chiefs-4.iff,139,chiefs,1969,1,11,Chiefs,Def Tackle,DT,86,placeholder,60,59,11,69,21,87,67,47,18,18,89,28,11,11,22,27,22,12,76,88,20,49,69,99,64,5,76,73
h-13-1969-chiefs-4.iff,139,chiefs,1969,1,12,Chiefs,Def Tackle,DT,68,placeholder,53,64,11,68,26,53,67,63,24,23,91,34,11,10,30,37,30,10,65,83,26,49,35,99,56,5,83,65
h-13-1969-chiefs-4.iff,139,chiefs,1969,1,13,Chiefs,Def Tackle,DT,74,placeholder,65,79,11,72,22,84,75,59,20,18,71,31,11,10,19,25,20,10,70,82,21,49,72,99,49,5,20,63
h-13-1969-chiefs-4.iff,139,chiefs,1969,1,14,Chiefs,Def Tackle,DT,87,placeholder,67,65,11,57,20,86,55,58,52,26,75,30,13,11,18,20,25,12,60,71,17,49,31,99,32,5,65,50
h-13-1969-chiefs-4.iff,139,chiefs,1969,1,15,Chiefs,Full Back,FB,44,placeholder,84,76,16,97,24,92,47,67,15,70,10,41,14,14,88,83,80,95,7,9,26,49,65,99,72,5,28,24
h-13-1969-chiefs-4.iff,139,chiefs,1969,1,16,Chiefs,Full Back,FB,37,placeholder,70,66,18,70,15,95,53,65,38,40,21,50,14,14,59,70,68,87,29,36,14,49,22,99,50,5,64,38
h-13-1969-chiefs-4.iff,139,chiefs,1969,1,17,Chiefs,Safety,FS,42,placeholder,81,88,12,93,22,84,39,76,78,8,82,6,12,11,14,30,31,34,48,68,25,49,54,1,53,5,65,46
h-13-1969-chiefs-4.iff,139,chiefs,1969,1,18,Chiefs,Safety,FS,27,placeholder,88,86,9,34,16,86,49,68,79,12,64,8,10,10,17,29,26,6,25,59,14,49,22,1,31,5,24,76
h-13-1969-chiefs-4.iff,139,chiefs,1969,1,19,Chiefs,Guard,G,78,placeholder,54,59,14,85,19,96,65,61,27,36,32,41,11,11,40,84,86,21,31,39,17,49,78,99,62,5,85,24
h-13-1969-chiefs-4.iff,139,chiefs,1969,1,20,Chiefs,Guard,G,73,placeholder,51,64,12,75,22,93,67,44,14,32,29,12,10,11,26,84,80,8,27,26,21,49,81,99,83,5,80,49
h-13-1969-chiefs-4.iff,139,chiefs,1969,1,21,Chiefs,Guard,G,60,placeholder,54,65,12,69,10,83,73,64,18,33,33,42,11,11,34,45,46,17,26,31,14,49,43,99,20,5,35,87
h-13-1969-chiefs-4.iff,139,chiefs,1969,1,22,Chiefs,Half Back,HB,21,placeholder,87,84,17,89,13,77,59,79,7,57,12,90,15,17,59,41,41,92,10,6,16,49,69,50,56,5,43,76
h-13-1969-chiefs-4.iff,139,chiefs,1969,1,23,Chiefs,Half Back,HB,4,placeholder,89,68,28,72,11,92,67,84,30,47,22,77,27,28,53,44,27,60,16,20,13,49,39,99,38,5,54,70
h-13-1969-chiefs-4.iff,139,chiefs,1969,1,24,Chiefs,Half Back,HB,31,placeholder,89,72,23,82,13,94,57,92,12,50,6,77,19,20,61,38,30,72,8,6,12,49,43,99,36,24,41,60
h-13-1969-chiefs-4.iff,139,chiefs,1969,1,25,Chiefs,Half Back,HB,26,placeholder,88,79,17,65,16,72,47,76,13,48,8,75,14,14,49,49,35,90,6,13,19,49,38,99,40,24,41,41
h-13-1969-chiefs-4.iff,139,chiefs,1969,1,26,Chiefs,Half Back,HB,15,placeholder,88,80,15,60,16,89,49,75,10,21,14,78,13,13,39,20,16,60,6,12,14,49,34,50,38,24,41,9
h-13-1969-chiefs-4.iff,139,chiefs,1969,1,27,Chiefs,Linebacker,ILB,66,placeholder,74,86,10,98,11,34,69,68,85,19,99,29,11,10,27,27,22,26,91,99,11,49,92,99,66,5,90,90
h-13-1969-chiefs-4.iff,139,chiefs,1969,1,28,Chiefs,Kicker,K,8,placeholder,59,46,11,41,95,83,36,45,19,23,27,17,11,13,17,24,19,33,16,12,88,99,34,50,78,5,79,39
h-13-1969-chiefs-4.iff,139,chiefs,1969,1,29,Chiefs,Linebacker,OLB,71,placeholder,80,77,10,99,15,79,61,59,76,23,88,31,11,10,30,34,28,28,77,83,16,49,92,99,52,5,81,83
h-13-1969-chiefs-4.iff,139,chiefs,1969,1,30,Chiefs,Linebacker,OLB,58,placeholder,74,72,10,85,14,84,71,67,76,18,86,31,11,11,23,34,26,34,72,78,13,49,87,99,69,5,77,77
h-13-1969-chiefs-4.iff,139,chiefs,1969,1,31,Chiefs,Linebacker,OLB,84,placeholder,81,77,10,85,13,84,61,67,71,23,78,26,11,10,18,32,23,20,74,71,13,49,34,99,52,5,37,72
h-13-1969-chiefs-4.iff,139,chiefs,1969,1,32,Chiefs,Linebacker,OLB,63,placeholder,78,87,10,85,11,87,61,68,71,23,81,34,11,11,16,20,20,12,53,79,8,49,38,99,37,5,63,56
h-13-1969-chiefs-4.iff,139,chiefs,1969,1,33,Chiefs,Linebacker,OLB,56,placeholder,85,72,10,63,20,55,69,75,53,18,60,28,11,10,24,23,25,24,74,69,21,49,50,99,51,5,58,63
h-13-1969-chiefs-4.iff,139,chiefs,1969,1,34,Chiefs,Linebacker,OLB,50,placeholder,71,72,10,74,2,74,63,58,60,18,58,33,11,11,6,21,16,10,55,57,2,49,33,99,26,5,31,24
h-13-1969-chiefs-4.iff,139,chiefs,1969,1,35,Chiefs,Punter,P,45,placeholder,40,48,21,46,69,86,33,40,20,26,39,18,25,21,10,20,16,14,23,9,68,1,14,50,54,5,70,23
h-13-1969-chiefs-4.iff,139,chiefs,1969,1,36,Chiefs,Punter,P,16,placeholder,40,48,21,46,69,86,33,40,20,26,39,18,25,21,10,20,16,14,23,9,68,1,14,50,54,5,70,23
h-13-1969-chiefs-4.iff,139,chiefs,1969,1,37,Chiefs,Quarterback,QB,13,placeholder,67,72,96,50,11,74,45,64,31,24,29,22,86,86,18,32,26,14,22,22,14,49,99,50,96,56,93,73
h-13-1969-chiefs-4.iff,139,chiefs,1969,1,38,Chiefs,Quarterback,QB,19,placeholder,69,65,77,62,5,52,30,68,24,19,23,12,76,79,11,21,21,60,12,19,9,49,86,50,81,78,73,24
h-13-1969-chiefs-4.iff,139,chiefs,1969,1,39,Chiefs,Quarterback,QB,14,placeholder,53,57,80,29,16,50,38,48,33,27,32,46,76,68,25,20,20,28,35,31,16,49,50,50,53,23,40,24
h-13-1969-chiefs-4.iff,139,chiefs,1969,1,40,Chiefs,Quarterback,QB,12,placeholder,81,91,92,28,23,45,18,73,14,29,29,51,65,60,28,13,10,28,11,5,21,49,75,50,55,67,33,24
h-13-1969-chiefs-4.iff,139,chiefs,1969,1,41,Chiefs,Safety,SS,43,placeholder,88,67,10,93,12,88,51,67,93,35,97,9,11,10,43,18,18,49,66,96,16,49,94,1,60,5,93,82
h-13-1969-chiefs-4.iff,139,chiefs,1969,1,42,Chiefs,Safety,SS,41,placeholder,89,95,11,88,19,81,51,82,61,8,51,6,11,11,3,29,29,34,63,47,19,49,52,1,31,5,35,24
h-13-1969-chiefs-4.iff,139,chiefs,1969,1,43,Chiefs,Tackle,T,76,placeholder,28,58,11,94,21,94,69,44,16,32,36,23,10,10,32,96,91,12,34,28,19,49,75,99,69,5,85,24
h-13-1969-chiefs-4.iff,139,chiefs,1969,1,44,Chiefs,Tackle,T,72,placeholder,43,52,11,72,7,90,62,67,23,27,28,34,11,16,32,80,83,21,15,22,11,49,46,99,58,5,75,24
h-13-1969-chiefs-4.iff,139,chiefs,1969,1,45,Chiefs,Tackle,T,62,placeholder,43,64,11,73,8,99,67,62,21,26,27,39,11,16,36,67,68,17,15,22,14,49,45,99,46,5,65,24
h-13-1969-chiefs-4.iff,139,chiefs,1969,1,46,Chiefs,Tight End,TE,85,placeholder,68,82,10,65,14,57,63,70,8,58,14,42,11,11,70,80,85,76,7,15,16,49,35,99,64,5,29,24
h-13-1969-chiefs-4.iff,139,chiefs,1969,1,47,Chiefs,Tight End,TE,88,placeholder,74,80,11,44,18,83,55,73,15,35,39,24,10,11,35,77,72,50,31,26,17,49,46,99,29,5,32,21
h-13-1969-chiefs-4.iff,139,chiefs,1969,1,48,Chiefs,Tight End,TE,83,placeholder,76,78,10,30,4,81,67,67,14,36,13,31,11,11,27,64,67,58,11,24,7,49,23,99,24,5,24,23
h-13-1969-chiefs-4.iff,139,chiefs,1969,1,49,Chiefs,Receiver,WR,89,placeholder,90,72,15,37,5,80,45,70,6,90,12,63,14,14,89,43,41,83,6,8,9,49,15,50,61,5,97,42
h-13-1969-chiefs-4.iff,139,chiefs,1969,1,50,Chiefs,Receiver,WR,24,placeholder,81,90,15,76,12,75,40,65,13,78,14,73,16,16,83,36,38,49,13,11,17,49,75,50,66,5,99,24
h-13-1969-chiefs-4.iff,139,chiefs,1969,1,51,Chiefs,Receiver,WR,30,placeholder,96,83,15,72,16,47,32,82,6,86,14,41,16,17,87,46,47,80,10,7,15,49,55,50,38,5,89,80
h-13-1969-chiefs-4.iff,139,chiefs,1969,1,52,Chiefs,Receiver,WR,9,placeholder,85,74,13,55,14,62,34,81,33,56,32,35,13,12,56,33,29,58,20,16,15,49,34,50,31,5,80,14
h-13-1993-chiefs-2.iff,140,chiefs,1993,1,0,Chiefs,Center,C,67,placeholder,43,51,12,95,25,97,53,39,28,16,24,23,11,11,18,87,86,9,30,40,22,49,75,99,74,5,95,43
h-13-1993-chiefs-2.iff,140,chiefs,1993,1,1,Dale,Carter,CB,25,real_name_in_supplied_data,83,90,9,89,16,77,35,78,95,12,78,8,12,10,47,14,18,39,28,77,20,49,88,1,59,5,90,80
h-13-1993-chiefs-2.iff,140,chiefs,1993,1,2,Chiefs,Cornerback,CB,29,placeholder,81,86,9,96,18,85,47,72,89,11,80,8,12,10,40,14,20,37,59,72,21,49,76,1,54,5,90,80
h-13-1993-chiefs-2.iff,140,chiefs,1993,1,3,Chiefs,Cornerback,CB,44,placeholder,92,76,11,71,19,72,41,85,78,19,72,39,11,11,26,34,39,51,33,52,21,49,36,1,39,5,45,42
h-13-1993-chiefs-2.iff,140,chiefs,1993,1,4,Chiefs,Cornerback,CB,21,placeholder,83,85,9,53,17,79,47,78,70,14,63,10,11,10,24,30,28,43,25,51,19,49,78,1,55,5,81,77
h-13-1993-chiefs-2.iff,140,chiefs,1993,1,5,Chiefs,Cornerback,CB,26,placeholder,87,92,12,72,16,86,37,75,73,10,74,38,12,11,27,33,29,50,42,67,19,49,32,1,41,5,60,51
h-13-1993-chiefs-2.iff,140,chiefs,1993,1,6,Chiefs,Cornerback,CB,27,placeholder,87,90,13,64,16,68,51,79,63,8,56,6,13,11,26,26,29,60,41,53,17,49,31,1,30,5,50,56
h-13-1993-chiefs-2.iff,140,chiefs,1993,1,7,Chiefs,Cornerback,CB,34,placeholder,86,74,9,45,19,79,31,73,65,12,57,8,11,10,12,25,29,39,32,45,19,49,27,1,22,5,55,54
h-13-1993-chiefs-2.iff,140,chiefs,1993,1,8,Chiefs,Def End,DE,99,placeholder,75,82,10,75,19,86,71,79,46,14,88,28,11,10,22,18,23,26,96,78,19,49,59,99,66,5,88,80
h-13-1993-chiefs-2.iff,140,chiefs,1993,1,9,Chiefs,Def End,DE,51,placeholder,78,88,10,79,19,76,58,64,51,14,95,28,11,10,24,19,26,28,98,88,20,49,97,99,65,5,83,80
h-13-1993-chiefs-2.iff,140,chiefs,1993,1,10,Chiefs,Def Tackle,DT,96,placeholder,72,60,11,63,22,75,71,61,20,18,98,31,11,10,20,23,22,10,97,90,21,49,92,99,65,5,98,99
h-13-1993-chiefs-2.iff,140,chiefs,1993,1,11,Chiefs,Def Tackle,DT,92,placeholder,63,77,10,70,22,57,69,53,31,24,89,38,11,11,24,33,36,26,76,94,20,49,56,99,63,5,73,51
h-13-1993-chiefs-2.iff,140,chiefs,1993,1,12,Chiefs,Def Tackle,DT,97,placeholder,57,59,10,46,17,61,61,56,49,13,73,24,11,10,18,26,20,41,86,72,17,49,29,99,39,5,88,99
h-13-1993-chiefs-2.iff,140,chiefs,1993,1,13,Chiefs,Def Tackle,DT,72,placeholder,56,68,13,67,16,72,67,82,10,22,76,30,11,11,24,23,26,10,77,74,15,49,31,99,38,5,50,42
h-13-1993-chiefs-2.iff,140,chiefs,1993,1,14,Chiefs,Def Tackle,DT,93,placeholder,70,75,10,60,15,81,59,64,20,19,75,34,11,11,23,23,27,20,74,68,19,49,29,99,46,5,55,24
h-13-1993-chiefs-2.iff,140,chiefs,1993,1,15,Chiefs,Full Back,FB,31,placeholder,79,80,16,99,26,93,47,78,9,52,18,88,14,14,62,79,47,72,13,17,27,49,49,99,54,5,83,53
h-13-1993-chiefs-2.iff,140,chiefs,1993,1,16,Chiefs,Safety,FS,35,placeholder,81,88,12,93,22,84,39,76,78,8,82,6,12,11,14,30,31,34,48,68,25,49,54,1,53,5,65,46
h-13-1993-chiefs-2.iff,140,chiefs,1993,1,17,Will,Shields,G,68,real_name_in_supplied_data,50,66,12,92,23,94,61,55,13,43,28,16,10,11,50,98,93,8,28,27,21,49,80,99,87,5,94,42
h-13-1993-chiefs-2.iff,140,chiefs,1993,1,18,Chiefs,Guard,G,70,placeholder,51,64,12,75,22,93,67,44,14,32,29,12,10,11,26,84,80,8,27,26,21,49,81,99,83,5,80,49
h-13-1993-chiefs-2.iff,140,chiefs,1993,1,19,Chiefs,Guard,G,79,placeholder,41,42,11,90,17,98,69,39,13,28,26,18,10,10,17,57,61,11,24,28,16,49,47,99,49,5,81,39
h-13-1993-chiefs-2.iff,140,chiefs,1993,1,20,Chiefs,Guard,G,69,placeholder,49,65,11,83,21,94,95,42,37,41,32,38,14,11,41,72,70,9,41,37,17,49,51,99,53,5,20,2
h-13-1993-chiefs-2.iff,140,chiefs,1993,1,21,Chiefs,Half Back,HB,37,placeholder,81,79,25,89,13,81,55,67,8,74,6,85,16,15,79,31,32,96,12,10,17,49,41,50,67,5,86,71
h-13-1993-chiefs-2.iff,140,chiefs,1993,1,22,Chiefs,Half Back,HB,41,placeholder,82,63,12,44,16,95,63,67,38,45,41,63,14,14,52,26,25,81,30,33,17,49,20,99,23,5,66,91
h-13-1993-chiefs-2.iff,140,chiefs,1993,1,23,Chiefs,Half Back,HB,20,placeholder,79,70,17,69,14,87,53,68,10,48,6,78,15,16,39,40,43,64,6,14,15,49,43,50,24,5,64,83
h-13-1993-chiefs-2.iff,140,chiefs,1993,1,24,Chiefs,Half Back,HB,24,placeholder,88,79,17,65,16,72,47,76,13,48,8,75,14,14,49,49,35,90,6,13,19,49,38,99,40,24,41,41
h-13-1993-chiefs-2.iff,140,chiefs,1993,1,25,Chiefs,Half Back,HB,22,placeholder,68,78,15,63,23,91,65,65,46,47,44,72,14,14,63,26,24,68,41,24,23,49,44,50,23,5,49,71
h-13-1993-chiefs-2.iff,140,chiefs,1993,1,26,Chiefs,Linebacker,ILB,56,placeholder,80,77,10,79,11,86,51,70,76,23,88,26,11,10,16,30,24,18,75,89,13,49,34,99,57,5,90,71
h-13-1993-chiefs-2.iff,140,chiefs,1993,1,27,Chiefs,Linebacker,ILB,53,placeholder,72,82,10,87,13,88,63,58,70,19,83,29,11,10,28,31,25,32,63,84,13,49,77,99,36,5,79,74
h-13-1993-chiefs-2.iff,140,chiefs,1993,1,28,Chiefs,Linebacker,ILB,57,placeholder,84,81,10,80,4,82,55,73,70,22,76,26,11,10,11,28,25,22,60,76,2,49,41,99,25,5,12,79
h-13-1993-chiefs-2.iff,140,chiefs,1993,1,29,Chiefs,Kicker,K,3,placeholder,40,43,22,48,90,86,41,42,26,29,30,28,27,22,34,31,23,32,31,35,86,99,26,50,73,5,55,80
h-13-1993-chiefs-2.iff,140,chiefs,1993,1,30,Chiefs,Linebacker,OLB,55,placeholder,82,86,10,99,11,84,63,64,85,20,99,28,11,10,26,27,21,26,68,98,11,49,90,99,70,5,90,82
h-13-1993-chiefs-2.iff,140,chiefs,1993,1,31,Chiefs,Linebacker,OLB,98,placeholder,72,78,10,81,16,89,73,76,63,28,71,28,11,10,10,39,32,18,88,65,16,49,46,99,41,5,82,89
h-13-1993-chiefs-2.iff,140,chiefs,1993,1,32,Chiefs,Linebacker,OLB,50,placeholder,74,68,10,83,6,85,63,75,73,13,76,26,11,10,11,21,16,30,55,77,6,49,49,99,42,5,59,74
h-13-1993-chiefs-2.iff,140,chiefs,1993,1,33,Chiefs,Punter,P,6,placeholder,45,45,21,45,74,47,33,37,20,20,29,17,23,25,15,17,14,32,16,12,69,1,33,50,57,5,60,24
h-13-1993-chiefs-2.iff,140,chiefs,1993,1,34,Chiefs,Quarterback,QB,10,placeholder,70,70,82,41,7,30,39,52,29,23,28,10,89,85,16,28,25,25,18,19,12,49,90,50,80,40,70,72
h-13-1993-chiefs-2.iff,140,chiefs,1993,1,35,Chiefs,Quarterback,QB,17,placeholder,63,74,83,26,8,78,31,59,26,22,29,36,86,85,14,17,16,28,8,32,13,49,78,50,79,45,75,24
h-13-1993-chiefs-2.iff,140,chiefs,1993,1,36,Chiefs,Quarterback,QB,18,placeholder,78,71,72,25,7,89,35,61,14,18,19,35,68,72,4,3,7,28,20,27,9,49,70,50,70,75,33,24
h-13-1993-chiefs-2.iff,140,chiefs,1993,1,37,Chiefs,Safety,SS,38,placeholder,75,77,10,84,50,73,59,73,90,40,99,10,11,11,42,24,23,48,67,97,17,99,85,1,75,5,93,68
h-13-1993-chiefs-2.iff,140,chiefs,1993,1,38,Chiefs,Safety,SS,30,placeholder,76,73,9,60,16,86,56,68,66,25,83,8,11,10,16,28,28,46,53,80,18,49,31,1,37,5,83,57
h-13-1993-chiefs-2.iff,140,chiefs,1993,1,39,Chiefs,Tackle,T,62,placeholder,50,59,11,97,16,96,71,62,26,43,42,50,11,16,53,79,80,20,27,23,18,49,62,99,54,5,75,41
h-13-1993-chiefs-2.iff,140,chiefs,1993,1,40,Chiefs,Tackle,T,63,placeholder,46,51,11,76,19,98,64,52,14,24,20,12,10,10,6,82,74,7,19,27,18,49,60,99,52,5,85,41
h-13-1993-chiefs-2.iff,140,chiefs,1993,1,41,Chiefs,Tackle,T,74,placeholder,51,45,11,82,19,95,67,52,15,34,37,19,10,10,24,77,77,8,31,28,19,49,48,99,50,5,77,52
h-13-1993-chiefs-2.iff,140,chiefs,1993,1,42,Chiefs,Tackle,T,76,placeholder,43,64,11,73,8,99,67,62,21,26,27,39,11,16,36,67,68,17,15,22,14,49,45,99,46,5,65,24
h-13-1993-chiefs-2.iff,140,chiefs,1993,1,43,Chiefs,Tight End,TE,89,placeholder,65,81,26,66,14,85,51,68,9,74,14,55,24,26,76,82,85,78,8,15,16,49,39,99,62,5,22,24
h-13-1993-chiefs-2.iff,140,chiefs,1993,1,44,Chiefs,Tight End,TE,84,placeholder,64,71,10,46,8,76,55,67,9,52,12,32,11,12,77,73,75,65,14,14,11,49,31,99,37,5,29,23
h-13-1993-chiefs-2.iff,140,chiefs,1993,1,45,Chiefs,Tight End,TE,80,placeholder,77,53,11,44,18,89,59,52,15,38,39,36,10,11,33,58,63,50,31,26,17,49,46,99,22,5,38,24
h-13-1993-chiefs-2.iff,140,chiefs,1993,1,46,Chiefs,Receiver,WR,85,placeholder,85,79,15,72,12,81,40,62,14,85,10,67,16,16,84,60,62,80,7,8,16,49,56,99,57,5,99,80
h-13-1993-chiefs-2.iff,140,chiefs,1993,1,47,Chiefs,Receiver,WR,82,placeholder,86,81,15,60,11,77,37,85,8,83,15,57,16,16,87,40,40,60,12,12,15,49,73,50,70,5,98,47
h-13-1993-chiefs-2.iff,140,chiefs,1993,1,48,Chiefs,Receiver,WR,86,placeholder,79,68,15,55,19,78,38,62,11,81,13,56,14,14,81,69,68,74,6,13,19,49,22,99,61,5,79,12
h-13-1993-chiefs-2.iff,140,chiefs,1993,1,49,Chiefs,Receiver,WR,83,placeholder,89,89,17,53,12,69,35,81,12,82,9,42,15,16,76,43,35,74,10,5,13,49,35,1,39,5,95,52
h-13-1993-chiefs-2.iff,140,chiefs,1993,1,50,Chiefs,Receiver,WR,87,placeholder,91,86,17,51,10,65,29,85,7,80,11,34,14,16,73,55,32,74,10,14,10,49,32,50,22,5,79,76
h-13-1993-chiefs-2.iff,140,chiefs,1993,1,51,Chiefs,Receiver,WR,4,placeholder,89,92,15,69,14,73,33,79,11,79,9,36,16,16,79,41,41,76,8,9,19,49,46,50,41,5,74,24
h-13-1993-chiefs-2.iff,140,chiefs,1993,1,52,Chiefs,Receiver,WR,81,placeholder,84,84,13,32,8,78,38,64,9,67,8,47,14,14,69,45,32,64,8,10,13,49,31,1,37,5,98,48
h-14-1972-dolphins-4.iff,141,dolphins,1972,1,0,Dolphins,Center,C,67,placeholder,45,63,12,98,26,96,63,55,31,17,30,23,11,10,23,97,99,10,35,40,22,49,84,99,77,5,93,68
h-14-1972-dolphins-4.iff,141,dolphins,1972,1,1,Dolphins,Center,C,66,placeholder,57,72,11,76,17,76,55,64,6,8,16,7,10,10,9,61,60,8,11,33,13,49,27,99,31,5,40,22
h-14-1972-dolphins-4.iff,141,dolphins,1972,1,2,Dolphins,Cornerback,CB,44,placeholder,91,92,9,81,17,33,49,95,92,13,78,9,11,10,35,20,24,60,39,76,19,49,82,1,64,5,69,24
h-14-1972-dolphins-4.iff,141,dolphins,1972,1,3,Dolphins,Cornerback,CB,24,placeholder,91,90,11,83,19,74,43,82,91,10,79,7,11,11,18,43,48,60,54,73,20,49,80,1,50,5,75,95
h-14-1972-dolphins-4.iff,141,dolphins,1972,1,4,Dolphins,Cornerback,CB,23,placeholder,82,82,9,41,16,76,31,82,79,12,77,8,11,10,23,19,26,39,48,70,17,49,22,1,56,5,81,54
h-14-1972-dolphins-4.iff,141,dolphins,1972,1,5,Dolphins,Cornerback,CB,41,placeholder,85,88,9,66,16,72,47,72,74,12,68,8,11,10,21,11,18,39,25,54,17,49,22,1,48,5,75,77
h-14-1972-dolphins-4.iff,141,dolphins,1972,1,6,Dolphins,Cornerback,CB,31,placeholder,82,81,9,88,21,69,41,61,56,13,49,9,11,10,19,29,27,41,29,41,23,49,42,1,20,5,24,57
h-14-1972-dolphins-4.iff,141,dolphins,1972,1,7,Dolphins,Def End,DE,61,placeholder,54,66,11,49,19,89,73,58,3,16,70,26,11,10,19,27,23,4,79,70,19,49,20,99,53,5,73,61
h-14-1972-dolphins-4.iff,141,dolphins,1972,1,8,Dolphins,Def End,DE,85,placeholder,75,82,10,75,19,86,71,79,46,14,83,28,11,10,22,18,23,26,96,78,19,49,59,99,66,5,88,80
h-14-1972-dolphins-4.iff,141,dolphins,1972,1,9,Dolphins,Def End,DE,99,placeholder,74,79,11,75,12,80,69,70,42,31,74,35,13,11,27,33,34,22,64,69,13,49,39,99,43,5,41,24
h-14-1972-dolphins-4.iff,141,dolphins,1972,1,10,Dolphins,Def End,DE,91,placeholder,74,61,10,46,14,88,69,72,49,8,70,24,11,10,9,12,12,24,77,74,13,49,48,99,36,5,74,89
h-14-1972-dolphins-4.iff,141,dolphins,1972,1,11,Dolphins,Def Tackle,DT,75,placeholder,61,69,11,90,24,85,69,52,24,21,84,34,11,10,24,25,25,10,79,85,25,49,82,99,63,5,81,85
h-14-1972-dolphins-4.iff,141,dolphins,1972,1,12,Dolphins,Def Tackle,DT,51,placeholder,72,77,10,60,22,66,61,73,29,20,67,27,10,10,23,32,29,10,90,70,21,49,26,99,48,5,80,42
h-14-1972-dolphins-4.iff,141,dolphins,1972,1,13,Dolphins,Def Tackle,DT,71,placeholder,61,81,11,60,12,76,67,75,10,23,71,31,11,11,19,22,28,10,69,68,14,49,34,99,34,5,38,43
h-14-1972-dolphins-4.iff,141,dolphins,1972,1,14,Dolphins,Def Tackle,DT,77,placeholder,58,66,10,53,17,28,63,64,16,22,60,31,11,11,26,19,28,14,52,59,16,49,33,99,26,5,35,24
h-14-1972-dolphins-4.iff,141,dolphins,1972,1,15,Dolphins,Full Back,FB,39,placeholder,83,82,18,92,22,95,82,70,6,68,5,93,14,16,70,79,79,86,10,14,21,49,74,99,75,5,99,99
h-14-1972-dolphins-4.iff,141,dolphins,1972,1,16,Dolphins,Full Back,FB,30,placeholder,82,70,16,79,16,92,63,58,11,29,6,59,13,13,44,49,55,72,10,14,15,49,36,99,28,5,19,9
h-14-1972-dolphins-4.iff,141,dolphins,1972,1,17,Dolphins,Safety,FS,16,placeholder,82,86,9,88,19,70,47,85,91,15,80,10,12,11,30,20,23,43,28,76,22,49,97,1,88,5,81,69
h-14-1972-dolphins-4.iff,141,dolphins,1972,1,18,Dolphins,Safety,FS,22,placeholder,87,81,10,66,17,65,39,62,76,12,76,8,11,10,14,24,20,39,33,65,19,49,26,1,45,5,51,80
h-14-1972-dolphins-4.iff,141,dolphins,1972,1,19,Dolphins,Guard,G,63,placeholder,49,37,14,79,24,96,75,44,17,31,27,22,10,10,21,90,88,9,27,30,22,49,84,99,83,5,58,51
h-14-1972-dolphins-4.iff,141,dolphins,1972,1,20,Dolphins,Guard,G,62,placeholder,52,65,11,82,16,98,59,55,24,33,33,47,11,17,45,85,91,19,24,23,16,49,56,99,57,5,75,49
h-14-1972-dolphins-4.iff,141,dolphins,1972,1,21,Dolphins,Guard,G,65,placeholder,49,63,12,78,19,98,89,55,10,29,27,8,10,10,15,73,69,2,20,27,16,49,29,99,51,5,12,24
h-14-1972-dolphins-4.iff,141,dolphins,1972,1,22,Dolphins,Guard,G,60,placeholder,38,46,14,62,13,89,93,46,23,28,18,31,11,11,24,55,41,16,14,28,9,49,41,99,45,5,18,2
h-14-1972-dolphins-4.iff,141,dolphins,1972,1,23,Dolphins,Half Back,HB,27,placeholder,88,86,15,87,13,89,33,70,5,87,13,76,14,15,86,20,22,99,8,9,16,49,48,1,71,5,84,65
h-14-1972-dolphins-4.iff,141,dolphins,1972,1,24,Dolphins,Half Back,HB,21,placeholder,89,73,28,72,11,92,67,84,30,47,22,77,27,28,53,44,27,60,16,20,13,49,39,99,38,5,54,70
h-14-1972-dolphins-4.iff,141,dolphins,1972,1,25,Dolphins,Half Back,HB,37,placeholder,86,80,15,85,13,83,53,75,14,52,5,78,14,14,48,28,28,89,14,8,16,49,38,99,50,5,51,67
h-14-1972-dolphins-4.iff,141,dolphins,1972,1,26,Dolphins,Half Back,HB,26,placeholder,89,77,23,82,13,94,57,92,12,50,6,77,19,20,61,38,30,72,8,6,12,49,43,99,36,24,41,60
h-14-1972-dolphins-4.iff,141,dolphins,1972,1,27,Dolphins,Half Back,HB,45,placeholder,88,84,17,65,16,72,47,76,13,48,8,75,14,14,49,49,35,90,6,13,19,49,38,99,40,24,41,41
h-14-1972-dolphins-4.iff,141,dolphins,1972,1,28,Dolphins,Linebacker,ILB,84,placeholder,74,86,10,98,11,34,69,68,85,19,99,29,11,10,27,27,22,26,91,99,11,49,92,99,66,5,90,90
h-14-1972-dolphins-4.iff,141,dolphins,1972,1,29,Dolphins,Linebacker,ILB,52,placeholder,83,70,10,79,9,78,73,70,74,13,80,33,11,11,21,27,22,28,51,78,5,49,61,99,54,5,60,24
h-14-1972-dolphins-4.iff,141,dolphins,1972,1,30,Dolphins,Kicker,K,9,placeholder,38,47,11,46,90,96,33,42,23,26,40,19,11,12,30,34,29,34,24,14,90,99,32,50,87,5,75,20
h-14-1972-dolphins-4.iff,141,dolphins,1972,1,31,Dolphins,Linebacker,OLB,50,placeholder,80,80,10,71,4,86,63,79,77,15,85,31,11,11,12,15,11,12,80,86,5,49,26,99,55,5,67,62
h-14-1972-dolphins-4.iff,141,dolphins,1972,1,32,Dolphins,Linebacker,OLB,56,placeholder,76,81,10,98,13,78,69,59,76,17,83,31,11,11,18,30,24,39,76,78,11,49,75,99,78,5,65,89
h-14-1972-dolphins-4.iff,141,dolphins,1972,1,33,Dolphins,Linebacker,OLB,40,placeholder,92,86,10,79,9,82,67,73,74,13,64,33,11,11,21,27,22,28,60,68,5,49,61,99,45,5,40,24
h-14-1972-dolphins-4.iff,141,dolphins,1972,1,34,Dolphins,Linebacker,OLB,58,placeholder,81,79,10,38,17,82,69,67,39,16,58,23,10,10,19,24,20,36,55,49,16,49,19,99,22,5,36,39
h-14-1972-dolphins-4.iff,141,dolphins,1972,1,35,Dolphins,Punter,P,1,placeholder,35,44,19,49,91,84,34,42,19,23,34,17,20,25,21,23,19,34,18,8,80,1,49,50,75,5,57,23
h-14-1972-dolphins-4.iff,141,dolphins,1972,1,36,Dolphins,Punter,P,29,placeholder,45,45,21,45,74,47,33,37,20,20,29,17,23,25,15,17,14,32,16,12,69,1,33,50,57,5,60,24
h-14-1972-dolphins-4.iff,141,dolphins,1972,1,37,Dolphins,Quarterback,QB,12,placeholder,52,73,81,44,12,81,42,64,36,24,33,24,98,98,21,26,28,29,23,20,16,49,95,50,96,75,90,24
h-14-1972-dolphins-4.iff,141,dolphins,1972,1,38,Dolphins,Quarterback,QB,14,placeholder,52,73,81,44,12,81,42,64,36,24,33,24,98,98,21,26,28,29,23,20,16,49,95,50,96,82,90,24
h-14-1972-dolphins-4.iff,141,dolphins,1972,1,39,Dolphins,Quarterback,QB,18,placeholder,69,74,62,18,25,72,35,75,21,27,26,57,66,66,16,9,13,28,11,9,22,49,54,50,68,66,45,24
h-14-1972-dolphins-4.iff,141,dolphins,1972,1,40,Dolphins,Safety,SS,49,placeholder,89,90,10,99,12,99,80,80,85,35,99,40,11,10,35,18,18,49,65,96,16,49,99,25,99,5,99,74
h-14-1972-dolphins-4.iff,141,dolphins,1972,1,41,Dolphins,Tackle,T,76,placeholder,44,48,11,83,19,95,69,41,15,31,36,19,10,11,26,95,99,13,30,28,18,49,88,99,85,5,95,48
h-14-1972-dolphins-4.iff,141,dolphins,1972,1,42,Dolphins,Tackle,T,70,placeholder,48,58,11,82,16,97,77,50,24,32,32,47,11,17,43,77,77,19,23,23,16,49,55,99,52,5,48,39
h-14-1972-dolphins-4.iff,141,dolphins,1972,1,43,Dolphins,Tackle,T,74,placeholder,53,45,14,72,16,97,81,50,27,33,23,35,11,11,32,73,83,16,20,30,13,49,48,99,40,5,16,46
h-14-1972-dolphins-4.iff,141,dolphins,1972,1,44,Dolphins,Tackle,T,72,placeholder,32,44,14,59,12,87,65,56,20,27,17,28,11,11,23,67,54,16,12,28,8,49,39,99,30,5,65,46
h-14-1972-dolphins-4.iff,141,dolphins,1972,1,45,Dolphins,Tight End,TE,81,placeholder,73,64,10,13,5,87,49,66,28,81,19,58,11,10,86,67,66,76,8,22,8,49,13,99,51,5,86,60
h-14-1972-dolphins-4.iff,141,dolphins,1972,1,46,Dolphins,Tight End,TE,80,placeholder,61,81,10,66,12,61,55,78,8,69,9,50,11,10,72,74,78,76,10,11,14,49,24,99,43,5,40,54
h-14-1972-dolphins-4.iff,141,dolphins,1972,1,47,Dolphins,Receiver,WR,42,placeholder,81,83,15,99,14,90,76,89,6,96,15,89,16,16,94,53,53,90,11,5,18,49,90,38,89,5,99,99
h-14-1972-dolphins-4.iff,141,dolphins,1972,1,48,Dolphins,Receiver,WR,88,placeholder,88,90,15,62,13,91,35,75,8,90,15,61,16,16,90,58,56,80,8,7,17,49,88,50,99,5,99,24
h-14-1972-dolphins-4.iff,141,dolphins,1972,1,49,Dolphins,Receiver,WR,86,placeholder,96,83,15,72,16,47,32,82,6,83,14,41,16,17,80,46,47,80,10,7,15,49,55,50,38,5,89,80
h-14-1972-dolphins-4.iff,141,dolphins,1972,1,50,Dolphins,Receiver,WR,83,placeholder,93,79,13,42,7,85,16,80,7,69,7,31,16,15,61,28,22,71,10,11,11,49,36,1,39,5,69,52
h-14-1972-dolphins-4.iff,141,dolphins,1972,1,51,Dolphins,Receiver,WR,11,placeholder,80,90,13,34,9,65,28,78,10,56,10,42,14,14,45,42,41,67,10,10,14,49,27,50,20,5,63,59
h-14-1972-dolphins-4.iff,141,dolphins,1972,1,52,Dolphins,Receiver,WR,17,placeholder,83,91,12,28,8,74,46,73,35,63,23,19,14,14,65,25,29,64,14,18,13,49,25,50,20,5,72,57
h-14-1984-dolphins-3.iff,142,dolphins,1984,1,0,Dolphins,Center,C,57,placeholder,45,63,12,98,26,96,63,55,31,17,30,23,11,10,23,97,99,10,35,40,22,49,84,99,77,5,93,68
h-14-1984-dolphins-3.iff,142,dolphins,1984,1,1,Dolphins,Cornerback,CB,40,placeholder,91,92,9,81,17,33,49,95,92,13,78,9,11,10,35,20,24,60,39,76,19,49,82,1,64,5,69,24
h-14-1984-dolphins-3.iff,142,dolphins,1984,1,2,Dolphins,Cornerback,CB,28,placeholder,85,86,9,58,16,33,41,82,86,13,80,9,11,11,29,19,18,41,32,64,17,49,90,1,76,5,84,60
h-14-1984-dolphins-3.iff,142,dolphins,1984,1,3,Dolphins,Cornerback,CB,45,placeholder,82,82,9,41,16,76,31,82,79,12,77,8,11,10,23,19,26,39,48,70,17,49,22,1,56,5,81,54
h-14-1984-dolphins-3.iff,142,dolphins,1984,1,4,Dolphins,Cornerback,CB,46,placeholder,85,88,9,66,16,72,47,72,74,12,68,8,11,10,21,11,18,39,25,54,17,49,22,1,48,5,75,77
h-14-1984-dolphins-3.iff,142,dolphins,1984,1,5,Dolphins,Cornerback,CB,48,placeholder,87,90,13,64,16,68,51,79,63,8,56,6,13,11,26,26,29,60,41,53,17,49,31,1,30,5,50,56
h-14-1984-dolphins-3.iff,142,dolphins,1984,1,6,Dolphins,Def End,DE,75,placeholder,76,64,10,70,20,79,73,64,46,18,85,29,11,10,19,27,20,18,93,80,20,49,70,99,66,5,75,81
h-14-1984-dolphins-3.iff,142,dolphins,1984,1,7,Dolphins,Def End,DE,51,placeholder,54,66,11,49,19,89,73,58,3,16,75,26,11,10,19,27,23,4,79,70,19,49,20,99,53,5,73,61
h-14-1984-dolphins-3.iff,142,dolphins,1984,1,8,Dolphins,Def End,DE,96,placeholder,68,64,10,60,22,48,57,73,52,18,79,30,11,11,26,27,27,28,78,68,23,49,34,99,71,5,78,71
h-14-1984-dolphins-3.iff,142,dolphins,1984,1,9,Dolphins,Def End,DE,79,placeholder,83,66,11,69,17,93,79,67,46,31,69,34,13,11,24,33,33,22,70,66,19,49,35,99,37,5,42,66
h-14-1984-dolphins-3.iff,142,dolphins,1984,1,10,Dolphins,Def Tackle,DT,73,placeholder,59,83,10,88,23,85,89,58,24,29,85,34,11,11,38,31,36,14,84,80,22,49,78,99,54,5,71,80
h-14-1984-dolphins-3.iff,142,dolphins,1984,1,11,Dolphins,Def Tackle,DT,78,placeholder,72,77,10,60,22,66,61,73,29,20,72,27,10,10,23,32,29,10,90,70,21,49,26,99,48,5,80,42
h-14-1984-dolphins-3.iff,142,dolphins,1984,1,12,Dolphins,Def Tackle,DT,76,placeholder,61,81,11,60,12,76,67,75,10,23,76,31,11,11,19,22,28,10,69,68,14,49,34,99,34,5,38,43
h-14-1984-dolphins-3.iff,142,dolphins,1984,1,13,Dolphins,Full Back,FB,35,placeholder,80,86,18,94,20,84,57,61,14,44,9,44,14,14,58,74,72,92,6,14,21,49,36,99,48,5,70,72
h-14-1984-dolphins-3.iff,142,dolphins,1984,1,14,Dolphins,Safety,FS,47,placeholder,82,86,9,88,19,70,47,85,91,15,80,10,12,11,30,20,23,43,28,76,22,49,97,1,88,5,81,69
h-14-1984-dolphins-3.iff,142,dolphins,1984,1,15,Dolphins,Safety,FS,90,placeholder,87,81,10,66,17,65,39,62,80,12,76,8,11,10,14,24,20,39,33,65,19,49,26,1,45,5,70,80
h-14-1984-dolphins-3.iff,142,dolphins,1984,1,16,Dolphins,Guard,G,65,placeholder,50,66,12,92,23,94,61,55,13,43,28,16,10,11,50,98,93,8,28,27,21,49,80,99,87,5,94,42
h-14-1984-dolphins-3.iff,142,dolphins,1984,1,17,Dolphins,Guard,G,68,placeholder,48,62,11,99,25,97,61,50,34,20,29,20,10,10,23,87,81,7,37,37,23,49,58,99,70,5,95,49
h-14-1984-dolphins-3.iff,142,dolphins,1984,1,18,Dolphins,Guard,G,60,placeholder,50,51,12,71,19,94,63,48,6,24,22,9,10,10,10,76,87,8,16,27,15,49,69,99,56,5,49,42
h-14-1984-dolphins-3.iff,142,dolphins,1984,1,19,Dolphins,Half Back,HB,27,placeholder,87,84,17,89,13,77,59,79,7,57,12,90,15,17,59,41,41,92,10,6,16,49,69,50,56,5,43,76
h-14-1984-dolphins-3.iff,142,dolphins,1984,1,20,Dolphins,Half Back,HB,29,placeholder,89,68,28,72,11,92,67,84,30,47,22,77,27,28,53,44,27,60,16,20,13,49,39,99,38,5,54,70
h-14-1984-dolphins-3.iff,142,dolphins,1984,1,21,Dolphins,Half Back,HB,43,placeholder,86,75,15,85,13,83,53,75,14,52,5,78,14,14,48,28,28,89,14,8,16,49,38,99,50,5,51,67
h-14-1984-dolphins-3.iff,142,dolphins,1984,1,22,Dolphins,Half Back,HB,32,placeholder,89,72,23,82,13,94,57,92,12,50,6,77,19,20,61,38,30,72,8,6,12,49,43,99,36,24,41,60
h-14-1984-dolphins-3.iff,142,dolphins,1984,1,23,Dolphins,Half Back,HB,38,placeholder,88,79,17,65,16,72,47,76,13,48,8,75,14,14,49,49,35,90,6,13,19,49,38,99,40,24,41,41
h-14-1984-dolphins-3.iff,142,dolphins,1984,1,24,Dolphins,Linebacker,ILB,56,placeholder,68,71,10,95,11,84,71,55,80,19,88,29,11,11,30,30,24,30,51,90,13,49,86,99,66,5,83,69
h-14-1984-dolphins-3.iff,142,dolphins,1984,1,25,Dolphins,Linebacker,ILB,50,placeholder,83,70,10,79,9,78,73,70,74,13,80,33,11,11,21,27,22,28,51,78,5,49,61,99,54,5,60,24
h-14-1984-dolphins-3.iff,142,dolphins,1984,1,26,Dolphins,Linebacker,ILB,52,placeholder,85,80,10,76,7,87,35,85,69,15,70,23,11,10,17,26,21,24,75,75,6,49,23,99,32,5,63,92
h-14-1984-dolphins-3.iff,142,dolphins,1984,1,27,Dolphins,Linebacker,ILB,55,placeholder,67,64,10,79,9,81,75,61,49,13,61,33,11,11,21,27,22,28,64,60,5,49,61,99,28,5,45,24
h-14-1984-dolphins-3.iff,142,dolphins,1984,1,28,Dolphins,Kicker,K,5,placeholder,38,47,11,46,90,96,33,42,23,26,40,19,11,12,30,34,29,34,24,14,90,99,32,50,87,5,75,20
h-14-1984-dolphins-3.iff,142,dolphins,1984,1,29,Dolphins,Linebacker,OLB,72,placeholder,80,80,10,71,4,86,63,79,77,15,85,31,11,11,12,15,11,12,80,86,5,49,26,99,55,5,67,62
h-14-1984-dolphins-3.iff,142,dolphins,1984,1,30,Dolphins,Linebacker,OLB,58,placeholder,76,81,10,98,13,78,69,59,76,17,83,31,11,11,18,30,24,39,76,78,11,49,75,99,78,5,65,89
h-14-1984-dolphins-3.iff,142,dolphins,1984,1,31,Dolphins,Linebacker,OLB,54,placeholder,92,86,10,79,9,82,67,73,74,13,64,33,11,11,21,27,22,28,60,68,5,49,61,99,45,5,40,24
h-14-1984-dolphins-3.iff,142,dolphins,1984,1,32,Dolphins,Linebacker,OLB,53,placeholder,79,74,10,81,13,88,75,67,74,20,66,26,11,10,15,36,29,26,52,58,13,49,34,99,24,5,3,74
h-14-1984-dolphins-3.iff,142,dolphins,1984,1,33,Dolphins,Linebacker,OLB,59,placeholder,65,76,10,77,6,82,47,76,56,21,76,33,10,11,14,24,16,25,62,61,5,49,33,99,26,5,44,48
h-14-1984-dolphins-3.iff,142,dolphins,1984,1,34,Dolphins,Punter,P,6,placeholder,45,46,20,48,94,95,35,37,23,27,41,18,23,24,15,20,16,16,22,12,89,1,32,50,90,5,92,23
h-14-1984-dolphins-3.iff,142,dolphins,1984,1,35,Dolphins,Quarterback,QB,16,placeholder,66,64,93,50,9,84,43,56,26,21,31,22,93,96,21,30,28,29,20,22,13,49,92,50,78,30,85,24
h-14-1984-dolphins-3.iff,142,dolphins,1984,1,36,Dolphins,Quarterback,QB,19,placeholder,81,91,92,28,23,45,18,73,14,29,29,51,65,60,28,13,10,28,11,5,21,49,75,50,55,67,33,24
h-14-1984-dolphins-3.iff,142,dolphins,1984,1,37,Dolphins,Safety,SS,42,placeholder,87,88,9,91,20,79,43,90,76,13,69,9,11,10,17,27,25,40,41,70,23,49,40,1,43,5,60,70
h-14-1984-dolphins-3.iff,142,dolphins,1984,1,38,Dolphins,Safety,SS,49,placeholder,84,86,8,99,28,75,51,85,64,20,76,7,10,10,50,38,43,44,61,69,29,49,50,1,34,5,58,58
h-14-1984-dolphins-3.iff,142,dolphins,1984,1,39,Dolphins,Tackle,T,74,placeholder,44,48,11,83,19,95,69,41,15,31,36,19,10,11,26,93,97,13,30,28,18,49,88,99,85,5,95,48
h-14-1984-dolphins-3.iff,142,dolphins,1984,1,40,Dolphins,Tackle,T,70,placeholder,43,56,11,86,19,94,69,41,15,29,29,20,10,10,26,94,93,13,30,28,18,49,80,99,69,5,76,49
h-14-1984-dolphins-3.iff,142,dolphins,1984,1,41,Dolphins,Tackle,T,77,placeholder,52,58,11,72,21,96,63,42,14,32,30,22,10,10,24,81,89,8,32,28,19,49,46,99,47,5,83,44
h-14-1984-dolphins-3.iff,142,dolphins,1984,1,42,Dolphins,Tackle,T,61,placeholder,51,45,10,66,20,76,61,52,16,40,37,12,9,10,34,70,52,2,34,24,20,49,49,99,34,5,43,14
h-14-1984-dolphins-3.iff,142,dolphins,1984,1,43,Dolphins,Tight End,TE,87,placeholder,73,77,10,39,4,85,55,55,19,78,16,74,11,13,84,64,67,59,11,20,4,49,24,99,57,5,58,13
h-14-1984-dolphins-3.iff,142,dolphins,1984,1,44,Dolphins,Tight End,TE,80,placeholder,81,82,10,30,4,93,55,82,21,75,16,74,11,13,76,59,65,69,9,20,6,49,24,99,37,5,56,60
h-14-1984-dolphins-3.iff,142,dolphins,1984,1,45,Dolphins,Tight End,TE,82,placeholder,68,82,10,65,14,57,63,70,8,58,14,42,11,11,70,80,85,76,7,15,16,49,35,99,64,5,29,24
h-14-1984-dolphins-3.iff,142,dolphins,1984,1,46,Dolphins,Tight End,TE,85,placeholder,61,81,10,66,12,61,55,78,8,69,9,50,11,10,72,74,78,76,10,11,14,49,24,99,43,5,40,54
h-14-1984-dolphins-3.iff,142,dolphins,1984,1,47,Dolphins,Tight End,TE,18,placeholder,72,65,10,34,4,63,46,67,25,68,22,48,10,10,68,70,68,66,8,20,8,49,10,99,29,5,69,74
h-14-1984-dolphins-3.iff,142,dolphins,1984,1,48,Dolphins,Receiver,WR,86,placeholder,98,92,15,70,11,87,34,76,9,98,9,75,16,15,98,30,37,90,7,10,16,49,89,1,86,5,99,20
h-14-1984-dolphins-3.iff,142,dolphins,1984,1,49,Dolphins,Receiver,WR,84,placeholder,91,89,15,73,17,89,33,84,6,94,12,78,16,17,90,46,43,85,8,7,16,49,79,50,54,5,99,89
h-14-1984-dolphins-3.iff,142,dolphins,1984,1,50,Dolphins,Receiver,WR,88,placeholder,93,90,25,49,18,86,37,92,10,86,7,70,21,19,84,32,45,76,10,7,20,49,43,99,53,5,79,48
h-14-1984-dolphins-3.iff,142,dolphins,1984,1,51,Dolphins,Receiver,WR,81,placeholder,89,92,15,69,14,73,33,79,11,79,9,36,16,16,79,41,41,76,8,9,19,49,46,50,41,5,74,24
h-14-1984-dolphins-3.iff,142,dolphins,1984,1,52,Dolphins,Receiver,WR,89,placeholder,80,72,13,34,9,66,16,53,10,60,10,42,14,14,62,42,43,67,10,10,14,49,27,50,20,5,84,59
h-15-1969-vikings-4.iff,143,vikings,1969,0,0,Vikings,Center,C,56,placeholder,53,76,11,99,24,95,71,45,31,18,27,20,10,10,21,88,80,8,33,37,22,49,51,99,70,5,64,44
h-15-1969-vikings-4.iff,143,vikings,1969,0,1,Vikings,Cornerback,CB,44,placeholder,83,88,9,55,16,87,45,64,89,10,76,7,11,10,39,14,18,37,38,65,16,49,79,1,63,5,90,56
h-15-1969-vikings-4.iff,143,vikings,1969,0,2,Vikings,Cornerback,CB,43,placeholder,75,83,9,55,16,73,39,68,89,12,79,8,11,10,47,23,25,39,40,70,19,49,64,1,54,5,90,77
h-15-1969-vikings-4.iff,143,vikings,1969,0,3,Vikings,Cornerback,CB,29,placeholder,82,89,9,83,19,88,39,82,72,11,70,8,11,10,23,18,22,37,35,54,23,49,20,1,41,5,79,60
h-15-1969-vikings-4.iff,143,vikings,1969,0,4,Vikings,Cornerback,CB,49,placeholder,87,90,13,64,16,68,51,79,63,8,56,6,13,11,26,26,29,60,41,53,17,49,31,1,30,5,50,56
h-15-1969-vikings-4.iff,143,vikings,1969,0,5,Vikings,Cornerback,CB,40,placeholder,82,81,9,88,21,69,41,61,56,13,49,9,11,10,19,29,27,41,29,41,23,49,42,1,20,5,24,57
h-15-1969-vikings-4.iff,143,vikings,1969,0,6,Vikings,Def End,DE,70,placeholder,57,74,10,55,19,88,57,56,44,17,92,25,11,10,23,28,24,14,80,89,19,49,22,99,59,5,75,52
h-15-1969-vikings-4.iff,143,vikings,1969,0,7,Vikings,Def End,DE,88,placeholder,61,71,10,72,22,88,57,73,68,24,87,37,11,11,32,23,30,24,76,77,21,49,36,99,36,5,55,85
h-15-1969-vikings-4.iff,143,vikings,1969,0,8,Vikings,Def End,DE,61,placeholder,72,76,10,57,19,54,61,62,59,18,66,27,11,10,23,22,23,36,73,72,20,49,23,99,40,5,55,74
h-15-1969-vikings-4.iff,143,vikings,1969,0,9,Vikings,Def End,DE,58,placeholder,59,57,10,43,25,61,77,60,21,25,59,28,10,10,28,40,34,2,44,47,24,49,29,99,25,5,41,24
h-15-1969-vikings-4.iff,143,vikings,1969,0,10,Vikings,Def Tackle,DT,81,placeholder,60,59,11,69,21,87,67,47,18,18,89,28,11,11,22,27,22,12,76,88,20,49,69,99,64,5,76,73
h-15-1969-vikings-4.iff,143,vikings,1969,0,11,Vikings,Def Tackle,DT,72,placeholder,59,63,10,66,22,89,87,52,24,26,79,34,11,11,32,32,36,10,70,84,23,49,70,99,54,5,52,47
h-15-1969-vikings-4.iff,143,vikings,1969,0,12,Vikings,Def Tackle,DT,73,placeholder,49,61,11,52,24,82,57,48,15,19,78,31,10,10,32,43,34,10,69,68,24,49,33,99,43,5,86,69
h-15-1969-vikings-4.iff,143,vikings,1969,0,13,Vikings,Def Tackle,DT,79,placeholder,58,61,10,67,28,72,63,50,33,30,60,32,10,10,39,41,39,29,45,60,29,49,36,99,20,5,73,74
h-15-1969-vikings-4.iff,143,vikings,1969,0,14,Vikings,Def Tackle,DT,74,placeholder,58,66,10,53,17,28,63,64,16,22,65,31,11,11,26,19,28,14,52,59,16,49,33,99,26,5,35,24
h-15-1969-vikings-4.iff,143,vikings,1969,0,15,Vikings,Full Back,FB,30,placeholder,84,76,16,97,24,92,47,67,15,70,10,41,14,14,88,83,80,95,7,9,26,49,65,99,72,5,28,24
h-15-1969-vikings-4.iff,143,vikings,1969,0,16,Vikings,Full Back,FB,47,placeholder,82,70,16,79,16,92,63,58,11,29,6,59,13,13,44,49,55,72,10,14,15,49,36,99,28,5,19,9
h-15-1969-vikings-4.iff,143,vikings,1969,0,17,Vikings,Safety,FS,27,placeholder,81,88,12,93,22,84,39,76,78,8,82,6,12,11,14,30,31,34,48,68,25,49,54,1,53,5,65,46
h-15-1969-vikings-4.iff,143,vikings,1969,0,18,Vikings,Safety,FS,24,placeholder,88,86,9,34,16,86,49,68,79,12,64,8,10,10,17,29,26,6,25,59,14,49,22,1,31,5,24,76
h-15-1969-vikings-4.iff,143,vikings,1969,0,19,Vikings,Guard,G,66,placeholder,38,57,12,86,23,99,69,45,13,30,27,16,10,10,23,95,89,7,27,28,21,49,83,99,73,5,88,24
h-15-1969-vikings-4.iff,143,vikings,1969,0,20,Vikings,Guard,G,65,placeholder,50,51,12,71,19,94,63,48,6,24,22,9,10,10,10,76,87,8,16,27,15,49,69,99,56,5,49,42
h-15-1969-vikings-4.iff,143,vikings,1969,0,21,Vikings,Guard,G,63,placeholder,41,42,11,90,17,98,69,39,13,28,26,18,10,10,17,57,61,11,24,28,16,49,47,99,49,5,81,39
h-15-1969-vikings-4.iff,143,vikings,1969,0,22,Vikings,Guard,G,67,placeholder,41,44,11,50,22,96,73,58,11,30,23,16,10,10,13,70,63,1,23,28,19,49,37,99,47,5,45,14
h-15-1969-vikings-4.iff,143,vikings,1969,0,23,Vikings,Half Back,HB,48,placeholder,89,75,15,80,18,90,45,84,11,65,13,84,16,14,72,25,29,88,8,14,21,49,41,50,71,5,69,20
h-15-1969-vikings-4.iff,143,vikings,1969,0,24,Vikings,Half Back,HB,37,placeholder,88,68,17,67,11,87,47,75,29,50,28,81,14,17,55,27,30,94,22,34,12,49,41,50,51,5,70,52
h-15-1969-vikings-4.iff,143,vikings,1969,0,25,Vikings,Half Back,HB,26,placeholder,67,79,15,43,16,71,65,67,39,31,28,83,14,14,62,37,29,96,32,36,17,49,50,99,40,5,54,74
h-15-1969-vikings-4.iff,143,vikings,1969,0,26,Vikings,Half Back,HB,21,placeholder,89,72,23,82,13,94,57,92,12,50,6,77,19,20,61,38,30,72,8,6,12,49,43,99,36,24,41,60
h-15-1969-vikings-4.iff,143,vikings,1969,0,27,Vikings,Half Back,HB,34,placeholder,88,79,17,65,16,72,47,76,13,48,8,75,14,14,49,49,35,90,6,13,19,49,38,99,40,24,41,41
h-15-1969-vikings-4.iff,143,vikings,1969,0,28,Vikings,Linebacker,ILB,50,placeholder,78,69,10,78,4,64,69,84,74,15,90,34,11,11,16,23,20,24,83,89,4,49,79,99,52,5,74,63
h-15-1969-vikings-4.iff,143,vikings,1969,0,29,Vikings,Linebacker,ILB,55,placeholder,80,72,10,81,13,72,63,75,69,23,86,27,11,10,15,34,29,22,74,78,13,49,72,99,53,5,71,61
h-15-1969-vikings-4.iff,143,vikings,1969,0,30,Vikings,Linebacker,ILB,52,placeholder,83,86,10,62,4,63,73,85,64,17,67,28,11,11,13,12,8,10,66,72,4,49,30,99,43,5,1,24
h-15-1969-vikings-4.iff,143,vikings,1969,0,31,Vikings,Linebacker,ILB,53,placeholder,67,71,10,62,4,71,67,58,62,17,64,28,11,11,13,12,8,10,64,70,4,49,30,99,35,5,18,24
h-15-1969-vikings-4.iff,143,vikings,1969,0,32,Vikings,Kicker,K,15,placeholder,39,45,10,30,73,54,30,36,13,18,17,13,11,12,6,5,1,29,7,9,56,99,11,50,34,5,74,37
h-15-1969-vikings-4.iff,143,vikings,1969,0,33,Vikings,Linebacker,OLB,51,placeholder,77,71,10,92,13,84,73,85,70,28,89,47,11,11,21,31,29,39,87,89,13,49,75,99,59,5,75,80
h-15-1969-vikings-4.iff,143,vikings,1969,0,34,Vikings,Linebacker,OLB,60,placeholder,69,80,10,97,15,88,55,76,77,19,91,32,11,10,30,31,25,32,88,93,14,49,86,99,71,5,93,70
h-15-1969-vikings-4.iff,143,vikings,1969,0,35,Vikings,Linebacker,OLB,59,placeholder,61,86,10,78,4,84,63,62,56,15,60,34,11,11,16,23,20,24,59,69,4,49,32,99,33,5,28,24
h-15-1969-vikings-4.iff,143,vikings,1969,0,36,Vikings,Punter,P,13,placeholder,40,48,21,46,69,86,33,40,20,26,39,18,25,21,10,20,16,14,23,9,68,1,14,50,54,5,70,23
h-15-1969-vikings-4.iff,143,vikings,1969,0,37,Vikings,Quarterback,QB,18,placeholder,70,70,82,41,7,30,39,52,29,23,28,10,89,85,16,28,25,25,18,19,12,49,90,50,80,40,70,72
h-15-1969-vikings-4.iff,143,vikings,1969,0,38,Vikings,Quarterback,QB,14,placeholder,61,54,85,22,4,84,19,60,24,18,22,3,81,76,9,20,21,28,11,18,8,49,88,50,79,36,73,24
h-15-1969-vikings-4.iff,143,vikings,1969,0,39,Vikings,Quarterback,QB,10,placeholder,62,86,73,40,9,65,26,68,29,20,29,29,56,69,9,22,21,29,16,20,12,49,64,50,68,44,68,24
h-15-1969-vikings-4.iff,143,vikings,1969,0,40,Vikings,Safety,SS,20,placeholder,87,88,9,91,20,79,43,90,76,13,69,9,11,10,17,27,25,40,41,70,23,49,40,1,43,5,60,70
h-15-1969-vikings-4.iff,143,vikings,1969,0,41,Vikings,Safety,SS,23,placeholder,85,74,12,66,17,60,75,74,60,8,40,6,13,11,28,30,29,34,48,37,16,49,31,1,24,5,13,41
h-15-1969-vikings-4.iff,143,vikings,1969,0,42,Vikings,Safety,SS,25,placeholder,80,73,8,88,19,81,63,75,49,20,55,7,10,10,31,24,29,44,46,26,22,49,35,1,26,5,41,24
h-15-1969-vikings-4.iff,143,vikings,1969,0,43,Vikings,Tackle,T,76,placeholder,50,60,12,94,19,94,71,58,14,27,30,20,10,10,23,86,94,13,27,30,16,49,90,99,74,5,71,38
h-15-1969-vikings-4.iff,143,vikings,1969,0,44,Vikings,Tackle,T,62,placeholder,53,66,11,87,18,95,65,55,15,33,30,16,10,10,23,89,85,9,30,27,17,49,77,99,74,5,95,41
h-15-1969-vikings-4.iff,143,vikings,1969,0,45,Vikings,Tackle,T,78,placeholder,48,62,11,50,18,96,67,47,9,23,32,8,10,10,11,66,59,4,28,45,15,49,22,99,40,5,74,47
h-15-1969-vikings-4.iff,143,vikings,1969,0,46,Vikings,Tight End,TE,82,placeholder,72,77,11,70,16,81,55,73,6,76,15,63,11,11,80,73,75,74,8,6,17,49,39,99,64,5,34,24
h-15-1969-vikings-4.iff,143,vikings,1969,0,47,Vikings,Tight End,TE,89,placeholder,75,71,10,46,8,88,63,70,9,75,12,61,11,12,81,69,71,65,14,14,11,49,41,99,45,5,72,40
h-15-1969-vikings-4.iff,143,vikings,1969,0,48,Vikings,Tight End,TE,84,placeholder,76,78,10,30,4,81,67,67,14,36,13,31,11,11,27,64,67,58,11,24,7,49,23,99,24,5,24,23
h-15-1969-vikings-4.iff,143,vikings,1969,0,49,Vikings,Receiver,WR,85,placeholder,82,86,24,46,9,80,42,59,11,92,14,76,25,25,91,64,61,85,7,13,14,49,70,50,73,5,99,24
h-15-1969-vikings-4.iff,143,vikings,1969,0,50,Vikings,Receiver,WR,80,placeholder,96,83,15,72,16,47,32,82,6,86,14,41,16,17,87,46,47,80,10,7,15,49,55,50,38,5,89,80
h-15-1969-vikings-4.iff,143,vikings,1969,0,51,Vikings,Receiver,WR,22,placeholder,83,86,15,44,9,81,37,68,6,77,14,45,16,16,75,19,28,74,11,14,13,49,49,50,70,5,96,45
h-15-1969-vikings-4.iff,143,vikings,1969,0,52,Vikings,Receiver,WR,83,placeholder,86,80,47,39,11,69,10,74,39,79,48,58,41,39,79,31,34,60,24,19,16,49,37,1,22,68,81,79
h-15-1973-vikings-3.iff,144,vikings,1973,0,0,Vikings,Center,C,53,placeholder,53,76,11,99,24,95,71,45,31,18,27,20,10,10,21,88,80,8,33,37,22,49,51,99,70,5,64,44
h-15-1973-vikings-3.iff,144,vikings,1973,0,1,Vikings,Center,C,58,placeholder,57,44,12,70,13,59,61,34,23,28,18,31,11,11,24,49,43,16,14,28,9,49,41,99,31,5,49,43
h-15-1973-vikings-3.iff,144,vikings,1973,0,2,Vikings,Cornerback,CB,29,placeholder,91,92,9,81,17,33,49,95,92,13,78,9,11,10,35,20,24,60,39,76,19,49,82,1,64,5,69,24
h-15-1973-vikings-3.iff,144,vikings,1973,0,3,Vikings,Cornerback,CB,23,placeholder,85,86,9,58,16,33,41,82,86,13,80,9,11,11,29,19,18,41,32,64,17,49,90,1,76,5,84,60
h-15-1973-vikings-3.iff,144,vikings,1973,0,4,Vikings,Cornerback,CB,25,placeholder,85,98,12,53,17,87,49,99,70,14,72,10,12,13,23,5,5,60,30,59,15,49,32,1,42,5,51,60
h-15-1973-vikings-3.iff,144,vikings,1973,0,5,Vikings,Cornerback,CB,49,placeholder,82,89,9,83,19,88,39,82,72,11,70,8,11,10,23,18,22,37,35,54,23,49,20,1,41,5,79,60
h-15-1973-vikings-3.iff,144,vikings,1973,0,6,Vikings,Cornerback,CB,22,placeholder,87,90,13,64,16,68,51,79,63,8,56,6,13,11,26,26,29,60,41,53,17,49,31,1,30,5,50,56
h-15-1973-vikings-3.iff,144,vikings,1973,0,7,Vikings,Def End,DE,88,placeholder,75,82,10,75,19,86,71,79,46,14,88,28,11,10,22,18,23,26,96,78,19,49,59,99,66,5,88,80
h-15-1973-vikings-3.iff,144,vikings,1973,0,8,Vikings,Def End,DE,79,placeholder,61,71,10,72,22,88,57,73,68,24,87,37,11,11,32,23,30,24,76,77,21,49,36,99,36,5,55,85
h-15-1973-vikings-3.iff,144,vikings,1973,0,9,Vikings,Def End,DE,52,placeholder,59,57,10,43,25,61,77,60,21,25,59,28,10,10,28,40,34,2,44,47,24,49,29,99,25,5,41,24
h-15-1973-vikings-3.iff,144,vikings,1973,0,10,Vikings,Def Tackle,DT,81,placeholder,59,83,10,88,23,85,89,58,24,29,85,34,11,11,38,31,36,14,84,80,22,49,78,99,54,5,71,80
h-15-1973-vikings-3.iff,144,vikings,1973,0,11,Vikings,Def Tackle,DT,72,placeholder,59,63,10,66,22,89,87,52,24,26,79,34,11,11,32,32,36,10,70,84,23,49,70,99,54,5,52,47
h-15-1973-vikings-3.iff,144,vikings,1973,0,12,Vikings,Def Tackle,DT,75,placeholder,70,75,10,60,15,81,59,64,20,19,75,34,11,11,23,23,27,20,74,68,19,49,29,99,46,5,55,24
h-15-1973-vikings-3.iff,144,vikings,1973,0,13,Vikings,Def Tackle,DT,69,placeholder,58,61,10,67,28,72,63,50,33,30,60,32,10,10,39,41,39,29,45,60,29,49,36,99,20,5,73,74
h-15-1973-vikings-3.iff,144,vikings,1973,0,14,Vikings,Full Back,FB,37,placeholder,84,76,16,97,24,92,47,67,15,70,10,41,14,14,88,83,80,95,7,9,26,49,65,99,72,5,28,24
h-15-1973-vikings-3.iff,144,vikings,1973,0,15,Vikings,Full Back,FB,43,placeholder,82,70,16,79,16,92,63,58,11,29,6,59,13,13,44,49,55,72,10,14,15,49,36,99,28,5,19,9
h-15-1973-vikings-3.iff,144,vikings,1973,0,16,Vikings,Safety,FS,27,placeholder,78,79,9,88,18,81,43,62,86,13,80,9,11,11,22,23,20,40,29,80,20,49,92,1,68,5,95,70
h-15-1973-vikings-3.iff,144,vikings,1973,0,17,Vikings,Safety,FS,35,placeholder,78,80,9,97,21,86,61,79,58,12,74,8,11,11,12,23,22,39,44,62,23,49,61,1,62,5,93,54
h-15-1973-vikings-3.iff,144,vikings,1973,0,18,Vikings,Guard,G,67,placeholder,38,57,12,86,23,99,69,45,13,30,27,16,10,10,23,96,90,7,27,28,21,49,83,99,73,5,88,24
h-15-1973-vikings-3.iff,144,vikings,1973,0,19,Vikings,Guard,G,63,placeholder,50,51,12,71,19,94,63,48,6,24,22,9,10,10,10,76,87,8,16,27,15,49,69,99,56,5,49,42
h-15-1973-vikings-3.iff,144,vikings,1973,0,20,Vikings,Guard,G,77,placeholder,54,67,11,76,22,97,57,52,13,30,27,14,10,10,23,70,68,5,26,27,20,49,78,99,55,5,86,46
h-15-1973-vikings-3.iff,144,vikings,1973,0,21,Vikings,Guard,G,65,placeholder,47,56,12,75,19,80,75,55,7,28,26,5,10,10,13,57,53,2,19,26,14,49,27,99,31,5,28,48
h-15-1973-vikings-3.iff,144,vikings,1973,0,22,Vikings,Guard,G,64,placeholder,56,73,14,64,14,79,65,65,19,35,24,34,11,11,31,59,56,16,22,31,17,49,45,99,30,5,33,43
h-15-1973-vikings-3.iff,144,vikings,1973,0,23,Vikings,Half Back,HB,45,placeholder,89,75,15,80,18,90,45,84,11,65,13,84,16,14,72,25,29,88,8,14,21,49,41,50,71,5,69,20
h-15-1973-vikings-3.iff,144,vikings,1973,0,24,Vikings,Half Back,HB,40,placeholder,88,68,17,67,11,87,47,75,29,50,28,81,14,17,55,27,30,94,22,34,12,49,41,50,51,5,70,52
h-15-1973-vikings-3.iff,144,vikings,1973,0,25,Vikings,Half Back,HB,30,placeholder,67,79,15,43,16,71,65,67,39,31,28,83,14,14,62,37,29,96,32,36,17,49,50,99,40,5,54,74
h-15-1973-vikings-3.iff,144,vikings,1973,0,26,Vikings,Half Back,HB,48,placeholder,89,72,23,82,13,94,57,92,12,50,6,77,19,20,61,38,30,72,8,6,12,49,43,99,36,24,41,60
h-15-1973-vikings-3.iff,144,vikings,1973,0,27,Vikings,Half Back,HB,36,placeholder,88,79,17,65,16,72,47,76,13,48,8,75,14,14,49,49,35,90,6,13,19,49,38,99,40,24,41,41
h-15-1973-vikings-3.iff,144,vikings,1973,0,28,Vikings,Linebacker,ILB,59,placeholder,78,69,10,78,4,64,69,84,74,15,90,34,11,11,16,23,20,24,83,89,4,49,79,99,52,5,74,63
h-15-1973-vikings-3.iff,144,vikings,1973,0,29,Vikings,Linebacker,ILB,56,placeholder,80,72,10,81,13,72,63,75,69,23,86,27,11,10,15,34,29,22,74,78,13,49,72,99,53,5,71,61
h-15-1973-vikings-3.iff,144,vikings,1973,0,30,Vikings,Kicker,K,15,placeholder,39,45,10,30,73,54,30,36,13,18,17,13,11,12,6,5,1,29,7,9,56,99,11,50,34,5,74,37
h-15-1973-vikings-3.iff,144,vikings,1973,0,31,Vikings,Linebacker,OLB,60,placeholder,77,71,10,92,13,84,73,85,70,28,89,47,11,11,21,31,29,39,87,89,13,49,75,99,59,5,75,80
h-15-1973-vikings-3.iff,144,vikings,1973,0,32,Vikings,Linebacker,OLB,51,placeholder,69,80,10,97,15,88,55,76,77,19,91,32,11,10,30,31,25,32,88,93,14,49,86,99,71,5,93,70
h-15-1973-vikings-3.iff,144,vikings,1973,0,33,Vikings,Linebacker,OLB,55,placeholder,67,75,10,99,29,83,77,67,44,50,68,50,11,10,47,50,43,24,51,60,29,49,61,99,21,5,28,51
h-15-1973-vikings-3.iff,144,vikings,1973,0,34,Vikings,Linebacker,OLB,57,placeholder,81,79,10,38,17,82,69,67,39,16,58,23,10,10,19,24,20,36,55,49,16,49,19,99,22,5,36,39
h-15-1973-vikings-3.iff,144,vikings,1973,0,35,Vikings,Linebacker,OLB,54,placeholder,71,72,10,74,2,74,63,58,60,18,58,33,11,11,6,21,16,10,55,57,2,49,33,99,26,5,31,24
h-15-1973-vikings-3.iff,144,vikings,1973,0,36,Vikings,Punter,P,18,placeholder,45,45,21,45,74,47,33,37,20,20,29,17,23,25,15,17,14,32,16,12,69,1,33,50,57,5,60,24
h-15-1973-vikings-3.iff,144,vikings,1973,0,37,Vikings,Punter,P,13,placeholder,40,48,21,46,69,86,33,40,20,26,39,18,25,21,10,20,16,14,23,9,68,1,14,50,54,5,70,23
h-15-1973-vikings-3.iff,144,vikings,1973,0,38,Vikings,Quarterback,QB,19,placeholder,81,72,92,49,17,54,49,72,41,29,44,70,83,83,32,28,32,34,20,43,20,49,88,50,98,96,74,24
h-15-1973-vikings-3.iff,144,vikings,1973,0,39,Vikings,Quarterback,QB,17,placeholder,62,86,73,40,9,65,26,68,29,20,29,29,56,69,9,22,21,29,16,20,12,49,64,50,68,44,68,24
h-15-1973-vikings-3.iff,144,vikings,1973,0,40,Vikings,Safety,SS,26,placeholder,87,88,9,91,20,79,43,90,76,13,69,9,11,10,17,27,25,40,41,70,23,49,40,1,43,5,60,70
h-15-1973-vikings-3.iff,144,vikings,1973,0,41,Vikings,Tackle,T,76,placeholder,58,70,11,89,18,95,71,64,11,29,32,15,10,10,19,93,95,9,26,27,16,49,50,99,55,5,85,90
h-15-1973-vikings-3.iff,144,vikings,1973,0,42,Vikings,Tackle,T,62,placeholder,53,66,11,87,18,95,65,55,15,33,30,16,10,10,23,89,85,9,30,27,17,49,77,99,74,5,95,41
h-15-1973-vikings-3.iff,144,vikings,1973,0,43,Vikings,Tackle,T,61,placeholder,48,62,11,50,18,96,67,47,9,23,32,8,10,10,11,66,59,4,28,45,15,49,22,99,40,5,74,47
h-15-1973-vikings-3.iff,144,vikings,1973,0,44,Vikings,Tight End,TE,86,placeholder,72,77,11,70,16,81,55,73,6,76,15,63,11,11,80,73,75,74,8,6,17,49,39,99,64,5,34,24
h-15-1973-vikings-3.iff,144,vikings,1973,0,45,Vikings,Tight End,TE,89,placeholder,75,71,10,46,8,88,63,70,9,75,12,61,11,12,81,69,71,65,14,14,11,49,41,99,45,5,72,40
h-15-1973-vikings-3.iff,144,vikings,1973,0,46,Vikings,Tight End,TE,84,placeholder,66,81,10,44,5,80,65,67,20,54,20,41,11,13,52,63,62,67,9,20,7,49,25,99,25,5,29,51
h-15-1973-vikings-3.iff,144,vikings,1973,0,47,Vikings,Receiver,WR,42,placeholder,82,86,24,46,9,80,42,59,11,94,14,76,25,25,95,64,61,85,7,13,14,49,70,50,73,5,99,24
h-15-1973-vikings-3.iff,144,vikings,1973,0,48,Vikings,Receiver,WR,85,placeholder,96,83,15,72,16,47,32,82,6,86,14,41,16,17,87,46,47,80,10,7,15,49,55,50,38,5,89,80
h-15-1973-vikings-3.iff,144,vikings,1973,0,49,Vikings,Receiver,WR,87,placeholder,83,86,15,44,9,81,37,68,6,77,14,45,16,16,75,19,28,74,11,14,13,49,49,50,70,5,96,45
h-15-1973-vikings-3.iff,144,vikings,1973,0,50,Vikings,Receiver,WR,83,placeholder,86,80,47,39,11,69,10,74,39,79,48,58,41,39,79,31,34,60,24,19,16,49,37,1,22,68,81,79
h-15-1973-vikings-3.iff,144,vikings,1973,0,51,Vikings,Receiver,WR,7,placeholder,89,92,15,69,14,73,33,79,11,79,9,36,16,16,79,41,41,76,8,9,19,49,46,50,41,5,74,24
h-15-1973-vikings-3.iff,144,vikings,1973,0,52,Vikings,Receiver,WR,82,placeholder,91,85,17,51,11,81,11,78,15,72,14,41,15,16,72,32,28,58,6,9,12,49,60,50,32,5,78,52
h-15-1998-vikings-0.iff,145,vikings,1998,0,0,Vikings,Center,C,67,placeholder,37,69,11,91,22,95,61,56,25,16,26,16,10,10,21,92,93,5,28,37,20,49,36,99,68,5,75,48
h-15-1998-vikings-0.iff,145,vikings,1998,0,1,Vikings,Center,C,61,placeholder,43,51,12,95,25,97,53,39,28,16,24,23,11,11,18,87,86,9,30,40,22,49,75,99,74,5,95,43
h-15-1998-vikings-0.iff,145,vikings,1998,0,2,Vikings,Cornerback,CB,32,placeholder,85,86,9,58,16,33,41,82,86,13,80,9,11,11,29,19,18,41,32,64,17,49,90,1,76,5,84,60
h-15-1998-vikings-0.iff,145,vikings,1998,0,3,Corey,Fuller,CB,27,real_name_in_supplied_data,75,83,9,55,16,73,39,68,89,12,79,8,11,10,47,23,25,39,40,70,19,49,64,1,54,5,90,77
h-15-1998-vikings-0.iff,145,vikings,1998,0,4,Vikings,Cornerback,CB,25,placeholder,86,79,9,65,16,98,65,82,70,30,55,8,11,11,28,20,28,49,43,46,19,49,53,1,31,5,48,61
h-15-1998-vikings-0.iff,145,vikings,1998,0,5,Vikings,Cornerback,CB,34,placeholder,90,88,11,66,20,76,49,79,57,8,48,6,11,11,36,34,35,34,43,45,21,49,36,1,22,5,30,42
h-15-1998-vikings-0.iff,145,vikings,1998,0,6,Vikings,Def End,DE,99,placeholder,54,66,11,49,19,89,73,58,3,16,75,26,11,10,19,27,23,4,79,70,19,49,20,99,53,5,73,61
h-15-1998-vikings-0.iff,145,vikings,1998,0,7,Duane,Clemons,DE,92,real_name_in_supplied_data,61,71,10,72,22,88,57,73,68,24,87,37,11,11,32,23,30,24,76,77,21,49,36,99,36,5,55,85
h-15-1998-vikings-0.iff,145,vikings,1998,0,8,Vikings,Def End,DE,90,placeholder,61,69,11,55,13,79,61,58,39,25,60,31,13,11,15,25,25,22,78,68,14,49,27,99,27,5,50,66
h-15-1998-vikings-0.iff,145,vikings,1998,0,9,Vikings,Def End,DE,98,placeholder,54,61,10,70,20,87,65,58,21,23,68,31,11,11,27,21,29,14,67,66,17,49,37,99,29,5,13,46
h-15-1998-vikings-0.iff,145,vikings,1998,0,10,Vikings,Def Tackle,DT,96,placeholder,59,83,10,88,23,85,89,58,24,29,85,34,11,11,38,31,36,14,84,80,22,49,78,99,54,5,71,80
h-15-1998-vikings-0.iff,145,vikings,1998,0,11,Vikings,Def Tackle,DT,93,placeholder,57,63,11,65,24,72,51,56,28,21,85,31,11,10,28,35,27,12,69,87,23,49,41,99,62,5,95,74
h-15-1998-vikings-0.iff,145,vikings,1998,0,12,Jason,Fisk,DT,72,real_name_in_supplied_data,49,63,11,64,24,84,87,52,28,23,74,31,10,10,31,36,31,4,72,69,25,49,37,99,45,5,40,72
h-15-1998-vikings-0.iff,145,vikings,1998,0,13,Tony,Williams,DT,94,real_name_in_supplied_data,57,80,11,76,23,75,75,52,21,23,70,29,11,10,26,31,25,2,74,74,23,49,29,99,50,5,51,85
h-15-1998-vikings-0.iff,145,vikings,1998,0,14,Vikings,Full Back,FB,45,placeholder,77,83,18,92,22,91,67,67,6,65,5,91,14,16,76,67,65,65,10,14,21,49,74,99,68,5,66,66
h-15-1998-vikings-0.iff,145,vikings,1998,0,15,Vikings,Full Back,FB,35,placeholder,84,72,16,87,19,94,57,67,8,41,12,31,14,14,45,70,69,89,11,6,21,49,34,99,37,5,22,52
h-15-1998-vikings-0.iff,145,vikings,1998,0,16,Robert,Griffith,FS,24,real_name_in_supplied_data,84,85,10,93,20,87,41,70,77,13,80,9,11,10,26,22,24,40,44,72,23,49,50,1,58,5,63,68
h-15-1998-vikings-0.iff,145,vikings,1998,0,17,Vikings,Guard,G,65,placeholder,49,37,14,79,24,96,75,44,17,31,27,22,10,10,21,90,88,9,27,30,22,49,84,99,83,5,58,51
h-15-1998-vikings-0.iff,145,vikings,1998,0,18,David,Dixon,G,71,real_name_in_supplied_data,41,51,11,71,18,99,65,41,14,30,28,19,10,10,21,88,83,8,27,28,17,49,41,99,63,5,83,43
h-15-1998-vikings-0.iff,145,vikings,1998,0,19,Vikings,Guard,G,68,placeholder,52,56,12,99,27,99,67,52,20,40,36,20,10,11,32,74,71,8,36,28,26,49,78,99,61,5,49,49
h-15-1998-vikings-0.iff,145,vikings,1998,0,20,Vikings,Guard,G,74,placeholder,33,57,10,76,19,94,75,59,29,44,32,41,11,14,40,65,54,10,32,23,19,49,51,99,50,5,46,1
h-15-1998-vikings-0.iff,145,vikings,1998,0,21,Vikings,Half Back,HB,23,placeholder,90,72,24,90,14,82,37,78,15,86,15,89,22,24,87,38,51,89,9,8,18,49,84,1,66,5,58,73
h-15-1998-vikings-0.iff,145,vikings,1998,0,22,Harold,Morrow,HB,33,real_name_in_supplied_data,80,76,23,82,13,96,73,95,12,32,6,86,19,20,52,61,59,86,8,6,12,49,43,50,45,5,42,68
h-15-1998-vikings-0.iff,145,vikings,1998,0,23,Vikings,Half Back,HB,22,placeholder,88,74,21,68,10,94,41,74,13,64,8,65,25,21,58,25,30,94,9,11,12,49,40,50,49,5,84,48
h-15-1998-vikings-0.iff,145,vikings,1998,0,24,Moe,Williams,HB,21,real_name_in_supplied_data,86,77,15,58,11,91,69,78,14,71,9,78,14,14,34,31,28,99,11,8,16,49,41,50,50,5,42,72
h-15-1998-vikings-0.iff,145,vikings,1998,0,25,Vikings,Linebacker,ILB,51,placeholder,77,76,10,79,11,87,65,68,74,21,82,25,11,10,19,30,23,16,71,76,11,49,28,99,44,5,65,74
h-15-1998-vikings-0.iff,145,vikings,1998,0,26,Kailee,Wong,ILB,52,real_name_in_supplied_data,75,87,13,67,16,77,83,70,60,22,71,30,11,11,24,23,26,10,58,65,15,49,31,99,45,5,47,24
h-15-1998-vikings-0.iff,145,vikings,1998,0,27,Vikings,Linebacker,ILB,53,placeholder,79,71,10,84,13,88,57,58,70,26,71,26,10,10,8,33,28,16,56,67,14,49,45,99,22,5,69,68
h-15-1998-vikings-0.iff,145,vikings,1998,0,28,Vikings,Kicker,K,9,placeholder,38,43,11,43,95,96,34,39,19,21,42,17,11,12,20,26,21,33,16,12,97,99,62,50,99,5,89,22
h-15-1998-vikings-0.iff,145,vikings,1998,0,29,Dwayne,Rudd,OLB,57,real_name_in_supplied_data,80,80,10,97,11,87,77,68,70,18,83,28,11,10,20,30,23,30,68,84,11,49,57,99,48,5,57,88
h-15-1998-vikings-0.iff,145,vikings,1998,0,30,Vikings,Linebacker,OLB,50,placeholder,76,94,10,83,11,87,73,72,71,20,84,26,11,10,15,35,27,20,79,69,11,49,52,99,43,5,48,83
h-15-1998-vikings-0.iff,145,vikings,1998,0,31,Vikings,Linebacker,OLB,55,placeholder,73,72,10,71,9,69,53,72,72,18,82,25,11,10,23,30,23,22,68,79,10,49,64,99,39,5,68,94
h-15-1998-vikings-0.iff,145,vikings,1998,0,32,Vikings,Linebacker,OLB,56,placeholder,72,81,10,62,4,84,67,88,63,17,66,28,11,11,13,12,8,10,65,70,4,49,30,99,35,5,32,45
h-15-1998-vikings-0.iff,145,vikings,1998,0,33,Mitch,Berger,P,17,real_name_in_supplied_data,43,48,21,49,82,76,37,49,19,20,46,17,23,21,15,23,14,28,16,12,80,1,32,50,80,5,62,24
h-15-1998-vikings-0.iff,145,vikings,1998,0,34,Vikings,Quarterback,QB,7,placeholder,84,77,86,38,19,84,41,75,39,33,41,46,78,79,35,24,24,30,38,27,22,49,83,50,80,80,80,24
h-15-1998-vikings-0.iff,145,vikings,1998,0,35,Brad,Johnson,QB,14,real_name_in_supplied_data,58,67,75,29,7,71,39,47,27,18,23,18,85,88,14,25,24,35,14,20,11,49,73,50,90,47,90,24
h-15-1998-vikings-0.iff,145,vikings,1998,0,36,Jay,Fiedler,QB,11,real_name_in_supplied_data,69,65,77,62,5,52,30,68,24,19,23,12,76,79,11,21,21,60,12,19,9,49,86,50,81,78,73,24
h-15-1998-vikings-0.iff,145,vikings,1998,0,37,Vikings,Safety,SS,42,placeholder,88,81,10,91,14,46,51,75,82,35,83,9,11,10,23,19,20,49,53,85,19,49,49,1,61,5,95,65
h-15-1998-vikings-0.iff,145,vikings,1998,0,38,Vikings,Safety,SS,38,placeholder,83,89,9,53,15,82,49,87,78,11,79,8,11,10,23,20,21,37,33,72,15,49,17,1,45,5,58,64
h-15-1998-vikings-0.iff,145,vikings,1998,0,39,Vikings,Safety,SS,26,placeholder,87,82,12,80,23,87,51,92,70,9,69,6,13,11,19,40,40,36,50,60,23,49,69,1,41,5,61,50
h-15-1998-vikings-0.iff,145,vikings,1998,0,40,Todd,Steussie,T,73,real_name_in_supplied_data,55,62,12,80,19,98,81,61,13,26,24,26,11,10,17,76,86,14,27,31,17,49,75,99,71,5,70,48
h-15-1998-vikings-0.iff,145,vikings,1998,0,41,Vikings,Tackle,T,77,placeholder,44,67,12,75,14,97,71,55,24,41,30,43,11,11,38,74,82,14,27,26,16,49,51,99,52,5,71,41
h-15-1998-vikings-0.iff,145,vikings,1998,0,42,Matt,Birk,T,78,real_name_in_supplied_data,51,52,11,85,13,99,67,45,28,33,34,46,11,16,49,75,71,17,24,23,18,49,55,99,47,5,65,24
h-15-1998-vikings-0.iff,145,vikings,1998,0,43,Chris,Liwienski,T,76,real_name_in_supplied_data,49,54,11,74,10,90,68,48,24,28,29,42,11,16,39,81,57,17,18,23,15,49,48,99,45,5,65,24
h-15-1998-vikings-0.iff,145,vikings,1998,0,44,Vikings,Tight End,TE,82,placeholder,73,64,10,13,5,87,49,66,28,81,19,58,11,10,86,67,66,76,8,22,8,49,13,99,51,5,86,60
h-15-1998-vikings-0.iff,145,vikings,1998,0,45,Vikings,Tight End,TE,85,placeholder,79,79,10,46,8,74,75,67,9,64,12,40,11,12,66,46,43,65,14,14,11,49,31,99,39,5,59,24
h-15-1998-vikings-0.iff,145,vikings,1998,0,46,Hunter,Goodwin,TE,87,real_name_in_supplied_data,65,70,10,49,12,88,63,61,10,59,7,41,11,10,61,75,71,72,8,10,14,49,24,99,48,5,62,24
h-15-1998-vikings-0.iff,145,vikings,1998,0,47,Vikings,Receiver,WR,80,placeholder,85,79,15,72,12,81,40,62,14,85,10,67,16,16,84,60,62,80,7,8,16,49,56,99,57,5,99,80
h-15-1998-vikings-0.iff,145,vikings,1998,0,48,Randy,Moss,WR,84,real_name_in_supplied_data,95,82,27,60,13,86,41,78,15,96,13,79,27,28,94,38,38,85,14,14,17,49,79,99,55,5,80,98
h-15-1998-vikings-0.iff,145,vikings,1998,0,49,Vikings,Receiver,WR,83,placeholder,85,74,15,49,7,68,27,72,11,70,6,47,14,15,72,45,47,59,9,7,12,49,51,50,48,5,42,57
h-15-1998-vikings-0.iff,145,vikings,1998,0,50,Matthew,Hatchette,WR,19,real_name_in_supplied_data,89,89,17,53,12,69,35,81,12,82,9,42,15,16,76,43,35,74,10,5,13,49,35,1,39,5,95,52
h-15-1998-vikings-0.iff,145,vikings,1998,0,51,Vikings,Receiver,WR,88,placeholder,83,86,15,44,9,81,37,68,6,77,14,45,16,16,75,19,28,74,11,14,13,49,49,50,70,5,96,45
h-15-1998-vikings-0.iff,145,vikings,1998,0,52,Vikings,Receiver,WR,28,placeholder,88,81,15,32,9,73,16,59,11,65,10,31,14,14,70,44,48,68,9,13,13,49,21,1,20,5,84,57
h-16-1985-patriots-5.iff,146,patriots,1985,0,0,Patriots,Center,C,51,placeholder,43,51,12,95,25,97,53,39,28,16,24,23,11,11,18,87,86,9,30,40,22,49,75,99,74,5,95,43
h-16-1985-patriots-5.iff,146,patriots,1985,0,1,Patriots,Center,C,75,placeholder,43,61,11,83,21,87,67,65,37,41,32,38,14,11,41,61,60,9,41,37,17,49,51,99,28,5,46,62
h-16-1985-patriots-5.iff,146,patriots,1985,0,2,Patriots,Center,C,65,placeholder,35,50,11,87,17,81,55,49,15,20,22,4,10,10,32,54,54,1,20,30,15,49,35,99,29,5,90,74
h-16-1985-patriots-5.iff,146,patriots,1985,0,3,Patriots,Cornerback,CB,23,placeholder,87,86,9,70,18,83,45,82,95,14,74,10,11,11,42,19,26,43,30,60,19,49,84,1,79,5,86,78
h-16-1985-patriots-5.iff,146,patriots,1985,0,4,Patriots,Cornerback,CB,42,placeholder,87,97,9,53,14,87,35,68,90,10,74,7,11,10,11,15,18,37,55,63,15,49,15,1,55,5,85,67
h-16-1985-patriots-5.iff,146,patriots,1985,0,5,Patriots,Cornerback,CB,26,placeholder,92,76,11,71,19,72,41,85,78,19,72,39,11,11,26,34,39,51,33,52,21,49,36,1,39,5,45,42
h-16-1985-patriots-5.iff,146,patriots,1985,0,6,Patriots,Cornerback,CB,46,placeholder,86,74,9,45,19,79,31,73,65,12,57,8,11,10,12,25,29,39,32,45,19,49,27,1,22,5,55,54
h-16-1985-patriots-5.iff,146,patriots,1985,0,7,Patriots,Cornerback,CB,28,placeholder,82,81,9,88,21,69,41,61,56,13,49,9,11,10,19,29,27,41,29,41,23,49,42,1,20,5,24,57
h-16-1985-patriots-5.iff,146,patriots,1985,0,8,Patriots,Def End,DE,60,placeholder,75,82,10,75,19,86,71,79,46,14,88,28,11,10,22,18,23,26,96,78,19,49,59,99,66,5,88,80
h-16-1985-patriots-5.iff,146,patriots,1985,0,9,Patriots,Def End,DE,84,placeholder,91,88,11,60,15,79,51,82,41,25,90,33,13,11,22,21,26,12,94,83,17,49,69,99,50,5,79,85
h-16-1985-patriots-5.iff,146,patriots,1985,0,10,Patriots,Def End,DE,72,placeholder,76,64,10,70,20,79,73,64,46,18,85,29,11,10,19,27,20,18,93,80,20,49,70,99,66,5,51,81
h-16-1985-patriots-5.iff,146,patriots,1985,0,11,Patriots,Def Tackle,DT,77,placeholder,72,60,11,63,22,75,71,61,20,18,98,31,11,10,20,23,22,10,97,90,21,49,92,99,65,5,98,99
h-16-1985-patriots-5.iff,146,patriots,1985,0,12,Patriots,Def Tackle,DT,90,placeholder,63,77,10,70,22,57,69,53,31,24,89,38,11,11,24,33,36,26,76,94,20,49,56,99,63,5,73,51
h-16-1985-patriots-5.iff,146,patriots,1985,0,13,Patriots,Def Tackle,DT,99,placeholder,56,68,13,67,16,72,67,82,10,22,76,30,11,11,24,23,26,10,77,74,15,49,31,99,38,5,50,42
h-16-1985-patriots-5.iff,146,patriots,1985,0,14,Patriots,Def Tackle,DT,98,placeholder,64,67,11,58,11,78,61,38,10,23,64,31,11,11,18,21,27,10,51,58,13,49,33,99,34,5,50,24
h-16-1985-patriots-5.iff,146,patriots,1985,0,15,Patriots,Full Back,FB,37,placeholder,77,83,18,92,22,91,67,67,6,65,5,91,14,16,76,67,65,65,10,14,21,49,74,99,68,5,66,66
h-16-1985-patriots-5.iff,146,patriots,1985,0,16,Patriots,Full Back,FB,40,placeholder,82,70,16,79,16,92,63,58,11,29,6,59,13,13,44,49,55,72,10,14,15,49,36,99,28,5,19,9
h-16-1985-patriots-5.iff,146,patriots,1985,0,17,Patriots,Safety,FS,31,placeholder,82,86,9,90,23,87,41,64,77,11,82,8,11,10,26,35,30,37,36,74,24,49,45,1,55,5,88,67
h-16-1985-patriots-5.iff,146,patriots,1985,0,18,Patriots,Safety,FS,24,placeholder,82,80,12,70,20,59,55,61,50,9,47,6,13,11,24,28,34,36,40,42,17,49,32,1,20,5,21,41
h-16-1985-patriots-5.iff,146,patriots,1985,0,19,Patriots,Guard,G,76,placeholder,50,66,12,92,23,94,61,55,13,43,28,16,10,11,50,98,93,8,28,27,21,49,80,99,87,5,94,42
h-16-1985-patriots-5.iff,146,patriots,1985,0,20,Patriots,Guard,G,68,placeholder,40,47,12,76,24,97,59,41,17,32,30,18,10,10,29,85,85,7,30,28,23,49,39,99,58,5,90,42
h-16-1985-patriots-5.iff,146,patriots,1985,0,21,Patriots,Guard,G,66,placeholder,41,42,11,90,17,98,69,39,13,28,26,18,10,10,17,57,61,11,24,28,16,49,47,99,49,5,81,39
h-16-1985-patriots-5.iff,146,patriots,1985,0,22,Patriots,Guard,G,63,placeholder,49,65,11,83,21,94,95,42,37,41,32,38,14,11,41,72,70,9,41,37,17,49,51,99,53,5,20,2
h-16-1985-patriots-5.iff,146,patriots,1985,0,23,Patriots,Half Back,HB,36,placeholder,83,86,15,70,11,91,49,75,11,72,11,82,14,15,75,36,24,52,10,10,15,49,69,50,58,5,86,78
h-16-1985-patriots-5.iff,146,patriots,1985,0,24,Patriots,Half Back,HB,25,placeholder,82,63,12,44,16,95,63,67,38,45,41,63,14,14,52,26,25,81,30,33,17,49,20,99,23,5,66,91
h-16-1985-patriots-5.iff,146,patriots,1985,0,25,Patriots,Half Back,HB,30,placeholder,79,70,17,69,14,87,53,68,10,48,6,78,15,16,39,40,43,64,6,14,15,49,43,50,24,5,64,83
h-16-1985-patriots-5.iff,146,patriots,1985,0,26,Patriots,Half Back,HB,27,placeholder,87,72,17,70,11,73,73,82,13,46,8,74,14,16,48,30,20,43,9,7,12,49,41,99,34,24,34,24
h-16-1985-patriots-5.iff,146,patriots,1985,0,27,Patriots,Linebacker,ILB,52,placeholder,78,69,10,78,4,64,69,84,74,15,90,34,11,11,16,23,20,24,83,89,4,49,79,99,52,5,74,63
h-16-1985-patriots-5.iff,146,patriots,1985,0,28,Patriots,Linebacker,ILB,55,placeholder,72,69,10,94,14,89,55,65,76,22,83,30,11,10,26,34,27,30,73,77,14,49,69,99,54,5,72,63
h-16-1985-patriots-5.iff,146,patriots,1985,0,29,Patriots,Linebacker,ILB,94,placeholder,72,82,10,87,13,88,63,58,70,19,83,29,11,10,28,31,25,32,63,84,13,49,77,99,36,5,79,74
h-16-1985-patriots-5.iff,146,patriots,1985,0,30,Patriots,Linebacker,ILB,57,placeholder,84,81,10,80,4,82,55,73,70,22,76,26,11,10,11,28,25,22,60,76,2,49,41,99,25,5,12,79
h-16-1985-patriots-5.iff,146,patriots,1985,0,31,Patriots,Kicker,K,9,placeholder,40,43,22,48,90,86,41,42,26,29,30,28,27,22,34,31,23,32,31,35,86,99,26,50,73,5,55,80
h-16-1985-patriots-5.iff,146,patriots,1985,0,32,Patriots,Linebacker,OLB,53,placeholder,82,86,10,99,11,84,63,64,85,20,99,28,11,10,26,27,21,26,68,98,11,49,90,99,70,5,90,82
h-16-1985-patriots-5.iff,146,patriots,1985,0,33,Patriots,Linebacker,OLB,59,placeholder,86,78,10,91,14,97,59,79,76,19,94,36,11,11,28,35,29,28,78,93,11,49,79,99,49,5,83,99
h-16-1985-patriots-5.iff,146,patriots,1985,0,34,Patriots,Linebacker,OLB,58,placeholder,72,78,10,81,16,89,73,76,63,28,71,28,11,10,10,39,32,18,88,65,16,49,46,99,41,5,82,89
h-16-1985-patriots-5.iff,146,patriots,1985,0,35,Patriots,Linebacker,OLB,54,placeholder,74,68,10,83,6,85,63,75,73,13,76,26,11,10,11,21,16,30,55,77,6,49,49,99,42,5,59,74
h-16-1985-patriots-5.iff,146,patriots,1985,0,36,Patriots,Punter,P,8,placeholder,43,48,48,46,87,78,37,50,20,19,48,17,50,45,21,19,16,36,18,12,82,1,37,50,89,5,22,24
h-16-1985-patriots-5.iff,146,patriots,1985,0,37,Patriots,Quarterback,QB,18,placeholder,53,60,96,72,9,72,41,52,29,21,28,18,86,83,21,31,28,28,20,22,13,49,93,50,91,20,88,24
h-16-1985-patriots-5.iff,146,patriots,1985,0,38,Patriots,Quarterback,QB,15,placeholder,63,73,88,50,11,85,39,48,31,30,29,18,79,84,46,27,26,70,22,20,14,49,71,50,79,67,60,24
h-16-1985-patriots-5.iff,146,patriots,1985,0,39,Patriots,Quarterback,QB,3,placeholder,53,57,80,29,16,50,38,48,33,27,32,46,76,68,25,20,20,28,35,31,16,49,50,50,53,23,40,24
h-16-1985-patriots-5.iff,146,patriots,1985,0,40,Patriots,Safety,SS,38,placeholder,75,77,10,84,50,73,59,73,90,40,99,10,11,11,42,24,23,48,67,97,17,99,85,1,75,5,93,68
h-16-1985-patriots-5.iff,146,patriots,1985,0,41,Patriots,Safety,SS,41,placeholder,89,95,11,88,19,81,51,82,61,8,51,6,11,11,3,29,29,34,63,47,19,49,52,1,31,5,35,24
h-16-1985-patriots-5.iff,146,patriots,1985,0,42,Patriots,Tackle,T,62,placeholder,50,59,11,97,16,96,71,62,26,43,42,50,11,16,53,79,80,20,27,23,18,49,62,99,54,5,75,41
h-16-1985-patriots-5.iff,146,patriots,1985,0,43,Patriots,Tackle,T,73,placeholder,44,48,11,83,19,95,69,41,15,31,36,19,10,11,26,95,99,13,30,28,18,49,88,99,85,5,95,48
h-16-1985-patriots-5.iff,146,patriots,1985,0,44,Patriots,Tackle,T,79,placeholder,49,54,11,74,10,90,68,48,24,28,29,42,11,16,39,81,57,17,18,23,15,49,48,99,45,5,65,24
h-16-1985-patriots-5.iff,146,patriots,1985,0,45,Patriots,Tight End,TE,81,placeholder,72,77,11,70,16,81,55,73,6,76,15,63,11,11,80,73,75,74,8,6,17,49,39,99,64,5,34,24
h-16-1985-patriots-5.iff,146,patriots,1985,0,46,Patriots,Tight End,TE,82,placeholder,64,71,10,46,8,76,55,67,9,52,12,32,11,12,77,73,75,65,14,14,11,49,31,99,37,5,29,23
h-16-1985-patriots-5.iff,146,patriots,1985,0,47,Patriots,Receiver,WR,83,placeholder,85,79,15,72,12,81,40,62,14,85,10,67,16,16,84,60,62,80,7,8,16,49,56,99,57,5,99,80
h-16-1985-patriots-5.iff,146,patriots,1985,0,48,Patriots,Receiver,WR,80,placeholder,81,78,15,77,14,68,68,67,6,96,15,91,16,16,89,53,53,90,11,5,18,49,44,99,35,5,73,99
h-16-1985-patriots-5.iff,146,patriots,1985,0,49,Patriots,Receiver,WR,22,placeholder,79,68,15,55,19,78,38,62,11,81,13,56,14,14,81,69,68,74,6,13,19,49,22,99,61,5,79,12
h-16-1985-patriots-5.iff,146,patriots,1985,0,50,Patriots,Receiver,WR,86,placeholder,87,74,15,55,5,63,33,79,12,74,15,47,14,14,84,46,41,68,6,12,11,49,58,50,53,5,73,24
h-16-1985-patriots-5.iff,146,patriots,1985,0,51,Patriots,Receiver,WR,88,placeholder,89,92,15,69,14,73,33,79,11,79,9,36,16,16,79,41,41,76,8,9,19,49,46,50,41,5,74,24
h-16-1985-patriots-5.iff,146,patriots,1985,0,52,Patriots,Receiver,WR,87,placeholder,84,84,13,32,8,78,38,64,9,67,8,47,14,14,69,45,32,64,8,10,13,49,31,1,37,5,98,48
h-16-2001-patriots-0.iff,147,patriots,2001,1,0,Damien,Woody,C,65,real_name_in_supplied_data,50,43,12,95,19,98,71,53,28,43,31,49,11,11,39,84,89,20,48,50,20,49,82,99,59,5,75,59
h-16-2001-patriots-0.iff,147,patriots,2001,1,1,Grey,Ruegamer,C,67,real_name_in_supplied_data,50,65,11,76,17,74,71,62,6,8,16,7,10,10,9,39,43,8,11,33,13,49,27,99,23,5,26,22
h-16-2001-patriots-0.iff,147,patriots,2001,1,2,Ty,Law,CB,24,real_name_in_supplied_data,87,86,9,81,16,82,61,82,90,12,80,8,12,10,42,16,16,39,44,70,17,49,92,1,75,5,82,47
h-16-2001-patriots-0.iff,147,patriots,2001,1,3,Otis,Smith,CB,45,real_name_in_supplied_data,86,80,9,62,18,55,39,73,78,14,76,10,11,11,23,20,24,43,40,60,20,49,48,1,76,5,88,38
h-16-2001-patriots-0.iff,147,patriots,2001,1,4,Patriots,Cornerback,CB,22,placeholder,88,88,9,75,14,89,47,79,81,12,51,8,12,11,38,6,10,39,26,49,17,49,41,1,55,5,69,80
h-16-2001-patriots-0.iff,147,patriots,2001,1,5,Patriots,Cornerback,CB,23,placeholder,87,75,12,60,18,64,45,84,89,6,60,4,13,11,27,23,26,30,37,61,19,49,31,1,40,5,60,79
h-16-2001-patriots-0.iff,147,patriots,2001,1,6,Patriots,Cornerback,CB,38,placeholder,87,90,13,64,16,68,51,79,63,8,56,6,13,11,26,26,29,60,41,53,17,49,31,1,30,5,50,56
h-16-2001-patriots-0.iff,147,patriots,2001,1,7,Patriots,Def End,DE,91,placeholder,54,66,11,49,19,89,73,58,3,16,75,26,11,10,19,27,23,4,79,70,19,49,20,99,53,5,73,61
h-16-2001-patriots-0.iff,147,patriots,2001,1,8,Patriots,Def End,DE,98,placeholder,80,74,10,60,19,79,69,59,49,17,77,26,11,10,23,23,24,20,79,76,20,49,64,99,50,5,71,72
h-16-2001-patriots-0.iff,147,patriots,2001,1,9,Patriots,Def End,DE,57,placeholder,75,68,10,55,19,71,63,58,47,15,81,28,11,11,23,28,25,30,74,72,19,49,63,99,72,5,68,61
h-16-2001-patriots-0.iff,147,patriots,2001,1,10,Patriots,Def End,DE,92,placeholder,57,66,10,49,19,83,59,59,15,17,66,25,11,10,20,20,21,4,63,62,19,49,21,99,30,5,68,88
h-16-2001-patriots-0.iff,147,patriots,2001,1,11,Patriots,Def End,DE,97,placeholder,62,65,11,43,19,82,59,60,11,14,64,26,10,11,16,26,21,38,52,63,17,49,48,99,28,5,48,47
h-16-2001-patriots-0.iff,147,patriots,2001,1,12,Brandon,Mitchell,DT,96,real_name_in_supplied_data,50,63,11,57,22,85,77,64,18,14,77,31,11,11,24,29,26,22,78,78,20,49,62,99,63,5,72,74
h-16-2001-patriots-0.iff,147,patriots,2001,1,13,Richard,Seymour,DT,93,real_name_in_supplied_data,64,62,11,41,24,87,75,58,24,24,84,29,10,11,30,37,30,4,47,81,24,49,42,99,59,5,69,69
h-16-2001-patriots-0.iff,147,patriots,2001,1,14,Willie,Mcginest,DT,55,real_name_in_supplied_data,56,62,10,73,19,77,77,61,23,28,78,34,11,11,30,28,36,16,70,65,21,49,41,99,43,5,21,24
h-16-2001-patriots-0.iff,147,patriots,2001,1,15,Marc,Edwards,FB,44,real_name_in_supplied_data,63,87,16,96,22,95,69,70,12,59,13,51,14,14,69,71,69,88,13,9,22,49,58,99,45,5,26,73
h-16-2001-patriots-0.iff,147,patriots,2001,1,16,Lawyer,Milloy,FS,36,real_name_in_supplied_data,84,85,10,93,20,87,41,70,77,13,80,9,11,10,26,22,24,40,44,72,23,49,50,1,58,5,63,68
h-16-2001-patriots-0.iff,147,patriots,2001,1,17,Hakim,Akbar,FS,29,real_name_in_supplied_data,88,90,9,73,16,81,41,84,69,14,81,10,11,10,10,22,19,41,48,60,15,49,32,1,39,5,46,80
h-16-2001-patriots-0.iff,147,patriots,2001,1,18,Mike,Compton,G,77,real_name_in_supplied_data,43,56,12,72,19,99,59,42,7,19,22,14,10,11,11,76,81,13,15,27,16,49,47,99,66,5,87,51
h-16-2001-patriots-0.iff,147,patriots,2001,1,19,Joe,Andruzzi,G,63,real_name_in_supplied_data,39,48,12,76,24,96,58,39,14,33,29,16,10,10,24,80,84,7,28,27,22,49,38,99,60,5,88,24
h-16-2001-patriots-0.iff,147,patriots,2001,1,20,Kenyatta,Jones,G,74,real_name_in_supplied_data,54,67,11,76,22,97,57,52,13,30,27,14,10,10,23,70,68,5,26,27,20,49,78,99,55,5,86,46
h-16-2001-patriots-0.iff,147,patriots,2001,1,21,Antowain,Smith,HB,32,real_name_in_supplied_data,86,74,15,93,14,94,49,78,7,49,11,78,15,16,48,37,37,91,8,9,18,49,79,50,51,5,66,74
h-16-2001-patriots-0.iff,147,patriots,2001,1,22,Kevin,Faulk,HB,33,real_name_in_supplied_data,88,74,21,68,10,94,41,74,13,64,8,65,25,21,58,25,30,94,9,11,12,49,40,50,49,5,84,48
h-16-2001-patriots-0.iff,147,patriots,2001,1,23,J.R.,Redmond,HB,21,real_name_in_supplied_data,86,77,15,79,14,91,41,65,11,52,7,56,14,16,51,27,25,79,6,7,16,49,43,50,20,5,37,70
h-16-2001-patriots-0.iff,147,patriots,2001,1,24,Patrick,Pass,HB,35,real_name_in_supplied_data,87,72,17,70,11,73,73,82,13,46,8,74,14,16,48,30,20,43,9,7,12,49,41,99,34,24,34,24
h-16-2001-patriots-0.iff,147,patriots,2001,1,25,Tedy,Bruschi,ILB,54,real_name_in_supplied_data,65,79,10,85,13,69,65,78,77,23,85,27,11,10,20,33,27,18,75,79,13,49,71,99,53,5,78,69
h-16-2001-patriots-0.iff,147,patriots,2001,1,26,Matt,Chatham,ILB,59,real_name_in_supplied_data,72,82,10,87,13,88,63,58,70,19,83,29,11,10,28,31,25,32,63,84,13,49,77,99,36,5,79,74
h-16-2001-patriots-0.iff,147,patriots,2001,1,27,Patriots,Linebacker,ILB,56,placeholder,84,81,10,80,4,82,55,73,70,22,76,26,11,10,11,28,25,22,60,76,2,49,41,99,25,5,12,79
h-16-2001-patriots-0.iff,147,patriots,2001,1,28,Patriots,Linebacker,ILB,51,placeholder,74,61,10,86,10,67,65,75,61,23,67,37,11,11,16,28,24,12,65,66,13,49,43,99,36,5,38,24
h-16-2001-patriots-0.iff,147,patriots,2001,1,29,Adam,Vinatieri,K,4,real_name_in_supplied_data,38,43,11,43,95,96,34,39,19,21,42,17,11,12,20,26,21,33,16,12,97,99,62,50,99,5,89,22
h-16-2001-patriots-0.iff,147,patriots,2001,1,30,Mike,Vrabel,OLB,50,real_name_in_supplied_data,63,70,10,80,10,86,65,56,71,19,85,26,11,10,25,16,21,14,78,79,13,49,60,99,53,5,72,60
h-16-2001-patriots-0.iff,147,patriots,2001,1,31,Roman,Phifer,OLB,95,real_name_in_supplied_data,80,80,10,71,4,86,63,79,77,15,85,31,11,11,12,15,11,12,80,86,5,49,26,99,55,5,67,62
h-16-2001-patriots-0.iff,147,patriots,2001,1,32,Larry,Izzo,OLB,53,real_name_in_supplied_data,82,76,9,85,23,79,53,99,55,11,59,8,11,10,17,37,37,5,41,47,25,49,46,99,26,5,71,57
h-16-2001-patriots-0.iff,147,patriots,2001,1,33,Ted,Johnson,OLB,52,real_name_in_supplied_data,78,66,10,90,16,66,53,69,53,43,63,42,11,10,34,38,37,24,39,59,16,49,36,99,25,5,45,51
h-16-2001-patriots-0.iff,147,patriots,2001,1,34,Patriots,Linebacker,OLB,90,placeholder,74,74,10,99,29,76,67,58,50,50,60,50,11,10,47,50,43,24,52,34,29,49,61,99,20,5,54,51
h-16-2001-patriots-0.iff,147,patriots,2001,1,35,Patriots,Punter,P,19,placeholder,40,47,22,43,76,81,38,39,13,13,20,14,23,23,10,18,16,34,9,12,62,1,1,50,67,5,48,24
h-16-2001-patriots-0.iff,147,patriots,2001,1,36,Patriots,Punter,P,16,placeholder,46,53,19,63,65,89,37,45,17,18,37,28,22,17,23,13,9,34,5,5,69,1,11,50,54,5,77,24
h-16-2001-patriots-0.iff,147,patriots,2001,1,37,Tom,Brady,QB,12,real_name_in_supplied_data,54,72,84,50,19,95,13,41,13,21,18,45,84,79,4,20,6,19,1,8,17,49,92,50,84,38,76,24
h-16-2001-patriots-0.iff,147,patriots,2001,1,38,Drew,Bledsoe,QB,11,real_name_in_supplied_data,53,60,96,72,9,72,41,52,29,21,28,18,86,83,21,31,28,28,20,22,13,49,93,50,91,20,60,24
h-16-2001-patriots-0.iff,147,patriots,2001,1,39,Tebucky,Jones,SS,34,real_name_in_supplied_data,88,67,10,93,12,88,51,67,93,35,97,9,11,10,43,18,18,49,66,96,16,49,94,1,60,5,93,82
h-16-2001-patriots-0.iff,147,patriots,2001,1,40,Je'Rod,Cherry,SS,30,real_name_in_supplied_data,80,81,9,34,16,88,39,68,55,12,61,8,10,10,11,23,20,6,37,48,14,49,17,1,31,5,55,61
h-16-2001-patriots-0.iff,147,patriots,2001,1,41,Matt,Light,T,72,real_name_in_supplied_data,44,67,12,75,14,97,71,55,24,41,30,43,11,11,38,74,82,14,27,26,16,49,51,99,52,5,71,41
h-16-2001-patriots-0.iff,147,patriots,2001,1,42,Patriots,Tackle,T,64,placeholder,28,36,11,70,14,98,65,45,8,27,20,15,10,10,1,74,76,1,19,27,14,49,34,99,44,5,77,44
h-16-2001-patriots-0.iff,147,patriots,2001,1,43,Patriots,Tackle,T,66,placeholder,53,45,14,72,16,97,81,50,27,33,23,35,11,11,32,73,83,16,20,30,13,49,48,99,40,5,16,46
h-16-2001-patriots-0.iff,147,patriots,2001,1,44,Grant,Williams,T,76,real_name_in_supplied_data,28,52,11,75,16,87,65,38,13,30,33,11,10,10,28,65,58,9,27,27,16,49,41,99,40,5,67,48
h-16-2001-patriots-0.iff,147,patriots,2001,1,45,Patriots,Tight End,TE,83,placeholder,68,82,10,65,14,57,63,70,8,58,14,42,11,11,70,80,85,76,7,15,16,49,35,99,64,5,29,24
h-16-2001-patriots-0.iff,147,patriots,2001,1,46,Jermaine,Wiggins,TE,85,real_name_in_supplied_data,87,72,10,46,11,89,39,62,11,51,10,38,11,10,54,79,82,69,7,15,12,49,22,99,29,5,31,49
h-16-2001-patriots-0.iff,147,patriots,2001,1,47,Troy,Brown,WR,80,real_name_in_supplied_data,83,79,13,49,7,73,43,58,13,93,13,77,14,14,92,36,35,65,12,12,13,49,77,50,78,5,99,42
h-16-2001-patriots-0.iff,147,patriots,2001,1,48,David,Patten,WR,86,real_name_in_supplied_data,87,86,25,35,10,83,38,70,10,83,11,39,26,26,86,33,35,77,11,10,15,49,78,50,54,5,97,52
h-16-2001-patriots-0.iff,147,patriots,2001,1,49,Terry,Glenn,WR,88,real_name_in_supplied_data,91,90,15,72,12,73,39,90,11,79,7,70,16,16,83,35,39,60,6,10,16,49,23,50,63,5,95,42
h-16-2001-patriots-0.iff,147,patriots,2001,1,50,Patriots,Receiver,WR,81,placeholder,83,80,15,73,13,85,43,77,6,73,13,56,16,16,74,39,44,77,13,15,17,49,47,50,64,5,97,24
h-16-2001-patriots-0.iff,147,patriots,2001,1,51,Patriots,Receiver,WR,84,placeholder,81,74,13,23,5,38,39,81,33,65,28,17,14,14,67,27,34,64,11,18,10,49,16,50,34,5,95,57
h-16-2001-patriots-0.iff,147,patriots,2001,1,52,Patriots,Receiver,WR,82,placeholder,91,76,17,53,12,61,15,86,12,55,9,38,15,16,60,39,35,67,10,5,13,49,35,50,27,5,63,49
h-16-2003-patriots-0.iff,148,patriots,2003,0,0,Damien,Woody,C,65,real_name_in_supplied_data,50,43,12,95,19,98,71,53,28,43,31,49,11,11,39,84,89,20,48,50,20,49,82,99,59,5,75,59
h-16-2003-patriots-0.iff,148,patriots,2003,0,1,Dan,Koppen,C,67,real_name_in_supplied_data,45,69,12,62,7,84,73,52,14,29,29,38,11,11,26,70,55,17,20,30,11,49,38,99,28,5,70,6
h-16-2003-patriots-0.iff,148,patriots,2003,0,2,Ty,Law,CB,24,real_name_in_supplied_data,87,86,9,81,16,82,61,82,90,12,80,8,12,10,42,16,16,39,44,70,17,49,92,1,75,5,82,47
h-16-2003-patriots-0.iff,148,patriots,2003,0,3,Tyrone,Poole,CB,38,real_name_in_supplied_data,89,82,9,77,19,85,43,84,79,12,67,38,11,10,27,24,26,50,40,56,22,49,32,1,49,5,77,68
h-16-2003-patriots-0.iff,148,patriots,2003,0,4,Asante,Samuel,CB,22,real_name_in_supplied_data,88,86,12,79,17,68,37,73,58,10,39,38,12,11,30,36,33,50,45,43,20,49,35,1,20,5,20,45
h-16-2003-patriots-0.iff,148,patriots,2003,0,5,Bobby,Hamilton,DE,91,real_name_in_supplied_data,54,66,11,49,19,89,73,58,3,16,75,26,11,10,19,27,23,4,79,70,19,49,20,99,53,5,77,61
h-16-2003-patriots-0.iff,148,patriots,2003,0,6,Richard,Seymour,DE,93,real_name_in_supplied_data,66,78,10,79,22,77,57,64,26,26,89,33,11,11,32,28,32,14,82,84,19,49,63,99,61,5,80,44
h-16-2003-patriots-0.iff,148,patriots,2003,0,7,Ty,Warren,DE,94,real_name_in_supplied_data,56,65,10,58,15,83,73,73,20,18,83,34,11,11,22,22,26,20,67,73,17,49,28,99,48,5,33,24
h-16-2003-patriots-0.iff,148,patriots,2003,0,8,Jarvis,Green,DE,97,real_name_in_supplied_data,72,79,10,41,16,68,55,61,37,13,62,24,11,10,14,21,15,20,70,55,16,49,24,99,22,5,48,46
h-16-2003-patriots-0.iff,148,patriots,2003,0,9,Anthony,Pleasant,DE,98,real_name_in_supplied_data,75,68,10,55,19,71,63,58,47,15,81,28,11,11,23,28,25,30,74,72,19,49,63,99,72,5,68,61
h-16-2003-patriots-0.iff,148,patriots,2003,0,10,Ted,Washington,DT,92,real_name_in_supplied_data,39,52,11,70,25,32,69,39,26,19,88,33,11,11,27,34,30,16,65,85,24,49,73,99,62,5,60,80
h-16-2003-patriots-0.iff,148,patriots,2003,0,11,Dan,Klecko,DT,90,real_name_in_supplied_data,63,72,10,70,20,79,71,67,21,23,70,31,11,11,27,21,29,37,68,60,17,49,37,99,32,5,50,24
h-16-2003-patriots-0.iff,148,patriots,2003,0,12,Larry,Centers,FB,31,real_name_in_supplied_data,80,86,16,99,23,92,45,79,14,77,7,43,14,16,86,62,69,92,9,12,24,49,82,99,84,5,75,39
h-16-2003-patriots-0.iff,148,patriots,2003,0,13,Patrick,Pass,FB,35,real_name_in_supplied_data,82,86,14,72,14,95,43,73,40,52,27,58,13,11,48,60,63,73,34,37,11,49,33,99,28,5,42,20
h-16-2003-patriots-0.iff,148,patriots,2003,0,14,Fred,McCrary,FB,44,real_name_in_supplied_data,78,72,16,81,23,94,61,55,12,58,7,33,14,14,68,62,56,72,6,6,26,49,63,99,48,5,22,37
h-16-2003-patriots-0.iff,148,patriots,2003,0,15,Eugene,Wilson,FS,26,real_name_in_supplied_data,90,91,11,94,24,61,49,82,75,7,55,35,11,11,39,44,42,32,47,50,26,49,58,1,35,5,59,24
h-16-2003-patriots-0.iff,148,patriots,2003,0,16,Antwan,Harris,FS,23,real_name_in_supplied_data,84,62,12,38,15,86,59,67,59,8,49,6,13,11,12,18,19,3,40,40,16,49,24,1,29,5,49,42
h-16-2003-patriots-0.iff,148,patriots,2003,0,17,Mike,Compton,G,77,real_name_in_supplied_data,43,56,12,72,19,99,59,42,7,19,22,14,10,11,11,76,81,13,15,27,16,49,47,99,66,5,87,51
h-16-2003-patriots-0.iff,148,patriots,2003,0,18,Joe,Andruzzi,G,63,real_name_in_supplied_data,39,48,12,76,24,96,58,39,14,33,29,16,10,10,24,84,84,7,28,27,22,49,38,99,60,5,90,24
h-16-2003-patriots-0.iff,148,patriots,2003,0,19,Russ,Hochstein,G,71,real_name_in_supplied_data,38,62,12,44,17,70,51,47,3,21,17,5,10,10,8,74,76,3,14,26,13,49,18,99,20,5,75,41
h-16-2003-patriots-0.iff,148,patriots,2003,0,20,Wilbert,Brown,G,60,real_name_in_supplied_data,57,56,12,85,19,73,65,35,16,38,36,15,10,10,32,35,43,6,35,28,19,49,52,99,20,5,27,24
h-16-2003-patriots-0.iff,148,patriots,2003,0,21,Antowain,Smith,HB,32,real_name_in_supplied_data,86,74,15,93,14,94,49,78,7,53,11,78,15,16,53,37,37,91,8,9,18,49,79,50,51,5,72,74
h-16-2003-patriots-0.iff,148,patriots,2003,0,22,Kevin,Faulk,HB,33,real_name_in_supplied_data,88,74,21,68,10,94,41,74,13,68,8,65,25,21,64,25,30,94,9,11,12,49,40,50,49,5,86,48
h-16-2003-patriots-0.iff,148,patriots,2003,0,23,Michael,Cloud,HB,21,real_name_in_supplied_data,85,78,26,67,5,84,53,84,29,51,21,55,17,20,44,31,28,75,14,26,8,49,37,50,20,5,19,60
h-16-2003-patriots-0.iff,148,patriots,2003,0,24,Tedy,Bruschi,ILB,54,real_name_in_supplied_data,65,79,10,85,13,69,65,78,77,23,85,27,11,10,20,33,27,18,75,79,13,49,71,99,53,5,83,69
h-16-2003-patriots-0.iff,148,patriots,2003,0,25,Roman,Phifer,ILB,95,real_name_in_supplied_data,77,80,10,78,8,77,55,67,72,14,87,27,11,11,13,22,17,46,66,86,8,49,86,99,67,5,95,73
h-16-2003-patriots-0.iff,148,patriots,2003,0,26,Larry,Izzo,ILB,53,real_name_in_supplied_data,80,76,10,71,6,84,57,68,63,21,60,22,11,10,1,22,16,10,47,59,7,49,69,99,27,5,42,74
h-16-2003-patriots-0.iff,148,patriots,2003,0,27,Ted,Johnson,ILB,52,real_name_in_supplied_data,70,79,10,94,13,71,75,62,70,20,82,28,11,10,23,30,25,30,57,79,13,49,75,99,57,5,77,68
h-16-2003-patriots-0.iff,148,patriots,2003,0,28,Adam,Vinatieri,K,4,real_name_in_supplied_data,38,43,11,43,95,96,34,39,19,21,42,17,11,12,20,26,21,33,16,12,97,99,62,50,99,5,89,22
h-16-2003-patriots-0.iff,148,patriots,2003,0,29,Willie,McGinest,OLB,55,real_name_in_supplied_data,78,81,10,72,8,72,63,72,70,14,74,26,11,10,38,16,18,28,85,74,9,49,67,99,58,5,79,88
h-16-2003-patriots-0.iff,148,patriots,2003,0,30,Mike,Vrabel,OLB,50,real_name_in_supplied_data,63,70,10,80,10,86,65,56,75,19,85,26,11,10,25,16,21,14,78,84,13,49,60,99,53,5,76,60
h-16-2003-patriots-0.iff,148,patriots,2003,0,31,Tully,Banta-Cain,OLB,48,real_name_in_supplied_data,81,79,10,38,17,82,69,67,39,16,58,23,10,10,19,24,20,36,55,49,16,49,19,99,22,5,36,39
h-16-2003-patriots-0.iff,148,patriots,2003,0,32,Matt,Chatham,OLB,58,real_name_in_supplied_data,78,66,10,90,16,66,53,69,53,43,63,42,11,10,34,38,37,24,39,59,16,49,36,99,25,5,45,51
h-16-2003-patriots-0.iff,148,patriots,2003,0,33,Rosevelt,Colvin,OLB,59,real_name_in_supplied_data,63,82,10,81,13,87,53,78,76,21,91,26,11,10,23,33,28,26,94,91,13,49,35,99,59,5,90,47
h-16-2003-patriots-0.iff,148,patriots,2003,0,34,Ken,Walter,P,13,real_name_in_supplied_data,46,53,19,63,70,89,37,45,17,18,37,28,22,17,23,13,9,34,5,5,74,1,11,50,54,5,79,24
h-16-2003-patriots-0.iff,148,patriots,2003,0,35,Tom,Brady,QB,12,real_name_in_supplied_data,54,72,85,50,19,95,13,41,13,21,18,45,90,95,4,20,6,19,1,8,17,49,92,50,84,38,88,24
h-16-2003-patriots-0.iff,148,patriots,2003,0,36,Damon,Huard,QB,19,real_name_in_supplied_data,63,65,62,22,9,90,13,59,30,26,30,10,62,62,18,27,25,28,20,19,14,49,50,50,64,42,84,24
h-16-2003-patriots-0.iff,148,patriots,2003,0,37,Rohan,Davey,QB,6,real_name_in_supplied_data,72,65,56,29,16,61,38,64,33,27,32,46,50,50,25,20,20,28,35,31,16,49,58,50,51,56,57,24
h-16-2003-patriots-0.iff,148,patriots,2003,0,38,Rodney,Harrison,SS,37,real_name_in_supplied_data,83,81,10,99,14,53,69,67,81,40,84,10,11,10,30,23,22,49,54,85,19,49,79,1,64,5,95,76
h-16-2003-patriots-0.iff,148,patriots,2003,0,39,Je'Rod,Cherry,SS,30,real_name_in_supplied_data,80,81,9,34,16,88,39,68,55,12,61,8,10,10,11,23,20,6,37,48,14,49,17,1,31,5,55,61
h-16-2003-patriots-0.iff,148,patriots,2003,0,40,Matt,Light,T,72,real_name_in_supplied_data,44,67,12,75,14,97,71,55,24,41,30,43,11,11,38,74,86,14,27,26,16,49,51,99,52,5,80,41
h-16-2003-patriots-0.iff,148,patriots,2003,0,41,Tom,Ashworth,T,68,real_name_in_supplied_data,55,49,11,61,14,67,59,68,3,19,13,1,10,10,2,70,79,7,8,26,11,49,20,99,20,5,69,24
h-16-2003-patriots-0.iff,148,patriots,2003,0,42,Brandon,Gorin,T,76,real_name_in_supplied_data,43,42,12,65,11,64,59,36,19,36,24,38,11,11,28,41,40,14,20,26,13,49,44,99,20,5,63,44
h-16-2003-patriots-0.iff,148,patriots,2003,0,43,Christian,Fauria,TE,88,real_name_in_supplied_data,65,77,10,49,10,87,61,65,9,67,9,51,11,11,76,79,82,69,7,8,14,49,24,99,62,5,45,24
h-16-2003-patriots-0.iff,148,patriots,2003,0,44,Daniel,Graham,TE,82,real_name_in_supplied_data,86,67,10,46,8,64,55,76,9,73,12,46,11,12,79,71,74,65,14,14,11,49,31,99,35,5,50,50
h-16-2003-patriots-0.iff,148,patriots,2003,0,45,Fred,Baxter,TE,84,real_name_in_supplied_data,66,69,10,24,13,61,47,61,12,60,9,41,11,11,74,66,75,69,5,8,15,49,35,99,54,5,50,41
h-16-2003-patriots-0.iff,148,patriots,2003,0,46,Brian,Kinchen,TE,46,real_name_in_supplied_data,58,62,10,30,4,78,69,56,21,53,16,43,11,13,54,51,52,66,9,20,6,49,24,99,20,5,31,52
h-16-2003-patriots-0.iff,148,patriots,2003,0,47,Deion,Branch,WR,83,real_name_in_supplied_data,91,90,15,62,14,75,29,76,36,89,34,36,13,12,88,49,43,74,23,18,18,49,36,50,21,5,87,70
h-16-2003-patriots-0.iff,148,patriots,2003,0,48,Troy,Brown,WR,80,real_name_in_supplied_data,83,79,13,49,7,73,43,58,13,93,13,77,14,14,92,36,35,65,12,12,13,49,77,50,78,5,99,42
h-16-2003-patriots-0.iff,148,patriots,2003,0,49,David,Patten,WR,86,real_name_in_supplied_data,87,86,25,35,10,83,38,70,10,83,11,39,26,26,86,33,35,77,11,10,15,49,78,50,54,5,97,52
h-16-2003-patriots-0.iff,148,patriots,2003,0,50,Bethel,Johnson,WR,81,real_name_in_supplied_data,93,86,15,27,3,28,32,82,4,72,2,35,14,14,75,23,19,68,2,9,7,49,21,50,24,5,77,54
h-16-2003-patriots-0.iff,148,patriots,2003,0,51,David,Givens,WR,87,real_name_in_supplied_data,86,85,12,28,8,59,28,88,35,56,23,30,14,14,57,30,31,64,14,18,13,49,25,50,20,5,73,57
h-16-2003-patriots-0.iff,148,patriots,2003,0,52,Dedric,Ward,WR,17,real_name_in_supplied_data,86,81,13,58,10,80,37,72,10,70,7,43,14,14,73,34,35,64,14,6,13,49,23,50,40,5,96,24
h-17-1991-saints-4.iff,149,saints,1991,1,0,Saints,Center,C,68,placeholder,43,51,12,95,25,97,53,39,28,16,24,23,11,11,18,87,86,9,30,40,22,49,75,99,74,5,95,43
h-17-1991-saints-4.iff,149,saints,1991,1,1,Saints,Center,C,67,placeholder,38,52,11,58,19,61,49,44,15,14,22,7,10,10,15,60,59,2,20,30,15,49,26,99,20,5,59,39
h-17-1991-saints-4.iff,149,saints,1991,1,2,Saints,Cornerback,CB,23,placeholder,87,97,9,53,14,87,35,68,90,10,74,7,11,10,11,15,18,37,55,63,15,49,15,1,55,5,85,67
h-17-1991-saints-4.iff,149,saints,1991,1,3,Saints,Cornerback,CB,48,placeholder,81,86,9,96,18,85,47,72,89,11,80,8,12,10,40,14,20,37,59,72,21,49,76,1,54,5,90,80
h-17-1991-saints-4.iff,149,saints,1991,1,4,Saints,Cornerback,CB,22,placeholder,92,76,11,71,19,72,41,85,78,19,72,39,11,11,26,34,39,51,33,52,21,49,36,1,39,5,45,42
h-17-1991-saints-4.iff,149,saints,1991,1,5,Saints,Cornerback,CB,35,placeholder,86,74,9,45,19,79,31,73,65,12,57,8,11,10,12,25,29,39,32,45,19,49,27,1,22,5,55,54
h-17-1991-saints-4.iff,149,saints,1991,1,6,Saints,Cornerback,CB,25,placeholder,76,72,8,99,28,75,37,85,54,20,56,7,10,10,50,38,43,46,68,45,29,49,50,1,20,5,55,58
h-17-1991-saints-4.iff,149,saints,1991,1,7,Saints,Def End,DE,76,placeholder,75,82,10,75,19,86,71,79,46,14,88,28,11,10,22,18,23,26,96,78,19,49,59,99,66,5,88,80
h-17-1991-saints-4.iff,149,saints,1991,1,8,Saints,Def End,DE,96,placeholder,83,71,11,67,19,70,71,79,47,15,82,29,11,11,18,21,19,24,96,79,19,49,48,99,53,5,63,57
h-17-1991-saints-4.iff,149,saints,1991,1,9,Saints,Def End,DE,92,placeholder,71,73,11,58,18,81,65,72,29,27,59,31,13,11,24,24,23,10,80,66,19,49,31,99,39,5,41,45
h-17-1991-saints-4.iff,149,saints,1991,1,10,Saints,Def Tackle,DT,95,placeholder,63,77,10,70,22,57,69,53,31,24,89,38,11,11,24,33,36,26,76,94,20,49,56,99,63,5,73,51
h-17-1991-saints-4.iff,149,saints,1991,1,11,Saints,Def Tackle,DT,69,placeholder,59,69,10,76,22,89,63,58,24,25,81,33,11,11,31,24,33,14,74,80,19,49,70,99,36,5,65,80
h-17-1991-saints-4.iff,149,saints,1991,1,12,Saints,Def Tackle,DT,91,placeholder,56,68,13,67,16,72,67,82,10,22,76,30,11,11,24,23,26,10,77,74,15,49,31,99,38,5,50,42
h-17-1991-saints-4.iff,149,saints,1991,1,13,Saints,Def Tackle,DT,90,placeholder,61,66,11,60,23,89,75,52,21,22,73,29,10,11,26,33,29,4,71,82,23,49,80,99,48,5,41,88
h-17-1991-saints-4.iff,149,saints,1991,1,14,Saints,Full Back,FB,26,placeholder,77,83,18,92,22,91,67,67,6,65,5,91,14,16,76,67,65,65,10,14,21,49,74,99,68,5,66,66
h-17-1991-saints-4.iff,149,saints,1991,1,15,Saints,Full Back,FB,46,placeholder,79,72,16,91,17,89,53,56,45,43,29,44,13,15,34,60,55,70,34,40,13,49,34,99,25,5,36,24
h-17-1991-saints-4.iff,149,saints,1991,1,16,Saints,Safety,FS,28,placeholder,82,86,9,90,23,87,41,64,77,11,82,8,11,10,26,35,30,37,36,74,24,49,45,1,55,5,88,67
h-17-1991-saints-4.iff,149,saints,1991,1,17,Saints,Safety,FS,20,placeholder,91,84,11,94,24,74,63,82,64,7,44,5,11,11,27,44,42,33,36,43,26,49,58,1,42,5,43,24
h-17-1991-saints-4.iff,149,saints,1991,1,18,Saints,Guard,G,79,placeholder,40,47,12,76,24,97,59,41,17,32,30,18,10,10,29,85,85,7,30,28,23,49,39,99,58,5,90,42
h-17-1991-saints-4.iff,149,saints,1991,1,19,Saints,Guard,G,77,placeholder,58,51,12,75,14,95,67,62,24,41,30,43,11,11,38,86,78,14,27,26,16,49,51,99,59,5,49,43
h-17-1991-saints-4.iff,149,saints,1991,1,20,Saints,Guard,G,60,placeholder,40,62,12,75,14,91,83,48,12,20,21,42,11,11,26,63,66,20,28,47,14,49,38,99,46,5,25,17
h-17-1991-saints-4.iff,149,saints,1991,1,21,Saints,Guard,G,63,placeholder,41,42,11,90,17,98,69,39,13,28,26,18,10,10,17,57,61,11,24,28,16,49,47,99,49,5,81,39
h-17-1991-saints-4.iff,149,saints,1991,1,22,Saints,Half Back,HB,27,placeholder,89,75,15,80,18,90,45,84,11,65,13,84,16,14,72,25,29,88,8,14,21,49,41,50,71,5,69,20
h-17-1991-saints-4.iff,149,saints,1991,1,23,Saints,Half Back,HB,44,placeholder,85,79,17,95,16,87,67,68,13,51,6,80,15,16,50,38,41,97,11,13,18,49,83,99,53,5,40,81
h-17-1991-saints-4.iff,149,saints,1991,1,24,Saints,Half Back,HB,24,placeholder,82,71,15,55,18,79,73,76,37,33,46,59,14,14,64,41,35,70,28,19,20,49,49,1,47,5,19,51
h-17-1991-saints-4.iff,149,saints,1991,1,25,Saints,Half Back,HB,49,placeholder,88,79,17,65,16,72,47,76,13,48,8,75,14,14,49,49,35,90,6,13,19,49,38,99,40,24,41,41
h-17-1991-saints-4.iff,149,saints,1991,1,26,Saints,Half Back,HB,33,placeholder,68,78,15,63,23,91,65,65,46,47,44,72,14,14,63,26,24,68,41,24,23,49,44,50,23,5,49,71
h-17-1991-saints-4.iff,149,saints,1991,1,27,Saints,Half Back,HB,34,placeholder,87,72,17,70,11,73,73,82,13,46,8,74,14,16,48,30,20,43,9,7,12,49,41,99,34,24,34,24
h-17-1991-saints-4.iff,149,saints,1991,1,28,Saints,Linebacker,ILB,58,placeholder,74,86,10,98,11,34,69,68,85,19,99,29,11,10,27,27,22,26,91,99,11,49,92,99,66,5,90,90
h-17-1991-saints-4.iff,149,saints,1991,1,29,Saints,Linebacker,ILB,56,placeholder,72,69,10,94,14,89,55,65,76,22,83,30,11,10,26,34,27,30,73,77,14,49,69,99,54,5,72,63
h-17-1991-saints-4.iff,149,saints,1991,1,30,Saints,Linebacker,ILB,57,placeholder,84,81,10,80,4,82,55,73,70,22,76,26,11,10,11,28,25,22,60,76,2,49,41,99,25,5,12,79
h-17-1991-saints-4.iff,149,saints,1991,1,31,Morten,Andersen,K,7,real_name_in_supplied_data,36,41,11,99,98,99,33,34,19,18,23,17,11,13,19,27,20,38,15,12,97,99,59,50,98,5,99,23
h-17-1991-saints-4.iff,149,saints,1991,1,32,Saints,Linebacker,OLB,53,placeholder,82,86,10,99,11,84,63,64,85,20,99,28,11,10,26,27,21,26,68,98,11,49,90,99,70,5,90,82
h-17-1991-saints-4.iff,149,saints,1991,1,33,Saints,Linebacker,OLB,52,placeholder,86,78,10,91,14,97,59,79,76,19,94,36,11,11,28,35,29,28,78,93,11,49,79,99,49,5,83,99
h-17-1991-saints-4.iff,149,saints,1991,1,34,Saints,Linebacker,OLB,99,placeholder,74,68,10,83,6,85,63,75,73,13,76,26,11,10,11,21,16,30,55,77,6,49,49,99,42,5,59,74
h-17-1991-saints-4.iff,149,saints,1991,1,35,Saints,Punter,P,4,placeholder,43,48,48,46,87,78,37,50,20,19,48,17,50,45,21,19,16,36,18,12,82,1,37,50,89,5,22,24
h-17-1991-saints-4.iff,149,saints,1991,1,36,Saints,Quarterback,QB,8,placeholder,65,73,88,50,11,89,39,59,29,28,29,22,76,84,40,34,29,11,22,22,14,49,76,50,81,45,86,24
h-17-1991-saints-4.iff,149,saints,1991,1,37,Saints,Quarterback,QB,6,placeholder,63,69,69,24,5,58,13,55,26,17,21,14,78,63,9,18,21,31,11,18,9,49,71,50,71,70,62,24
h-17-1991-saints-4.iff,149,saints,1991,1,38,Saints,Quarterback,QB,13,placeholder,78,71,72,25,7,89,35,61,14,18,19,35,68,72,4,3,7,28,20,27,9,49,70,50,70,75,33,24
h-17-1991-saints-4.iff,149,saints,1991,1,39,Saints,Safety,SS,39,placeholder,75,77,10,84,50,73,59,73,90,40,99,10,11,11,42,24,23,48,67,97,17,99,85,1,75,5,93,68
h-17-1991-saints-4.iff,149,saints,1991,1,40,Saints,Safety,SS,32,placeholder,88,77,10,72,14,39,59,70,85,40,80,10,11,11,17,26,20,49,55,76,17,49,75,1,69,5,92,80
h-17-1991-saints-4.iff,149,saints,1991,1,41,Saints,Tackle,T,78,placeholder,50,59,11,97,16,96,71,62,26,43,42,50,11,16,53,79,80,20,27,23,18,49,62,99,54,5,75,41
h-17-1991-saints-4.iff,149,saints,1991,1,42,Saints,Tackle,T,62,placeholder,48,58,11,82,16,97,77,50,24,32,32,47,11,17,43,77,77,19,23,23,16,49,55,99,52,5,48,39
h-17-1991-saints-4.iff,149,saints,1991,1,43,Saints,Tackle,T,74,placeholder,55,50,12,80,10,70,65,39,9,41,32,43,13,11,30,56,69,22,30,32,13,49,44,99,31,5,8,8
h-17-1991-saints-4.iff,149,saints,1991,1,44,Saints,Tight End,TE,87,placeholder,73,64,10,13,5,87,49,66,28,81,19,58,11,10,86,67,66,76,8,22,8,49,13,99,51,5,86,60
h-17-1991-saints-4.iff,149,saints,1991,1,45,Saints,Tight End,TE,84,placeholder,64,71,10,46,8,76,55,67,9,52,12,32,11,12,77,73,75,65,14,14,11,49,31,99,37,5,29,23
h-17-1991-saints-4.iff,149,saints,1991,1,46,Saints,Tight End,TE,86,placeholder,66,81,10,44,5,80,65,67,20,54,20,41,11,13,52,63,62,67,9,20,7,49,25,99,25,5,29,51
h-17-1991-saints-4.iff,149,saints,1991,1,47,Saints,Tight End,TE,82,placeholder,77,53,11,44,18,89,59,52,15,38,39,36,10,11,33,58,63,50,31,26,17,49,46,99,22,5,38,24
h-17-1991-saints-4.iff,149,saints,1991,1,48,Saints,Receiver,WR,85,placeholder,85,79,15,72,12,81,40,62,14,85,10,67,16,16,84,60,62,80,7,8,16,49,56,99,57,5,99,80
h-17-1991-saints-4.iff,149,saints,1991,1,49,Saints,Receiver,WR,81,placeholder,86,81,15,60,11,77,37,85,8,83,15,57,16,16,87,40,40,60,12,12,15,49,73,50,70,5,98,47
h-17-1991-saints-4.iff,149,saints,1991,1,50,Saints,Receiver,WR,89,placeholder,79,68,15,55,19,78,38,62,11,81,13,56,14,14,81,69,68,74,6,13,19,49,22,99,61,5,79,12
h-17-1991-saints-4.iff,149,saints,1991,1,51,Saints,Receiver,WR,80,placeholder,89,92,15,69,14,73,33,79,11,79,9,36,16,16,79,41,41,76,8,9,19,49,46,50,41,5,74,24
h-17-1991-saints-4.iff,149,saints,1991,1,52,Saints,Receiver,WR,83,placeholder,84,84,13,32,8,78,38,64,9,67,8,47,14,14,69,45,32,64,8,10,13,49,31,1,37,5,98,48
h-17-2000-saints-2.iff,150,saints,2000,0,0,Saints,Center,C,67,placeholder,41,59,11,95,23,94,77,52,28,17,26,16,10,10,20,72,70,8,30,37,20,49,86,99,64,5,60,48
h-17-2000-saints-2.iff,150,saints,2000,0,1,Saints,Cornerback,CB,24,placeholder,88,80,9,55,16,84,47,72,77,10,57,7,11,10,14,10,15,37,29,53,19,49,22,1,45,5,83,60
h-17-2000-saints-2.iff,150,saints,2000,0,2,Kevin,Mathis,CB,23,real_name_in_supplied_data,91,86,9,85,16,54,35,89,88,13,77,9,12,10,29,14,21,41,33,54,19,49,80,1,61,5,85,64
h-17-2000-saints-2.iff,150,saints,2000,0,3,Saints,Cornerback,CB,25,placeholder,90,92,9,77,17,68,41,88,68,12,71,8,11,10,21,16,20,39,30,64,20,49,34,1,55,5,59,53
h-17-2000-saints-2.iff,150,saints,2000,0,4,Saints,Cornerback,CB,28,placeholder,92,76,11,71,19,72,41,85,78,19,72,39,11,11,26,34,39,51,33,52,21,49,36,1,39,5,45,42
h-17-2000-saints-2.iff,150,saints,2000,0,5,Saints,Cornerback,CB,35,placeholder,84,82,9,70,19,54,37,72,74,10,60,38,11,10,20,19,23,50,43,55,23,49,26,1,44,5,90,62
h-17-2000-saints-2.iff,150,saints,2000,0,6,Saints,Cornerback,CB,20,placeholder,87,75,12,60,18,64,45,84,89,6,60,4,13,11,27,23,26,30,37,61,19,49,31,1,40,5,60,79
h-17-2000-saints-2.iff,150,saints,2000,0,7,Fred,Thomas,CB,22,real_name_in_supplied_data,87,91,9,47,15,82,39,73,82,10,79,7,11,10,18,5,9,37,33,59,17,49,17,1,58,5,86,52
h-17-2000-saints-2.iff,150,saints,2000,0,8,Michael,Hawthorne,CB,36,real_name_in_supplied_data,90,88,11,66,20,76,49,79,57,8,48,6,11,11,36,34,35,34,43,45,21,49,36,1,22,5,30,42
h-17-2000-saints-2.iff,150,saints,2000,0,9,Darren,Howard,DE,93,real_name_in_supplied_data,56,75,10,78,21,83,67,55,13,24,81,35,11,11,27,32,38,14,88,83,21,49,41,99,51,5,60,59
h-17-2000-saints-2.iff,150,saints,2000,0,10,Joe,Johnson,DE,94,real_name_in_supplied_data,56,67,11,73,19,32,71,67,46,15,89,28,11,10,20,22,22,24,84,72,19,49,49,99,54,5,57,86
h-17-2000-saints-2.iff,150,saints,2000,0,11,Willie,Whitehead,DE,98,real_name_in_supplied_data,78,63,11,52,12,60,53,58,37,24,67,31,13,11,14,23,23,22,75,68,13,49,25,99,37,5,73,66
h-17-2000-saints-2.iff,150,saints,2000,0,12,Saints,Def End,DE,90,placeholder,69,68,10,41,14,82,75,53,36,10,58,22,11,10,15,12,16,26,71,65,14,49,18,99,26,5,13,72
h-17-2000-saints-2.iff,150,saints,2000,0,13,Marques,Douglas,DE,95,real_name_in_supplied_data,55,73,10,49,18,38,55,53,44,17,72,24,11,10,23,23,24,16,68,64,19,49,28,99,22,5,60,68
h-17-2000-saints-2.iff,150,saints,2000,0,14,La'Roi,Glover,DT,97,real_name_in_supplied_data,44,62,11,85,26,96,83,53,29,23,95,35,11,10,28,31,28,10,89,90,26,49,76,99,62,5,90,84
h-17-2000-saints-2.iff,150,saints,2000,0,15,Norman,Hand,DT,99,real_name_in_supplied_data,55,74,11,73,25,80,73,58,28,20,82,33,11,10,26,34,25,10,71,86,23,49,80,99,49,5,55,86
h-17-2000-saints-2.iff,150,saints,2000,0,16,Martin,Chase,DT,92,real_name_in_supplied_data,50,63,11,40,22,83,71,55,18,22,71,27,10,10,23,32,23,2,69,54,22,49,19,99,20,5,30,80
h-17-2000-saints-2.iff,150,saints,2000,0,17,Chad,Morton,FB,30,real_name_in_supplied_data,80,75,16,79,19,94,69,57,42,53,29,50,14,14,62,82,68,89,37,35,21,49,27,99,43,5,30,70
h-17-2000-saints-2.iff,150,saints,2000,0,18,Saints,Safety,FS,39,placeholder,84,85,10,93,20,87,41,70,77,13,80,9,11,10,26,22,24,40,44,72,23,49,50,1,58,5,63,68
h-17-2000-saints-2.iff,150,saints,2000,0,19,Saints,Safety,FS,44,placeholder,80,73,8,88,19,81,63,75,49,20,55,7,10,10,31,24,29,44,46,26,22,49,35,1,26,5,41,24
h-17-2000-saints-2.iff,150,saints,2000,0,20,Chris,Naeole,G,65,real_name_in_supplied_data,48,67,12,75,22,94,73,56,11,29,28,11,10,10,18,84,70,4,23,27,19,49,78,99,53,5,44,53
h-17-2000-saints-2.iff,150,saints,2000,0,21,Saints,Guard,G,66,placeholder,52,56,12,99,27,99,67,52,20,40,36,20,10,11,32,74,71,8,36,28,26,49,78,99,61,5,49,49
h-17-2000-saints-2.iff,150,saints,2000,0,22,Saints,Guard,G,69,placeholder,46,55,10,50,14,78,75,55,9,31,27,4,9,10,17,64,48,2,22,23,15,49,37,99,35,5,31,44
h-17-2000-saints-2.iff,150,saints,2000,0,23,Ricky,Williams,HB,34,real_name_in_supplied_data,87,75,27,95,14,91,55,73,14,53,9,92,25,17,55,21,36,79,14,8,18,49,71,99,77,5,82,22
h-17-2000-saints-2.iff,150,saints,2000,0,24,Saints,Half Back,HB,45,placeholder,89,72,23,82,13,94,57,92,12,50,6,77,19,20,61,38,30,72,8,6,12,49,43,99,36,24,41,60
h-17-2000-saints-2.iff,150,saints,2000,0,25,Saints,Half Back,HB,49,placeholder,88,79,17,65,16,72,47,76,13,48,8,75,14,14,49,49,35,90,6,13,19,49,38,99,40,24,41,41
h-17-2000-saints-2.iff,150,saints,2000,0,26,Saints,Half Back,HB,21,placeholder,83,74,15,63,13,94,55,88,34,49,28,69,15,14,54,32,39,81,20,19,16,49,38,50,38,5,60,69
h-17-2000-saints-2.iff,150,saints,2000,0,27,Saints,Half Back,HB,37,placeholder,82,71,15,55,18,79,73,76,37,33,46,59,14,14,64,41,35,70,28,19,20,49,49,1,47,5,19,51
h-17-2000-saints-2.iff,150,saints,2000,0,28,Saints,Half Back,HB,26,placeholder,86,63,14,72,17,90,55,76,33,43,36,57,14,14,36,28,31,62,30,27,16,49,43,1,22,5,51,41
h-17-2000-saints-2.iff,150,saints,2000,0,29,Darrin,Smith,ILB,54,real_name_in_supplied_data,85,90,10,93,13,71,55,79,74,21,72,29,11,11,11,26,21,28,75,78,13,49,90,99,60,5,78,77
h-17-2000-saints-2.iff,150,saints,2000,0,30,Doug,Brien,K,10,real_name_in_supplied_data,39,36,28,45,74,98,21,34,26,23,29,16,31,31,25,11,10,39,20,28,77,99,37,50,45,5,90,41
h-17-2000-saints-2.iff,150,saints,2000,0,31,Saints,Linebacker,OLB,50,placeholder,74,68,10,83,6,85,63,75,73,13,76,26,11,10,11,21,16,30,55,77,6,49,49,99,42,5,59,74
h-17-2000-saints-2.iff,150,saints,2000,0,32,Mark,Fields,OLB,55,real_name_in_supplied_data,85,69,10,97,14,76,53,82,75,20,88,31,11,10,21,30,25,30,84,84,14,49,76,99,68,5,74,74
h-17-2000-saints-2.iff,150,saints,2000,0,33,Saints,Linebacker,OLB,59,placeholder,78,87,10,85,11,87,61,68,71,23,81,34,11,11,16,20,20,12,53,79,8,49,38,99,37,5,63,56
h-17-2000-saints-2.iff,150,saints,2000,0,34,Saints,Linebacker,OLB,56,placeholder,88,86,10,99,25,95,61,64,65,49,70,47,11,10,39,52,49,24,53,72,25,49,52,99,31,5,39,62
h-17-2000-saints-2.iff,150,saints,2000,0,35,Saints,Linebacker,OLB,58,placeholder,81,81,10,79,13,73,67,82,73,23,61,26,11,10,12,32,26,18,53,52,13,49,45,99,23,5,48,58
h-17-2000-saints-2.iff,150,saints,2000,0,36,Saints,Linebacker,OLB,52,placeholder,75,61,10,74,7,69,53,81,61,18,62,33,11,11,15,18,16,24,54,69,5,49,32,99,31,5,33,24
h-17-2000-saints-2.iff,150,saints,2000,0,37,Toby,Gowin,P,4,real_name_in_supplied_data,50,49,20,62,72,86,32,44,23,26,51,23,23,23,13,12,13,16,19,11,66,1,18,50,69,5,66,43
h-17-2000-saints-2.iff,150,saints,2000,0,38,Aaron,Brooks,QB,2,real_name_in_supplied_data,84,77,86,38,19,84,41,75,39,33,41,46,78,79,35,24,24,30,38,27,22,49,83,50,80,80,70,24
h-17-2000-saints-2.iff,150,saints,2000,0,39,Jeff,Blake,QB,18,real_name_in_supplied_data,67,80,81,41,7,87,40,70,27,22,24,31,67,70,9,20,21,28,15,19,11,49,64,50,82,55,58,24
h-17-2000-saints-2.iff,150,saints,2000,0,40,Sammy,Knight,SS,29,real_name_in_supplied_data,65,77,9,98,13,97,52,63,90,35,89,9,11,10,46,21,21,49,59,89,17,49,77,1,55,5,99,61
h-17-2000-saints-2.iff,150,saints,2000,0,41,Kyle,Turley,T,68,real_name_in_supplied_data,58,70,11,89,18,95,71,64,11,29,32,15,10,10,19,91,93,9,26,27,16,49,50,99,55,5,85,90
h-17-2000-saints-2.iff,150,saints,2000,0,42,Willie,Roaf,T,77,real_name_in_supplied_data,57,64,11,86,16,97,65,70,11,28,26,14,10,11,17,98,95,11,24,28,15,49,91,99,78,5,93,64
h-17-2000-saints-2.iff,150,saints,2000,0,43,Saints,Tackle,T,79,placeholder,53,45,14,72,16,97,81,50,27,33,23,35,11,11,32,73,83,16,20,30,13,49,48,99,40,5,16,46
h-17-2000-saints-2.iff,150,saints,2000,0,44,Saints,Tackle,T,71,placeholder,30,42,11,87,18,98,65,36,11,29,27,18,10,10,19,77,76,8,26,28,16,49,73,99,42,5,85,48
h-17-2000-saints-2.iff,150,saints,2000,0,45,Saints,Tight End,TE,82,placeholder,73,64,10,13,5,87,49,66,28,81,19,58,11,10,86,67,66,76,8,22,8,49,13,99,51,5,86,60
h-17-2000-saints-2.iff,150,saints,2000,0,46,Saints,Tight End,TE,88,placeholder,66,76,10,44,7,87,59,61,8,79,14,44,11,11,73,77,75,74,7,7,11,49,53,99,63,5,33,24
h-17-2000-saints-2.iff,150,saints,2000,0,47,Saints,Tight End,TE,85,placeholder,77,53,11,44,18,76,50,52,15,65,39,47,10,11,75,59,64,50,31,26,17,49,46,99,34,5,50,21
h-17-2000-saints-2.iff,150,saints,2000,0,48,Joe,Horn,WR,87,real_name_in_supplied_data,85,85,24,55,10,87,56,85,6,90,10,57,22,24,89,44,45,90,6,9,14,49,64,50,61,5,99,82
h-17-2000-saints-2.iff,150,saints,2000,0,49,Saints,Receiver,WR,81,placeholder,87,84,15,55,9,72,38,84,12,77,13,39,15,15,82,23,37,55,6,7,13,49,49,50,72,5,80,24
h-17-2000-saints-2.iff,150,saints,2000,0,50,Saints,Receiver,WR,86,placeholder,89,92,15,69,14,73,33,79,11,79,9,36,16,16,79,41,41,76,8,9,19,49,46,50,41,5,74,24
h-17-2000-saints-2.iff,150,saints,2000,0,51,Saints,Receiver,WR,83,placeholder,85,74,15,49,7,68,27,72,11,70,6,47,14,15,72,45,47,59,9,7,12,49,51,50,48,5,42,57
h-17-2000-saints-2.iff,150,saints,2000,0,52,Saints,Receiver,WR,80,placeholder,83,86,15,44,9,81,37,68,6,77,14,45,16,16,75,19,28,74,11,14,13,49,49,50,70,5,96,45
h-18-1956-giants-6.iff,151,giants,1956,0,0,Giants,Center,C,54,placeholder,40,64,11,90,22,96,79,52,18,16,23,14,10,10,15,83,84,6,26,37,19,49,78,99,58,5,70,73
h-18-1956-giants-6.iff,151,giants,1956,0,1,Giants,Center,C,65,placeholder,57,72,11,76,17,76,55,64,6,8,16,7,10,10,9,61,60,8,11,33,13,49,27,99,31,5,40,22
h-18-1956-giants-6.iff,151,giants,1956,0,2,Giants,Cornerback,CB,22,placeholder,87,82,9,72,17,55,45,75,88,9,79,38,11,10,32,21,19,50,29,68,19,49,22,1,54,5,85,70
h-18-1956-giants-6.iff,151,giants,1956,0,3,Giants,Cornerback,CB,43,placeholder,92,76,11,71,19,72,41,85,78,19,72,39,11,11,26,34,39,51,33,52,21,49,36,1,39,5,59,42
h-18-1956-giants-6.iff,151,giants,1956,0,4,Giants,Cornerback,CB,26,placeholder,85,98,12,53,17,87,49,99,70,14,72,10,12,13,23,5,5,60,30,59,15,49,32,1,42,5,51,60
h-18-1956-giants-6.iff,151,giants,1956,0,5,Giants,Cornerback,CB,29,placeholder,86,79,9,65,16,98,65,82,70,30,55,8,11,11,28,20,28,49,43,46,19,49,53,1,31,5,48,61
h-18-1956-giants-6.iff,151,giants,1956,0,6,Giants,Def End,DE,88,placeholder,78,88,10,79,19,76,58,64,51,14,95,28,11,10,24,19,26,28,98,88,20,49,97,99,65,5,83,80
h-18-1956-giants-6.iff,151,giants,1956,0,7,Giants,Def End,DE,74,placeholder,66,73,10,66,19,66,59,78,46,14,78,27,11,10,22,19,23,26,79,75,19,49,40,99,51,5,71,70
h-18-1956-giants-6.iff,151,giants,1956,0,8,Giants,Def End,DE,57,placeholder,83,72,10,82,18,86,67,67,49,14,73,28,11,10,19,13,21,22,82,76,19,49,59,99,45,5,59,84
h-18-1956-giants-6.iff,151,giants,1956,0,9,Giants,Def End,DE,92,placeholder,66,77,10,67,19,80,71,55,58,23,72,35,11,11,27,26,34,18,71,64,19,49,34,99,42,5,29,24
h-18-1956-giants-6.iff,151,giants,1956,0,10,Giants,Def Tackle,DT,73,placeholder,53,67,10,61,19,94,69,67,21,24,88,33,11,11,30,26,30,14,60,86,19,49,38,99,52,5,72,70
h-18-1956-giants-6.iff,151,giants,1956,0,11,Giants,Def Tackle,DT,77,placeholder,68,72,11,85,28,77,65,55,28,27,82,33,10,11,34,39,34,12,62,79,28,49,67,99,73,5,66,70
h-18-1956-giants-6.iff,151,giants,1956,0,12,Giants,Def Tackle,DT,55,placeholder,58,66,10,53,17,28,63,64,16,22,65,31,11,11,26,19,28,14,52,59,16,49,33,99,26,5,35,24
h-18-1956-giants-6.iff,151,giants,1956,0,13,Giants,Full Back,FB,20,placeholder,81,68,18,97,22,93,59,55,10,41,6,43,14,14,53,83,77,94,15,10,23,49,42,99,56,5,60,50
h-18-1956-giants-6.iff,151,giants,1956,0,14,Giants,Full Back,FB,33,placeholder,82,70,16,79,16,92,63,58,11,29,6,59,13,13,44,49,55,72,10,14,15,49,36,99,28,5,19,9
h-18-1956-giants-6.iff,151,giants,1956,0,15,Giants,Safety,FS,30,placeholder,86,90,12,83,19,86,47,76,86,8,88,6,12,11,35,29,26,34,49,88,21,49,84,1,63,5,75,52
h-18-1956-giants-6.iff,151,giants,1956,0,16,Giants,Safety,FS,36,placeholder,82,79,9,56,7,87,43,79,60,25,71,8,11,10,1,9,5,46,28,64,11,49,63,1,43,5,34,55
h-18-1956-giants-6.iff,151,giants,1956,0,17,Giants,Safety,FS,21,placeholder,82,84,11,80,16,75,53,67,49,7,49,5,11,11,29,21,17,33,31,49,13,49,41,1,23,5,30,24
h-18-1956-giants-6.iff,151,giants,1956,0,18,Giants,Guard,G,60,placeholder,40,50,12,89,24,99,91,33,16,32,29,19,10,10,26,73,67,8,30,28,23,49,70,99,60,5,22,24
h-18-1956-giants-6.iff,151,giants,1956,0,19,Giants,Guard,G,69,placeholder,48,62,12,73,23,98,57,52,14,35,32,14,10,10,31,70,72,4,30,27,23,49,39,99,42,5,89,49
h-18-1956-giants-6.iff,151,giants,1956,0,20,Giants,Guard,G,66,placeholder,41,44,11,50,22,96,73,58,11,30,23,16,10,10,13,70,63,1,23,28,19,49,37,99,47,5,45,14
h-18-1956-giants-6.iff,151,giants,1956,0,21,Giants,Guard,G,63,placeholder,56,73,14,64,14,79,65,65,19,35,24,34,11,11,31,59,56,16,22,31,17,49,45,99,30,5,33,43
h-18-1956-giants-6.iff,151,giants,1956,0,22,Giants,Guard,G,75,placeholder,54,65,12,69,10,83,73,64,18,33,33,42,11,11,34,45,46,17,26,31,14,49,43,99,20,5,35,87
h-18-1956-giants-6.iff,151,giants,1956,0,23,Giants,Half Back,HB,44,placeholder,84,69,15,92,14,79,63,68,8,49,9,88,14,14,44,36,47,77,7,9,16,49,66,99,64,5,82,50
h-18-1956-giants-6.iff,151,giants,1956,0,24,Giants,Half Back,HB,27,placeholder,88,79,17,65,16,72,47,76,13,48,8,75,14,14,49,49,35,90,6,13,19,49,38,99,40,24,41,41
h-18-1956-giants-6.iff,151,giants,1956,0,25,Giants,Half Back,HB,23,placeholder,79,57,17,69,14,89,47,70,10,50,6,74,15,16,41,33,30,91,6,14,15,49,43,50,35,5,66,24
h-18-1956-giants-6.iff,151,giants,1956,0,26,Giants,Half Back,HB,28,placeholder,87,80,17,80,23,78,57,49,9,56,7,71,15,17,64,22,10,63,14,10,26,49,68,50,36,24,56,43
h-18-1956-giants-6.iff,151,giants,1956,0,27,Giants,Linebacker,ILB,53,placeholder,81,82,10,92,11,87,73,70,82,23,99,38,11,11,23,33,29,24,78,99,11,49,82,99,63,5,70,63
h-18-1956-giants-6.iff,151,giants,1956,0,28,Giants,Linebacker,ILB,89,placeholder,73,75,10,84,9,85,69,67,70,23,76,35,11,11,26,27,21,22,73,70,7,49,39,99,42,5,70,66
h-18-1956-giants-6.iff,151,giants,1956,0,29,Giants,Linebacker,ILB,50,placeholder,72,82,10,87,13,88,63,58,70,19,83,29,11,10,28,31,25,32,63,84,13,49,77,99,36,5,79,74
h-18-1956-giants-6.iff,151,giants,1956,0,30,Giants,Kicker,K,8,placeholder,44,48,11,60,92,97,36,51,34,36,50,34,14,11,50,45,40,28,47,36,88,99,38,50,61,5,50,41
h-18-1956-giants-6.iff,151,giants,1956,0,31,Giants,Kicker,K,35,placeholder,60,43,11,42,63,77,34,44,23,23,32,25,11,13,25,29,25,34,20,12,58,99,35,50,51,5,50,21
h-18-1956-giants-6.iff,151,giants,1956,0,32,Giants,Linebacker,OLB,58,placeholder,63,82,10,81,13,87,53,78,76,21,91,26,11,10,23,33,28,26,94,91,13,49,35,99,59,5,90,47
h-18-1956-giants-6.iff,151,giants,1956,0,33,Giants,Linebacker,OLB,79,placeholder,75,68,10,67,19,87,61,76,61,23,67,35,11,11,27,26,34,18,73,69,19,49,34,99,32,5,50,46
h-18-1956-giants-6.iff,151,giants,1956,0,34,Giants,Linebacker,OLB,99,placeholder,67,79,10,77,6,69,65,81,56,19,62,33,11,11,13,22,17,22,68,64,4,49,33,99,38,5,41,24
h-18-1956-giants-6.iff,151,giants,1956,0,35,Giants,Linebacker,OLB,56,placeholder,72,78,10,81,16,86,53,76,66,28,66,28,11,10,10,39,32,18,58,48,16,49,46,99,29,5,49,24
h-18-1956-giants-6.iff,151,giants,1956,0,36,Giants,Linebacker,OLB,59,placeholder,67,75,10,99,29,83,77,67,44,50,68,50,11,10,47,50,43,24,51,60,29,49,61,99,21,5,28,51
h-18-1956-giants-6.iff,151,giants,1956,0,37,Giants,Punter,P,16,placeholder,40,48,21,46,69,86,33,40,20,26,39,18,25,21,10,20,16,14,23,9,68,1,14,50,54,5,70,23
h-18-1956-giants-6.iff,151,giants,1956,0,38,Giants,Quarterback,QB,42,placeholder,66,69,82,44,16,78,40,56,33,25,36,42,75,74,26,25,26,30,14,38,17,49,80,50,78,45,75,71
h-18-1956-giants-6.iff,151,giants,1956,0,39,Giants,Quarterback,QB,12,placeholder,53,61,73,29,8,59,38,39,29,35,23,17,79,85,47,24,23,30,15,20,11,49,71,50,73,50,71,24
h-18-1956-giants-6.iff,151,giants,1956,0,40,Giants,Quarterback,QB,14,placeholder,68,62,79,29,11,96,22,59,34,28,34,22,74,68,26,34,31,28,26,20,16,49,50,50,58,10,78,24
h-18-1956-giants-6.iff,151,giants,1956,0,41,Giants,Safety,SS,40,placeholder,89,95,11,88,19,81,51,82,61,8,51,6,11,11,3,29,29,34,63,47,19,49,52,1,31,5,35,24
h-18-1956-giants-6.iff,151,giants,1956,0,42,Giants,Tackle,T,78,placeholder,28,45,11,79,17,95,73,52,14,27,27,16,10,11,23,93,94,14,26,28,16,49,82,99,87,5,95,48
h-18-1956-giants-6.iff,151,giants,1956,0,43,Giants,Tackle,T,72,placeholder,43,56,11,86,19,94,69,41,15,29,29,20,10,10,26,91,91,13,30,28,18,49,80,99,69,5,76,49
h-18-1956-giants-6.iff,151,giants,1956,0,44,Giants,Tackle,T,71,placeholder,43,64,11,73,8,99,67,62,21,26,27,39,11,16,36,67,68,17,15,22,14,49,45,99,46,5,65,24
h-18-1956-giants-6.iff,151,giants,1956,0,45,Giants,Tackle,T,70,placeholder,46,57,10,76,19,81,63,59,29,44,32,41,11,14,40,70,64,10,32,23,19,49,51,99,31,5,60,44
h-18-1956-giants-6.iff,151,giants,1956,0,46,Giants,Tight End,TE,86,placeholder,67,66,10,46,8,78,53,59,25,54,24,41,11,13,58,61,63,63,15,20,9,49,27,99,34,5,57,18
h-18-1956-giants-6.iff,151,giants,1956,0,47,Giants,Tight End,TE,87,placeholder,76,78,10,30,4,81,67,67,14,36,13,31,11,11,27,64,67,58,11,24,7,49,23,99,24,5,24,23
h-18-1956-giants-6.iff,151,giants,1956,0,48,Giants,Receiver,WR,13,placeholder,92,84,15,72,16,73,33,76,6,65,14,41,16,17,83,39,40,80,10,7,15,49,45,50,32,5,63,51
h-18-1956-giants-6.iff,151,giants,1956,0,49,Giants,Receiver,WR,45,placeholder,82,85,15,72,16,73,27,85,6,57,14,40,16,17,62,39,43,80,10,7,15,49,45,50,20,5,59,51
h-18-1956-giants-6.iff,151,giants,1956,0,50,Giants,Receiver,WR,15,placeholder,80,90,13,34,9,65,28,78,10,56,10,42,14,14,45,42,41,67,10,10,14,49,27,50,20,5,63,59
h-18-1956-giants-6.iff,151,giants,1956,0,51,Giants,Receiver,WR,84,placeholder,90,71,15,72,16,73,33,70,6,59,14,36,16,17,56,39,43,80,10,7,15,49,45,50,20,5,36,51
h-18-1956-giants-6.iff,151,giants,1956,0,52,Giants,Receiver,WR,51,placeholder,83,91,12,28,8,74,46,73,35,63,23,19,14,14,65,25,29,64,14,18,13,49,25,50,20,5,72,57
h-18-1986-giants-2.iff,152,giants,1986,0,0,Giants,Center,C,64,placeholder,41,59,11,92,22,97,61,41,18,15,27,15,10,10,17,93,92,8,26,37,19,49,79,99,76,5,82,51
h-18-1986-giants-2.iff,152,giants,1986,0,1,Giants,Center,C,67,placeholder,47,60,11,59,19,97,53,52,15,13,32,8,10,10,18,76,79,7,22,27,17,49,33,99,52,5,78,42
h-18-1986-giants-2.iff,152,giants,1986,0,2,Giants,Cornerback,CB,26,placeholder,91,92,9,81,17,33,49,95,92,13,78,9,11,10,35,20,24,60,39,76,19,49,82,1,64,5,69,24
h-18-1986-giants-2.iff,152,giants,1986,0,3,Giants,Cornerback,CB,35,placeholder,87,97,9,53,14,87,35,68,90,10,74,7,11,10,11,15,18,37,55,63,15,49,15,1,55,5,85,67
h-18-1986-giants-2.iff,152,giants,1986,0,4,Giants,Cornerback,CB,22,placeholder,82,82,9,41,16,76,31,82,79,12,77,8,11,10,23,19,26,39,48,70,17,49,22,1,56,5,81,54
h-18-1986-giants-2.iff,152,giants,1986,0,5,Giants,Cornerback,CB,47,placeholder,85,88,9,66,16,72,47,72,74,12,68,8,11,10,21,11,18,39,25,54,17,49,22,1,48,5,75,77
h-18-1986-giants-2.iff,152,giants,1986,0,6,Giants,Cornerback,CB,24,placeholder,91,74,11,72,21,76,35,77,83,8,75,6,11,11,35,46,43,34,53,62,22,49,35,1,32,5,55,76
h-18-1986-giants-2.iff,152,giants,1986,0,7,Giants,Cornerback,CB,31,placeholder,91,79,11,60,17,86,49,76,67,7,45,5,11,11,21,23,23,32,38,42,15,49,31,1,32,5,48,39
h-18-1986-giants-2.iff,152,giants,1986,0,8,Giants,Def End,DE,75,placeholder,54,66,11,49,19,89,73,58,3,16,75,26,11,10,19,27,23,4,79,70,19,49,20,99,53,5,73,61
h-18-1986-giants-2.iff,152,giants,1986,0,9,Giants,Def End,DE,70,placeholder,75,82,10,75,19,86,71,79,46,14,88,28,11,10,22,18,23,26,96,78,19,49,59,99,66,5,88,80
h-18-1986-giants-2.iff,152,giants,1986,0,10,Giants,Def End,DE,72,placeholder,74,61,10,46,14,88,69,72,49,8,75,24,11,10,9,12,12,24,77,74,13,49,48,99,36,5,74,89
h-18-1986-giants-2.iff,152,giants,1986,0,11,Giants,Def Tackle,DT,65,placeholder,44,62,11,85,26,96,83,53,29,23,95,35,11,10,28,31,28,10,89,90,26,49,76,99,62,5,90,84
h-18-1986-giants-2.iff,152,giants,1986,0,12,Giants,Def Tackle,DT,98,placeholder,60,59,11,69,21,87,67,47,18,18,89,28,11,11,22,27,22,12,76,88,20,49,69,99,64,5,76,73
h-18-1986-giants-2.iff,152,giants,1986,0,13,Giants,Def Tackle,DT,74,placeholder,61,81,11,60,12,76,67,75,10,23,76,31,11,11,19,22,28,10,69,68,14,49,34,99,34,5,38,43
h-18-1986-giants-2.iff,152,giants,1986,0,14,Giants,Def Tackle,DT,71,placeholder,64,67,11,58,11,78,61,38,10,23,64,31,11,11,18,21,27,10,51,58,13,49,33,99,34,5,50,24
h-18-1986-giants-2.iff,152,giants,1986,0,15,Giants,Full Back,FB,45,placeholder,84,76,16,97,24,92,47,67,15,70,10,41,14,14,88,83,80,95,7,9,26,49,65,99,72,5,28,24
h-18-1986-giants-2.iff,152,giants,1986,0,16,Giants,Safety,FS,41,placeholder,82,86,9,88,19,70,47,85,91,15,80,10,12,11,30,20,23,43,28,76,22,49,97,1,88,5,81,69
h-18-1986-giants-2.iff,152,giants,1986,0,17,Giants,Guard,G,62,placeholder,34,46,14,89,24,94,79,62,16,31,28,19,10,10,24,85,94,8,28,30,22,49,41,99,65,5,39,42
h-18-1986-giants-2.iff,152,giants,1986,0,18,Giants,Guard,G,68,placeholder,48,62,11,99,25,97,61,50,34,20,29,20,10,10,23,87,81,7,37,37,23,49,58,99,70,5,95,49
h-18-1986-giants-2.iff,152,giants,1986,0,19,Giants,Guard,G,76,placeholder,50,51,12,71,19,94,63,48,6,24,22,9,10,10,10,76,87,8,16,27,15,49,69,99,56,5,49,42
h-18-1986-giants-2.iff,152,giants,1986,0,20,Giants,Guard,G,79,placeholder,49,62,11,92,16,98,61,65,10,26,22,16,10,10,9,74,86,9,22,28,15,49,84,99,59,5,69,41
h-18-1986-giants-2.iff,152,giants,1986,0,21,Giants,Half Back,HB,29,placeholder,86,80,22,92,16,93,51,73,14,65,11,84,25,22,65,41,45,81,14,6,18,49,61,99,60,5,75,73
h-18-1986-giants-2.iff,152,giants,1986,0,22,Giants,Half Back,HB,30,placeholder,80,76,23,82,13,96,73,95,12,32,6,86,19,20,52,61,59,86,8,6,12,49,43,50,45,5,42,68
h-18-1986-giants-2.iff,152,giants,1986,0,23,Giants,Half Back,HB,27,placeholder,86,75,15,85,13,83,53,75,14,52,5,78,14,14,48,28,28,89,14,8,16,49,38,99,50,5,51,67
h-18-1986-giants-2.iff,152,giants,1986,0,24,Giants,Half Back,HB,25,placeholder,89,72,23,82,13,94,57,92,12,50,6,77,19,20,61,38,30,72,8,6,12,49,43,99,36,24,41,60
h-18-1986-giants-2.iff,152,giants,1986,0,25,Giants,Linebacker,ILB,54,placeholder,68,71,10,95,11,84,71,55,80,19,88,29,11,11,30,30,24,30,51,90,13,49,86,99,66,5,83,69
h-18-1986-giants-2.iff,152,giants,1986,0,26,Giants,Linebacker,ILB,51,placeholder,83,70,10,79,9,78,73,70,74,13,80,33,11,11,21,27,22,28,51,78,5,49,61,99,54,5,60,24
h-18-1986-giants-2.iff,152,giants,1986,0,27,Giants,Linebacker,ILB,55,placeholder,77,76,10,88,11,68,67,64,69,23,79,35,11,11,20,31,28,24,65,78,10,49,57,99,37,5,44,67
h-18-1986-giants-2.iff,152,giants,1986,0,28,Giants,Linebacker,ILB,58,placeholder,85,80,10,76,7,87,35,85,69,15,70,23,11,10,17,26,21,24,75,75,6,49,23,99,32,5,63,92
h-18-1986-giants-2.iff,152,giants,1986,0,29,Giants,Kicker,K,2,placeholder,35,46,11,53,94,90,37,44,30,32,42,32,14,11,42,38,33,28,41,36,97,99,32,50,80,5,64,41
h-18-1986-giants-2.iff,152,giants,1986,0,30,Giants,Kicker,K,3,placeholder,38,47,11,46,90,96,33,42,23,26,40,19,11,12,30,34,29,34,24,14,90,99,32,50,87,5,75,20
h-18-1986-giants-2.iff,152,giants,1986,0,31,Giants,Kicker,K,1,placeholder,60,43,11,42,63,77,34,44,23,23,32,25,11,13,25,29,25,34,20,12,58,99,35,50,51,5,50,21
h-18-1986-giants-2.iff,152,giants,1986,0,32,Giants,Linebacker,OLB,53,placeholder,80,86,10,99,11,99,90,70,85,20,99,28,11,10,26,27,21,26,95,89,11,49,99,27,90,5,99,99
h-18-1986-giants-2.iff,152,giants,1986,0,33,Giants,Linebacker,OLB,56,placeholder,69,80,10,97,15,88,55,76,77,19,91,32,11,10,30,31,25,32,88,93,14,49,86,99,71,5,93,70
h-18-1986-giants-2.iff,152,giants,1986,0,34,Giants,Linebacker,OLB,57,placeholder,82,71,10,97,10,85,53,72,72,19,86,28,11,10,21,25,20,26,54,84,11,49,65,99,52,5,90,82
h-18-1986-giants-2.iff,152,giants,1986,0,35,Giants,Linebacker,OLB,52,placeholder,79,74,10,81,13,88,75,67,74,20,66,26,11,10,15,36,29,26,52,58,13,49,34,99,24,5,3,74
h-18-1986-giants-2.iff,152,giants,1986,0,36,Sean,Landeta,P,5,real_name_in_supplied_data,45,46,20,48,94,95,35,37,23,27,41,18,23,24,15,20,16,16,22,12,89,1,32,50,90,5,92,23
h-18-1986-giants-2.iff,152,giants,1986,0,37,Giants,Quarterback,QB,18,placeholder,70,70,82,41,7,30,39,52,29,23,28,10,89,85,16,28,25,25,18,19,12,49,90,50,80,40,70,72
h-18-1986-giants-2.iff,152,giants,1986,0,38,Giants,Quarterback,QB,17,placeholder,81,91,92,28,23,45,18,73,14,29,29,51,65,60,28,13,10,28,11,5,21,49,75,50,55,67,33,24
h-18-1986-giants-2.iff,152,giants,1986,0,39,Giants,Quarterback,QB,14,placeholder,84,77,86,38,19,84,41,75,39,33,41,46,78,79,35,24,24,30,38,27,22,49,83,50,80,80,70,24
h-18-1986-giants-2.iff,152,giants,1986,0,40,Giants,Safety,SS,46,placeholder,88,77,10,72,14,39,59,70,85,40,80,10,11,11,17,26,20,49,55,76,17,49,75,1,69,5,92,80
h-18-1986-giants-2.iff,152,giants,1986,0,41,Giants,Tackle,T,60,placeholder,44,48,11,83,19,95,69,41,15,31,36,19,10,11,26,95,99,13,30,28,18,49,88,99,85,5,95,48
h-18-1986-giants-2.iff,152,giants,1986,0,42,Giants,Tackle,T,66,placeholder,48,58,11,82,16,97,77,50,24,32,32,47,11,17,43,77,77,19,23,23,16,49,55,99,52,5,48,39
h-18-1986-giants-2.iff,152,giants,1986,0,43,Giants,Tackle,T,63,placeholder,52,58,11,72,21,96,63,42,14,32,30,22,10,10,24,81,89,8,32,28,19,49,46,99,47,5,83,44
h-18-1986-giants-2.iff,152,giants,1986,0,44,Giants,Tight End,TE,89,placeholder,78,79,11,99,17,99,53,73,14,95,14,80,12,12,92,63,69,78,15,7,19,49,77,99,89,5,99,99
h-18-1986-giants-2.iff,152,giants,1986,0,45,Giants,Tight End,TE,84,placeholder,72,65,10,34,4,63,46,67,25,68,22,48,10,10,68,70,68,66,8,20,8,49,10,99,29,5,69,74
h-18-1986-giants-2.iff,152,giants,1986,0,46,Giants,Tight End,TE,87,placeholder,76,78,10,30,4,81,67,67,14,36,13,31,11,11,27,64,67,58,11,24,7,49,23,99,24,5,24,23
h-18-1986-giants-2.iff,152,giants,1986,0,47,Giants,Receiver,WR,88,placeholder,86,89,20,80,14,74,39,70,11,87,7,55,18,19,93,58,55,85,14,15,19,49,87,50,99,5,99,24
h-18-1986-giants-2.iff,152,giants,1986,0,48,Giants,Receiver,WR,81,placeholder,88,90,15,62,13,91,35,75,8,85,15,61,16,16,90,58,56,80,8,7,17,49,88,50,99,5,99,24
h-18-1986-giants-2.iff,152,giants,1986,0,49,Giants,Receiver,WR,82,placeholder,87,84,15,55,9,72,38,84,12,77,13,39,15,15,82,23,37,55,6,7,13,49,49,50,72,5,80,24
h-18-1986-giants-2.iff,152,giants,1986,0,50,Giants,Receiver,WR,80,placeholder,89,92,15,69,14,73,33,79,11,79,9,36,16,16,79,41,41,76,8,9,19,49,46,50,41,5,74,24
h-18-1986-giants-2.iff,152,giants,1986,0,51,Giants,Receiver,WR,83,placeholder,93,79,13,42,7,85,16,80,7,69,7,31,16,15,61,28,22,71,10,11,11,49,36,1,39,5,69,52
h-18-1986-giants-2.iff,152,giants,1986,0,52,Giants,Receiver,WR,85,placeholder,80,72,13,34,9,66,16,53,10,60,10,42,14,14,62,42,43,67,10,10,14,49,27,50,20,5,84,59
h-18-1990-giants-2.iff,153,giants,1990,1,0,Giants,Center,C,65,placeholder,50,70,14,71,18,94,69,70,14,37,29,32,14,11,34,80,72,10,27,24,13,49,42,99,51,5,65,46
h-18-1990-giants-2.iff,153,giants,1990,1,1,Giants,Cornerback,CB,24,placeholder,89,86,9,77,20,69,45,84,96,10,61,7,11,10,39,30,33,37,39,56,22,49,66,1,65,5,89,60
h-18-1990-giants-2.iff,153,giants,1990,1,2,Giants,Cornerback,CB,28,placeholder,87,97,9,53,14,87,35,68,90,10,74,7,11,10,11,15,18,37,55,63,15,49,15,1,55,5,85,67
h-18-1990-giants-2.iff,153,giants,1990,1,3,Giants,Cornerback,CB,36,placeholder,85,91,11,75,19,85,33,81,86,8,69,6,11,11,35,34,39,34,24,71,21,49,36,1,40,5,60,52
h-18-1990-giants-2.iff,153,giants,1990,1,4,Giants,Cornerback,CB,48,placeholder,87,81,12,55,16,85,41,92,72,6,77,4,13,11,26,18,20,1,40,62,19,49,28,1,39,5,55,39
h-18-1990-giants-2.iff,153,giants,1990,1,5,Giants,Cornerback,CB,26,placeholder,87,92,9,88,21,83,43,73,61,13,49,9,11,10,19,29,27,41,29,51,23,49,42,1,21,5,28,57
h-18-1990-giants-2.iff,153,giants,1990,1,6,Giants,Def End,DE,72,placeholder,78,88,10,79,19,76,58,64,51,14,95,28,11,10,24,19,26,28,98,88,20,49,97,99,65,5,83,80
h-18-1990-giants-2.iff,153,giants,1990,1,7,Giants,Def End,DE,70,placeholder,54,66,11,49,19,89,73,58,3,16,75,26,11,10,19,27,23,4,79,70,19,49,20,99,53,5,73,61
h-18-1990-giants-2.iff,153,giants,1990,1,8,Giants,Def End,DE,93,placeholder,72,60,11,55,12,87,57,60,47,25,67,32,13,11,19,22,25,22,74,58,13,49,29,99,36,5,83,73
h-18-1990-giants-2.iff,153,giants,1990,1,9,Giants,Def Tackle,DT,74,placeholder,81,75,11,61,21,83,67,69,34,16,89,28,10,10,22,32,23,14,41,89,19,49,77,99,56,5,79,89
h-18-1990-giants-2.iff,153,giants,1990,1,10,Giants,Def Tackle,DT,98,placeholder,62,65,11,64,23,39,79,62,26,18,93,31,10,10,30,35,31,18,70,87,23,49,71,99,51,5,56,83
h-18-1990-giants-2.iff,153,giants,1990,1,11,Giants,Def Tackle,DT,69,placeholder,58,60,11,50,22,75,91,56,18,20,75,28,10,10,23,32,24,2,36,84,22,49,20,99,37,5,51,79
h-18-1990-giants-2.iff,153,giants,1990,1,12,Giants,Full Back,FB,45,placeholder,80,79,18,98,23,84,61,76,7,60,5,43,15,16,75,69,51,73,5,7,24,49,74,99,54,5,54,56
h-18-1990-giants-2.iff,153,giants,1990,1,13,Giants,Safety,FS,20,placeholder,78,79,9,88,18,81,43,62,86,13,80,9,11,11,22,23,20,40,29,80,20,49,92,1,68,5,95,70
h-18-1990-giants-2.iff,153,giants,1990,1,14,Giants,Safety,FS,21,placeholder,81,88,12,93,22,84,39,76,78,8,82,6,12,11,14,30,31,34,48,68,25,49,54,1,53,5,65,46
h-18-1990-giants-2.iff,153,giants,1990,1,15,Giants,Guard,G,66,placeholder,58,51,12,75,14,95,67,62,24,41,30,43,11,11,38,86,78,14,27,26,16,49,51,99,59,5,49,43
h-18-1990-giants-2.iff,153,giants,1990,1,16,Giants,Guard,G,63,placeholder,39,48,12,76,24,96,58,39,14,33,29,16,10,10,24,80,84,7,28,27,22,49,38,99,60,5,88,24
h-18-1990-giants-2.iff,153,giants,1990,1,17,Giants,Guard,G,64,placeholder,52,57,12,69,18,96,77,45,14,37,29,32,14,11,34,65,76,10,27,24,13,49,42,99,44,5,30,46
h-18-1990-giants-2.iff,153,giants,1990,1,18,Giants,Guard,G,60,placeholder,41,44,11,50,22,96,73,58,11,30,23,16,10,10,13,70,63,1,23,28,19,49,37,99,47,5,45,14
h-18-1990-giants-2.iff,153,giants,1990,1,19,Giants,Guard,G,76,placeholder,33,60,11,83,21,81,63,52,37,41,32,38,14,11,41,67,64,9,41,37,17,49,51,99,45,5,35,2
h-18-1990-giants-2.iff,153,giants,1990,1,20,Giants,Half Back,HB,25,placeholder,87,75,27,95,14,91,55,73,14,53,9,92,25,17,55,21,36,79,14,8,18,49,71,99,77,5,82,22
h-18-1990-giants-2.iff,153,giants,1990,1,21,Giants,Half Back,HB,30,placeholder,87,84,17,89,13,77,59,79,7,57,12,90,15,17,59,41,41,92,10,6,16,49,69,50,56,5,43,76
h-18-1990-giants-2.iff,153,giants,1990,1,22,Giants,Half Back,HB,27,placeholder,83,74,15,63,13,94,55,88,34,49,28,69,15,14,54,32,39,81,20,19,16,49,38,50,38,5,60,69
h-18-1990-giants-2.iff,153,giants,1990,1,23,Giants,Half Back,HB,34,placeholder,91,76,15,67,16,68,73,85,11,53,6,61,13,13,62,39,20,72,10,14,15,49,36,50,40,24,41,24
h-18-1990-giants-2.iff,153,giants,1990,1,24,Giants,Half Back,HB,22,placeholder,90,79,17,77,17,92,53,64,15,24,10,63,15,16,63,30,28,92,8,8,18,49,44,1,31,5,62,56
h-18-1990-giants-2.iff,153,giants,1990,1,25,Giants,Linebacker,ILB,52,placeholder,63,79,10,98,11,75,70,54,86,21,99,28,11,10,43,25,20,22,81,99,11,49,96,99,63,5,99,74
h-18-1990-giants-2.iff,153,giants,1990,1,26,Giants,Linebacker,ILB,90,placeholder,78,83,10,72,7,89,59,76,72,24,80,25,10,10,16,30,21,16,58,72,8,49,37,99,53,5,95,48
h-18-1990-giants-2.iff,153,giants,1990,1,27,Giants,Linebacker,ILB,99,placeholder,75,87,13,67,16,77,83,70,60,22,71,30,11,11,24,23,26,10,58,65,15,49,31,99,45,5,47,24
h-18-1990-giants-2.iff,153,giants,1990,1,28,Giants,Linebacker,ILB,57,placeholder,80,72,10,99,22,89,53,64,52,48,77,45,11,10,42,48,45,24,49,60,22,49,47,99,20,5,59,87
h-18-1990-giants-2.iff,153,giants,1990,1,29,Giants,Kicker,K,1,placeholder,39,45,11,30,86,90,32,38,17,22,27,15,11,12,13,19,14,29,12,12,89,99,54,50,59,5,71,22
h-18-1990-giants-2.iff,153,giants,1990,1,30,Giants,Linebacker,OLB,51,placeholder,69,80,10,97,15,88,55,76,77,19,91,32,11,10,30,31,25,32,88,93,14,49,86,99,71,5,93,70
h-18-1990-giants-2.iff,153,giants,1990,1,31,Giants,Linebacker,OLB,53,placeholder,80,86,10,99,11,99,90,70,85,20,99,28,11,10,26,27,21,26,95,89,11,49,99,27,90,5,99,99
h-18-1990-giants-2.iff,153,giants,1990,1,32,Giants,Linebacker,OLB,59,placeholder,74,69,10,94,13,86,61,78,76,23,79,28,11,10,16,27,23,26,56,78,14,49,49,99,39,5,83,82
h-18-1990-giants-2.iff,153,giants,1990,1,33,Giants,Linebacker,OLB,55,placeholder,78,87,10,85,11,87,61,68,71,23,81,34,11,11,16,20,20,12,53,79,8,49,38,99,37,5,63,56
h-18-1990-giants-2.iff,153,giants,1990,1,34,Sean,Landeta,P,5,real_name_in_supplied_data,45,46,20,48,94,95,35,37,23,27,41,18,23,24,15,20,16,16,22,12,89,1,32,50,90,5,92,23
h-18-1990-giants-2.iff,153,giants,1990,1,35,Giants,Quarterback,QB,18,placeholder,70,70,82,41,7,30,39,52,29,23,28,10,89,85,16,28,25,25,18,19,12,49,90,50,80,40,70,72
h-18-1990-giants-2.iff,153,giants,1990,1,36,Giants,Quarterback,QB,14,placeholder,84,77,86,38,19,84,41,75,39,33,41,46,78,79,35,24,24,30,38,27,22,49,83,50,80,80,70,24
h-18-1990-giants-2.iff,153,giants,1990,1,37,Giants,Safety,SS,47,placeholder,88,81,10,91,14,46,51,75,82,35,83,9,11,10,23,19,20,49,53,85,19,49,49,1,61,5,95,65
h-18-1990-giants-2.iff,153,giants,1990,1,38,Giants,Safety,SS,35,placeholder,84,86,8,99,28,75,51,85,64,20,76,7,10,10,50,38,43,44,61,69,29,49,50,1,34,5,58,58
h-18-1990-giants-2.iff,153,giants,1990,1,39,Giants,Tackle,T,73,placeholder,31,46,12,86,23,97,75,44,13,30,30,18,10,10,23,89,80,8,27,28,21,49,78,99,60,5,85,41
h-18-1990-giants-2.iff,153,giants,1990,1,40,Giants,Tackle,T,77,placeholder,44,67,12,75,14,97,71,55,24,41,30,43,11,11,38,74,82,14,27,26,16,49,51,99,52,5,71,41
h-18-1990-giants-2.iff,153,giants,1990,1,41,Giants,Tackle,T,71,placeholder,48,63,11,87,16,86,77,73,13,28,24,16,10,11,21,72,72,11,26,27,15,49,50,99,51,5,38,14
h-18-1990-giants-2.iff,153,giants,1990,1,42,Giants,Tackle,T,79,placeholder,36,40,12,79,19,81,77,45,10,27,27,20,10,10,23,70,71,11,27,30,17,49,46,99,63,5,85,11
h-18-1990-giants-2.iff,153,giants,1990,1,43,Giants,Tackle,T,50,placeholder,43,64,11,73,8,99,67,62,21,26,27,39,11,16,36,67,68,17,15,22,14,49,45,99,46,5,65,24
h-18-1990-giants-2.iff,153,giants,1990,1,44,Giants,Tight End,TE,89,placeholder,78,79,11,99,17,99,53,73,14,95,14,80,12,12,92,63,69,78,15,7,19,49,77,99,89,5,99,99
h-18-1990-giants-2.iff,153,giants,1990,1,45,Giants,Tight End,TE,85,placeholder,77,77,10,59,13,69,55,64,14,68,10,47,11,11,73,73,76,76,13,15,15,49,52,99,61,5,25,24
h-18-1990-giants-2.iff,153,giants,1990,1,46,Giants,Tight End,TE,82,placeholder,67,76,10,39,3,88,57,61,19,62,13,40,11,13,69,79,78,64,8,20,4,49,22,99,31,5,57,50
h-18-1990-giants-2.iff,153,giants,1990,1,47,Giants,Receiver,WR,87,placeholder,93,86,13,28,7,82,47,99,15,85,11,66,14,14,80,27,34,76,5,10,12,49,68,50,54,5,92,42
h-18-1990-giants-2.iff,153,giants,1990,1,48,Giants,Receiver,WR,84,placeholder,86,81,15,60,11,77,37,85,8,83,15,57,16,16,87,40,40,60,12,12,15,49,73,50,70,5,98,47
h-18-1990-giants-2.iff,153,giants,1990,1,49,Giants,Receiver,WR,83,placeholder,86,74,13,44,9,77,42,68,5,79,12,62,14,14,77,34,38,46,10,13,13,49,28,50,63,5,97,47
h-18-1990-giants-2.iff,153,giants,1990,1,50,Giants,Receiver,WR,86,placeholder,89,92,15,69,14,73,33,79,11,79,9,36,16,16,79,41,41,76,8,9,19,49,46,50,41,5,74,24
h-18-1990-giants-2.iff,153,giants,1990,1,51,Giants,Receiver,WR,88,placeholder,86,81,13,58,10,80,37,72,10,70,7,43,14,14,73,34,35,64,14,6,13,49,23,50,40,5,96,24
h-18-1990-giants-2.iff,153,giants,1990,1,52,Giants,Receiver,WR,23,placeholder,87,82,13,53,14,50,11,76,33,44,31,32,13,12,58,34,25,64,19,16,14,49,33,50,24,5,48,20
h-18-2003-giants-0.iff,154,giants,2003,1,0,Chris,Bober,C,67,real_name_in_supplied_data,45,72,10,76,26,87,55,42,21,45,42,18,9,10,43,76,74,2,41,26,23,49,56,99,37,5,81,44
h-18-2003-giants-0.iff,154,giants,2003,1,1,Giants,Center,C,68,placeholder,50,46,12,72,19,87,69,47,6,22,21,11,10,10,10,46,50,8,16,27,15,49,28,40,35,5,75,41
h-18-2003-giants-0.iff,154,giants,2003,1,2,Will,Allen,CB,25,real_name_in_supplied_data,93,96,12,66,17,83,47,87,71,8,40,6,13,11,29,30,29,34,53,39,16,49,31,1,17,5,57,53
h-18-2003-giants-0.iff,154,giants,2003,1,3,William,Peterson,CB,24,real_name_in_supplied_data,87,75,12,60,18,70,45,84,68,6,41,4,13,11,17,23,26,30,37,45,19,49,31,1,14,5,61,79
h-18-2003-giants-0.iff,154,giants,2003,1,4,Ralph,Brown,CB,22,real_name_in_supplied_data,86,79,12,55,19,68,39,70,68,8,58,6,13,11,30,29,33,34,46,46,17,49,30,1,13,5,60,55
h-18-2003-giants-0.iff,154,giants,2003,1,5,Jason,Sehorn,CB,31,real_name_in_supplied_data,82,75,9,62,18,55,45,71,80,13,68,9,11,10,36,29,29,41,25,56,17,49,80,1,75,5,79,70
h-18-2003-giants-0.iff,154,giants,2003,1,6,Giants,Cornerback,CB,34,placeholder,85,60,12,53,13,73,33,72,40,7,50,5,13,11,14,21,21,2,43,46,11,49,26,26,10,5,75,33
h-18-2003-giants-0.iff,154,giants,2003,1,7,Michael,Strahan,DE,92,real_name_in_supplied_data,63,75,11,70,23,73,71,73,70,18,84,33,11,11,26,31,27,24,97,58,23,49,61,99,84,5,89,78
h-18-2003-giants-0.iff,154,giants,2003,1,8,Kenny,Holmes,DE,90,real_name_in_supplied_data,76,69,10,55,19,75,73,78,49,16,72,26,11,10,22,23,24,22,81,64,19,49,72,99,41,5,61,90
h-18-2003-giants-0.iff,154,giants,2003,1,9,Frank,Ferrara,DE,95,real_name_in_supplied_data,61,64,9,35,17,79,61,48,37,14,58,23,11,10,16,23,19,10,80,32,16,49,18,99,32,5,51,73
h-18-2003-giants-0.iff,154,giants,2003,1,10,Giants,Def End,DE,94,placeholder,68,63,10,52,16,81,73,70,41,16,47,23,11,10,14,16,15,33,59,49,17,49,20,32,19,5,75,42
h-18-2003-giants-0.iff,154,giants,2003,1,11,Cornelius,Griffin,DT,97,real_name_in_supplied_data,66,61,10,63,21,75,79,61,23,24,81,33,11,11,30,30,34,10,60,73,23,49,44,99,21,5,47,47
h-18-2003-giants-0.iff,154,giants,2003,1,12,Giants,Def Tackle,DT,99,placeholder,73,61,11,57,15,82,73,70,50,24,52,31,13,11,18,27,27,43,65,57,13,49,25,45,22,5,75,28
h-18-2003-giants-0.iff,154,giants,2003,1,13,Lance,Legree,DT,70,real_name_in_supplied_data,42,59,11,60,13,82,75,55,10,23,58,31,11,11,19,22,28,10,62,62,14,49,34,99,8,5,57,24
h-18-2003-giants-0.iff,154,giants,2003,1,14,Matt,Mitrione,DT,98,real_name_in_supplied_data,54,71,11,60,24,65,67,35,20,17,73,32,11,11,28,32,29,22,80,74,23,49,77,99,46,5,28,41
h-18-2003-giants-0.iff,154,giants,2003,1,15,Charles,Stackhouse,FB,45,real_name_in_supplied_data,62,65,17,70,11,79,59,55,12,49,12,69,14,15,43,57,48,71,10,11,13,49,41,99,25,5,21,18
h-18-2003-giants-0.iff,154,giants,2003,1,16,Giants,Full Back,FB,20,placeholder,79,66,16,80,16,80,69,75,36,41,38,55,14,14,44,46,38,69,28,20,19,49,46,43,43,5,75,65
h-18-2003-giants-0.iff,154,giants,2003,1,17,Omar,Stoutmire,FS,23,real_name_in_supplied_data,83,80,9,95,21,80,51,70,62,12,65,8,11,10,27,27,26,39,47,53,23,49,45,1,22,5,67,78
h-18-2003-giants-0.iff,154,giants,2003,1,18,Giants,Safety,FS,28,placeholder,83,79,12,55,16,77,55,76,51,6,45,4,13,11,25,18,20,31,40,37,19,49,28,27,11,5,75,39
h-18-2003-giants-0.iff,154,giants,2003,1,19,Rich,Seubert,G,69,real_name_in_supplied_data,53,59,10,70,21,86,69,48,16,33,29,9,10,10,24,70,70,4,24,27,19,49,39,99,37,5,64,15
h-18-2003-giants-0.iff,154,giants,2003,1,20,Jason,Whittle,G,66,real_name_in_supplied_data,45,55,12,58,20,80,69,45,11,27,26,9,10,10,24,77,73,7,23,26,17,49,32,99,27,5,77,43
h-18-2003-giants-0.iff,154,giants,2003,1,21,Giants,Guard,G,65,placeholder,39,45,14,62,13,88,60,48,23,28,18,31,11,11,24,50,44,16,14,28,9,49,41,39,19,5,75,4
h-18-2003-giants-0.iff,154,giants,2003,1,22,Tiki,Barber,HB,21,real_name_in_supplied_data,83,86,15,70,11,76,49,75,11,70,11,73,14,15,79,15,11,52,10,10,15,49,69,50,54,5,83,78
h-18-2003-giants-0.iff,154,giants,2003,1,23,Ron,Dayne,HB,27,real_name_in_supplied_data,79,75,17,80,11,78,53,55,14,47,14,80,14,16,37,15,16,91,7,9,11,49,60,99,24,5,55,52
h-18-2003-giants-0.iff,154,giants,2003,1,24,Giants,Half Back,HB,29,placeholder,82,77,15,41,7,69,71,79,27,35,30,57,14,14,37,13,31,76,12,18,11,49,31,43,30,5,75,54
h-18-2003-giants-0.iff,154,giants,2003,1,25,Delvin,Joyce,HB,33,real_name_in_supplied_data,83,83,17,67,9,74,47,88,37,50,30,48,14,14,43,9,29,78,20,28,11,49,38,1,17,5,42,24
h-18-2003-giants-0.iff,154,giants,2003,1,26,Micheal,Barrow,ILB,58,real_name_in_supplied_data,73,76,10,90,13,77,75,60,81,22,91,30,11,11,24,30,26,24,80,87,14,49,87,99,65,5,68,78
h-18-2003-giants-0.iff,154,giants,2003,1,27,Nick,Greisen,ILB,54,real_name_in_supplied_data,64,84,10,77,6,82,55,64,54,19,66,33,11,11,13,22,17,22,61,66,4,49,33,99,21,5,60,24
h-18-2003-giants-0.iff,154,giants,2003,1,28,Kevin,Lewis,ILB,59,real_name_in_supplied_data,79,67,10,78,4,80,59,84,58,15,62,34,11,11,16,23,20,24,60,70,4,49,32,99,35,5,44,24
h-18-2003-giants-0.iff,154,giants,2003,1,29,Matt,Bryant,K,8,real_name_in_supplied_data,39,43,11,42,78,61,34,44,23,23,32,25,11,13,25,29,25,34,20,12,85,99,35,50,62,5,50,21
h-18-2003-giants-0.iff,154,giants,2003,1,30,Brandon,Short,OLB,53,real_name_in_supplied_data,76,75,10,83,10,82,69,64,70,18,70,25,11,10,19,30,26,24,61,75,10,49,29,99,17,5,75,92
h-18-2003-giants-0.iff,154,giants,2003,1,31,Dhani,Jones,OLB,55,real_name_in_supplied_data,84,76,10,80,12,79,77,67,62,28,71,34,11,11,14,20,16,8,67,65,11,49,40,99,8,5,68,45
h-18-2003-giants-0.iff,154,giants,2003,1,32,Quincy,Monk,OLB,93,real_name_in_supplied_data,75,72,10,76,11,79,71,67,34,18,55,33,11,11,12,22,16,35,50,50,8,49,34,99,21,5,61,24
h-18-2003-giants-0.iff,154,giants,2003,1,33,Wesly,Mallard,OLB,51,real_name_in_supplied_data,86,86,9,56,18,82,53,67,30,30,52,8,10,10,13,29,28,12,42,42,16,49,35,99,27,5,64,46
h-18-2003-giants-0.iff,154,giants,2003,1,34,Giants,Punter,P,12,placeholder,40,42,21,45,45,55,41,35,20,20,29,17,23,25,15,17,14,46,16,12,14,1,33,29,60,5,75,19
h-18-2003-giants-0.iff,154,giants,2003,1,35,Kerry,Collins,QB,5,real_name_in_supplied_data,65,73,84,50,11,51,39,59,29,28,29,22,73,71,40,34,29,11,22,22,14,49,74,50,70,46,75,24
h-18-2003-giants-0.iff,154,giants,2003,1,36,Jesse,Palmer,QB,3,real_name_in_supplied_data,69,77,56,29,16,42,38,75,33,27,32,46,49,50,25,20,20,28,35,31,16,49,52,50,60,40,73,24
h-18-2003-giants-0.iff,154,giants,2003,1,37,Giants,Quarterback,QB,17,placeholder,63,68,77,26,7,41,22,53,29,22,26,8,39,71,12,16,24,40,16,19,11,49,51,32,65,52,75,60
h-18-2003-giants-0.iff,154,giants,2003,1,38,Shaun,Williams,SS,36,real_name_in_supplied_data,88,79,9,91,19,77,45,68,77,12,85,8,11,10,11,31,28,39,27,78,20,49,42,1,62,5,45,80
h-18-2003-giants-0.iff,154,giants,2003,1,39,Giants,Safety,SS,37,placeholder,80,67,9,64,16,76,51,85,69,12,58,8,10,10,11,23,21,39,14,55,14,49,35,27,27,5,75,46
h-18-2003-giants-0.iff,154,giants,2003,1,40,Luke,Petitgout,T,77,real_name_in_supplied_data,49,68,11,89,15,88,85,55,23,37,34,38,11,14,49,70,71,15,35,31,16,49,56,99,14,5,35,37
h-18-2003-giants-0.iff,154,giants,2003,1,41,Mike,Rosenthal,T,78,real_name_in_supplied_data,38,61,12,75,17,88,63,52,19,44,27,31,11,11,39,66,69,10,27,22,17,49,48,99,8,5,82,47
h-18-2003-giants-0.iff,154,giants,2003,1,42,Ian,Allen,T,74,real_name_in_supplied_data,48,53,12,69,10,91,67,59,18,33,33,42,11,11,34,58,61,17,26,31,14,49,43,99,24,5,65,6
h-18-2003-giants-0.iff,154,giants,2003,1,43,Jeremy,Shockey,TE,80,real_name_in_supplied_data,83,82,10,45,5,73,51,67,14,74,8,60,11,13,81,60,66,59,12,11,11,49,26,99,22,5,69,95
h-18-2003-giants-0.iff,154,giants,2003,1,44,Dan,Campbell,TE,89,real_name_in_supplied_data,69,87,10,37,5,76,69,76,21,63,19,38,11,13,51,44,46,63,8,20,7,49,21,99,22,5,40,46
h-18-2003-giants-0.iff,154,giants,2003,1,45,Marcellus,Rivers,TE,83,real_name_in_supplied_data,66,79,11,44,18,68,33,65,15,39,39,8,10,11,41,58,58,50,31,26,17,49,46,99,33,5,74,21
h-18-2003-giants-0.iff,154,giants,2003,1,46,Giants,Tight End,TE,84,placeholder,68,61,10,16,8,69,53,58,26,35,19,25,10,10,41,43,47,68,12,22,11,49,19,50,21,5,75,57
h-18-2003-giants-0.iff,154,giants,2003,1,47,Amani,Toomer,WR,81,real_name_in_supplied_data,87,84,15,55,7,70,46,88,14,84,8,40,14,15,86,41,43,85,14,10,12,49,71,50,70,5,89,73
h-18-2003-giants-0.iff,154,giants,2003,1,48,Giants,Receiver,WR,87,placeholder,88,91,15,59,10,66,53,73,38,45,33,28,13,15,55,33,29,66,18,16,15,49,35,48,17,5,75,42
h-18-2003-giants-0.iff,154,giants,2003,1,49,Giants,Receiver,WR,82,placeholder,79,75,15,51,5,35,53,73,12,80,12,40,16,16,82,32,34,90,6,7,10,49,56,32,90,5,75,68
h-18-2003-giants-0.iff,154,giants,2003,1,50,Giants,Receiver,WR,86,placeholder,84,76,17,66,13,67,53,73,13,51,15,40,14,15,51,45,40,65,15,10,16,49,42,34,17,5,75,42
h-18-2003-giants-0.iff,154,giants,2003,1,51,Giants,Receiver,WR,85,placeholder,84,88,13,53,14,71,53,73,33,30,31,32,13,12,60,34,25,64,19,16,14,49,33,43,8,5,75,14
h-18-2003-giants-0.iff,154,giants,2003,1,52,Giants,Receiver,WR,15,placeholder,86,77,15,30,5,68,53,73,6,57,4,31,14,14,55,41,35,67,4,9,10,49,49,30,52,5,75,68
h-19-1968-jets-4.iff,155,jets,1968,1,0,Jets,Center,C,57,placeholder,45,63,12,98,26,96,63,55,31,17,30,23,11,10,23,97,94,10,35,40,22,49,84,99,77,5,93,68
h-19-1968-jets-4.iff,155,jets,1968,1,1,Jets,Center,C,65,placeholder,53,66,12,82,21,98,57,50,30,50,37,39,11,11,42,67,70,13,41,22,22,49,54,99,45,5,75,41
h-19-1968-jets-4.iff,155,jets,1968,1,2,Jets,Center,C,56,placeholder,57,72,11,76,17,76,55,64,6,8,16,7,10,10,9,61,60,8,11,33,13,49,27,99,31,5,40,22
h-19-1968-jets-4.iff,155,jets,1968,1,3,Jets,Cornerback,CB,42,placeholder,91,86,9,85,16,54,35,89,88,13,77,9,12,10,29,14,21,41,33,54,19,49,80,1,61,5,85,64
h-19-1968-jets-4.iff,155,jets,1968,1,4,Jets,Cornerback,CB,25,placeholder,83,88,9,55,16,87,45,64,89,10,76,7,11,10,39,14,18,37,38,65,16,49,79,1,63,5,90,56
h-19-1968-jets-4.iff,155,jets,1968,1,5,Jets,Cornerback,CB,23,placeholder,89,79,9,79,16,97,43,76,73,13,79,9,12,10,5,13,18,41,33,71,19,49,64,1,63,5,74,24
h-19-1968-jets-4.iff,155,jets,1968,1,6,Jets,Cornerback,CB,43,placeholder,83,81,12,55,16,97,49,92,77,6,60,4,13,11,41,18,20,30,40,51,19,49,28,1,44,5,55,43
h-19-1968-jets-4.iff,155,jets,1968,1,7,Jets,Cornerback,CB,44,placeholder,91,74,11,72,21,76,35,77,83,8,75,6,11,11,35,46,43,34,53,62,22,49,35,1,32,5,55,76
h-19-1968-jets-4.iff,155,jets,1968,1,8,Jets,Cornerback,CB,41,placeholder,86,90,9,49,15,86,43,81,63,9,66,6,11,10,18,9,13,35,52,52,17,49,25,1,43,5,51,24
h-19-1968-jets-4.iff,155,jets,1968,1,9,Jets,Def End,DE,88,placeholder,91,88,11,60,15,79,51,82,41,25,90,33,13,11,22,21,26,12,94,83,17,49,69,99,50,5,79,85
h-19-1968-jets-4.iff,155,jets,1968,1,10,Jets,Def End,DE,83,placeholder,80,74,10,60,19,79,69,59,49,17,77,26,11,10,23,23,24,20,79,76,20,49,64,99,50,5,71,72
h-19-1968-jets-4.iff,155,jets,1968,1,11,Jets,Def End,DE,91,placeholder,57,66,10,49,19,83,59,59,15,17,66,25,11,10,20,20,21,4,63,62,19,49,21,99,30,5,68,88
h-19-1968-jets-4.iff,155,jets,1968,1,12,Jets,Def End,DE,55,placeholder,59,57,10,43,25,61,77,60,21,25,59,28,10,10,28,40,34,2,44,47,24,49,29,99,25,5,41,24
h-19-1968-jets-4.iff,155,jets,1968,1,13,Jets,Def Tackle,DT,77,placeholder,53,64,11,68,26,53,67,63,24,23,91,34,11,10,30,37,30,10,65,83,26,49,35,99,56,5,83,65
h-19-1968-jets-4.iff,155,jets,1968,1,14,Jets,Def Tackle,DT,80,placeholder,64,62,11,41,24,87,75,58,24,24,84,29,10,11,30,37,30,4,47,81,24,49,42,99,59,5,69,69
h-19-1968-jets-4.iff,155,jets,1968,1,15,Jets,Def Tackle,DT,96,placeholder,58,75,10,60,15,80,77,58,20,19,75,34,11,11,23,23,27,20,80,76,19,49,29,99,32,5,35,76
h-19-1968-jets-4.iff,155,jets,1968,1,16,Jets,Def Tackle,DT,94,placeholder,70,75,10,60,15,81,59,64,20,19,75,34,11,11,23,23,27,20,74,68,19,49,29,99,46,5,55,24
h-19-1968-jets-4.iff,155,jets,1968,1,17,Jets,Def Tackle,DT,95,placeholder,67,65,11,57,20,86,55,58,52,26,75,30,13,11,18,20,25,12,60,71,17,49,31,99,32,5,65,50
h-19-1968-jets-4.iff,155,jets,1968,1,18,Jets,Def Tackle,DT,59,placeholder,45,60,10,63,15,71,73,58,18,23,63,32,11,11,22,23,30,16,55,60,17,49,34,99,35,5,50,24
h-19-1968-jets-4.iff,155,jets,1968,1,19,Jets,Full Back,FB,48,placeholder,80,86,18,94,20,84,57,61,14,44,9,44,14,14,58,74,72,92,6,14,21,49,36,99,48,5,70,72
h-19-1968-jets-4.iff,155,jets,1968,1,20,Jets,Safety,FS,27,placeholder,81,88,12,93,22,84,39,76,78,8,82,6,12,11,14,30,31,34,48,68,25,49,54,1,53,5,65,46
h-19-1968-jets-4.iff,155,jets,1968,1,21,Jets,Safety,FS,33,placeholder,87,81,10,66,17,65,39,62,80,12,76,8,11,10,14,24,20,39,33,65,19,49,26,1,45,5,70,80
h-19-1968-jets-4.iff,155,jets,1968,1,22,Jets,Guard,G,68,placeholder,54,59,14,85,19,96,65,61,27,36,32,41,11,11,40,84,86,21,31,39,17,49,78,99,62,5,85,24
h-19-1968-jets-4.iff,155,jets,1968,1,23,Jets,Guard,G,63,placeholder,51,64,12,75,22,93,67,44,14,32,29,12,10,11,26,84,80,8,27,26,21,49,81,99,83,5,80,49
h-19-1968-jets-4.iff,155,jets,1968,1,24,Jets,Guard,G,11,placeholder,34,59,10,76,19,82,65,52,29,44,32,41,11,14,40,66,69,10,32,23,19,49,51,99,48,5,44,2
h-19-1968-jets-4.iff,155,jets,1968,1,25,Jets,Half Back,HB,31,placeholder,84,80,23,99,16,91,51,93,12,58,12,73,22,23,56,33,33,99,13,12,19,49,72,50,62,5,70,70
h-19-1968-jets-4.iff,155,jets,1968,1,26,Jets,Half Back,HB,38,placeholder,89,68,28,72,11,92,67,84,30,47,22,77,27,28,53,44,27,60,16,20,13,49,39,99,38,5,54,70
h-19-1968-jets-4.iff,155,jets,1968,1,27,Jets,Half Back,HB,34,placeholder,89,72,23,82,13,94,57,92,12,50,6,77,19,20,61,38,30,72,8,6,12,49,43,99,36,24,41,60
h-19-1968-jets-4.iff,155,jets,1968,1,28,Jets,Half Back,HB,46,placeholder,88,79,17,65,16,72,47,76,13,48,8,75,14,14,49,49,35,90,6,13,19,49,38,99,40,24,41,41
h-19-1968-jets-4.iff,155,jets,1968,1,29,Jets,Half Back,HB,30,placeholder,88,80,15,60,16,89,49,75,10,21,14,78,13,13,39,20,16,60,6,12,14,49,34,50,38,24,41,9
h-19-1968-jets-4.iff,155,jets,1968,1,30,Jets,Linebacker,ILB,67,placeholder,75,76,10,64,6,89,57,82,72,15,92,22,11,11,18,27,20,24,63,89,5,49,89,99,63,5,95,76
h-19-1968-jets-4.iff,155,jets,1968,1,31,Jets,Kicker,K,18,placeholder,37,43,11,39,83,88,30,40,16,17,40,16,11,12,19,27,20,36,12,12,72,99,15,50,53,5,41,20
h-19-1968-jets-4.iff,155,jets,1968,1,32,Jets,Linebacker,OLB,58,placeholder,80,77,10,99,15,79,61,59,76,23,88,31,11,10,30,34,28,28,77,83,16,49,92,99,52,5,81,83
h-19-1968-jets-4.iff,155,jets,1968,1,33,Jets,Linebacker,OLB,60,placeholder,74,72,10,85,14,84,71,67,76,18,86,31,11,11,23,34,26,34,72,78,13,49,87,99,69,5,77,77
h-19-1968-jets-4.iff,155,jets,1968,1,34,Jets,Linebacker,OLB,53,placeholder,65,76,10,77,6,82,47,76,56,21,76,33,10,11,14,24,16,25,62,61,5,49,33,99,26,5,44,48
h-19-1968-jets-4.iff,155,jets,1968,1,35,Jets,Linebacker,OLB,54,placeholder,81,79,10,38,17,82,69,67,39,16,58,23,10,10,19,24,20,36,55,49,16,49,19,99,22,5,36,39
h-19-1968-jets-4.iff,155,jets,1968,1,36,Jets,Punter,P,15,placeholder,40,48,21,46,69,86,33,40,20,26,39,18,25,21,10,20,16,14,23,9,68,1,14,50,54,5,70,23
h-19-1968-jets-4.iff,155,jets,1968,1,37,Jets,Quarterback,QB,12,placeholder,67,72,96,50,11,74,45,64,31,24,29,22,86,86,18,32,26,14,22,22,14,49,99,50,96,56,93,73
h-19-1968-jets-4.iff,155,jets,1968,1,38,Jets,Quarterback,QB,14,placeholder,81,91,92,28,23,45,18,73,14,29,29,51,65,60,28,13,10,28,11,5,21,49,75,50,55,67,33,24
h-19-1968-jets-4.iff,155,jets,1968,1,39,Jets,Quarterback,QB,3,placeholder,53,57,80,29,16,50,38,48,33,27,32,46,76,68,25,20,20,28,35,31,16,49,50,50,53,23,40,24
h-19-1968-jets-4.iff,155,jets,1968,1,40,Jets,Safety,SS,40,placeholder,83,93,10,70,12,69,53,84,72,35,70,9,11,10,5,24,18,49,45,71,16,49,62,1,43,5,83,80
h-19-1968-jets-4.iff,155,jets,1968,1,41,Jets,Safety,SS,47,placeholder,80,73,8,88,19,81,63,75,49,20,55,7,10,10,31,24,29,44,46,26,22,49,35,1,26,5,41,24
h-19-1968-jets-4.iff,155,jets,1968,1,42,Jets,Tackle,T,62,placeholder,28,58,11,94,21,94,69,44,16,32,36,23,10,10,32,95,91,12,34,28,19,49,75,99,69,5,85,24
h-19-1968-jets-4.iff,155,jets,1968,1,43,Jets,Tackle,T,75,placeholder,43,52,11,72,7,90,62,67,23,27,28,34,11,16,32,80,83,21,15,22,11,49,46,99,58,5,75,24
h-19-1968-jets-4.iff,155,jets,1968,1,44,Jets,Tackle,T,72,placeholder,62,54,12,80,20,89,67,54,16,29,29,23,11,11,26,68,62,17,30,30,19,49,93,99,77,5,82,38
h-19-1968-jets-4.iff,155,jets,1968,1,45,Jets,Tight End,TE,82,placeholder,68,82,10,65,14,57,63,70,8,58,14,42,11,11,70,80,85,76,7,15,16,49,35,99,64,5,29,24
h-19-1968-jets-4.iff,155,jets,1968,1,46,Jets,Tight End,TE,36,placeholder,74,80,11,44,18,83,55,73,15,35,39,24,10,11,35,77,72,50,31,26,17,49,46,99,29,5,32,21
h-19-1968-jets-4.iff,155,jets,1968,1,47,Jets,Tight End,TE,85,placeholder,76,78,10,30,4,81,67,67,14,36,13,31,11,11,27,64,67,58,11,24,7,49,23,99,24,5,24,23
h-19-1968-jets-4.iff,155,jets,1968,1,48,Jets,Receiver,WR,16,placeholder,87,75,15,72,13,85,42,79,6,90,13,66,16,16,97,45,41,90,13,12,17,49,74,50,65,5,99,81
h-19-1968-jets-4.iff,155,jets,1968,1,49,Jets,Receiver,WR,86,placeholder,81,90,15,76,12,75,40,65,13,78,14,73,16,16,83,36,38,49,13,11,17,49,75,50,66,5,99,24
h-19-1968-jets-4.iff,155,jets,1968,1,50,Jets,Receiver,WR,20,placeholder,96,83,15,72,16,47,32,82,6,86,14,41,16,17,87,46,47,80,10,7,15,49,55,50,38,5,89,80
h-19-1968-jets-4.iff,155,jets,1968,1,51,Jets,Receiver,WR,26,placeholder,85,74,13,55,14,62,34,81,33,56,32,35,13,12,56,33,29,58,20,16,15,49,34,50,31,5,80,14
h-19-1968-jets-4.iff,155,jets,1968,1,52,Jets,Receiver,WR,8,placeholder,83,91,12,28,8,74,46,73,35,63,23,19,14,14,65,25,29,64,14,18,13,49,25,50,20,5,72,57
h-19-1998-jets-0.iff,156,jets,1998,0,0,Kevin,Mawae,C,68,real_name_in_supplied_data,45,63,12,98,26,96,63,55,31,17,30,23,11,10,23,97,98,10,35,40,22,49,84,99,77,5,93,68
h-19-1998-jets-0.iff,156,jets,1998,0,1,Jets,Center,C,64,placeholder,52,57,11,85,20,95,67,45,15,13,22,9,10,10,17,64,69,9,22,30,17,49,80,99,56,5,72,41
h-19-1998-jets-0.iff,156,jets,1998,0,2,Aaron,Glenn,CB,31,real_name_in_supplied_data,90,99,9,83,17,80,37,92,92,12,75,8,11,10,12,13,19,39,48,68,20,49,72,1,74,5,82,60
h-19-1998-jets-0.iff,156,jets,1998,0,3,Ray,Mickens,CB,24,real_name_in_supplied_data,75,83,9,55,16,73,39,68,89,12,79,8,11,10,47,23,25,39,40,70,19,49,64,1,54,5,90,77
h-19-1998-jets-0.iff,156,jets,1998,0,4,Otis,Smith,CB,45,real_name_in_supplied_data,86,80,9,62,18,55,39,73,78,14,76,10,11,11,23,20,24,43,40,60,20,49,48,1,76,5,88,38
h-19-1998-jets-0.iff,156,jets,1998,0,5,Jets,Cornerback,CB,23,placeholder,85,81,11,91,26,50,57,85,72,7,57,5,11,11,9,35,36,32,55,47,24,49,57,1,29,5,34,24
h-19-1998-jets-0.iff,156,jets,1998,0,6,Jets,Cornerback,CB,26,placeholder,86,90,9,49,15,86,43,81,63,9,66,6,11,10,18,9,13,35,52,52,17,49,25,1,43,5,51,24
h-19-1998-jets-0.iff,156,jets,1998,0,7,Jets,Def End,DE,95,placeholder,75,68,10,55,19,71,63,58,47,15,81,28,11,11,23,28,25,30,74,72,19,49,63,99,72,5,82,61
h-19-1998-jets-0.iff,156,jets,1998,0,8,Jets,Def End,DE,94,placeholder,80,74,10,60,19,79,69,59,49,17,77,26,11,10,23,23,24,20,79,76,20,49,64,99,50,5,76,72
h-19-1998-jets-0.iff,156,jets,1998,0,9,Jets,Def End,DE,92,placeholder,54,66,11,49,19,89,73,58,3,16,75,26,11,10,19,27,23,4,79,70,19,49,20,99,53,5,73,61
h-19-1998-jets-0.iff,156,jets,1998,0,10,Jets,Def End,DE,97,placeholder,61,71,10,72,22,88,57,73,68,24,87,37,11,11,32,23,30,24,76,77,21,49,36,99,36,5,55,85
h-19-1998-jets-0.iff,156,jets,1998,0,11,Eric,Ogbogu,DE,99,real_name_in_supplied_data,58,74,10,50,20,86,55,65,46,19,66,26,11,10,27,32,28,12,69,53,20,49,22,99,31,5,62,61
h-19-1998-jets-0.iff,156,jets,1998,0,12,Jets,Def End,DE,93,placeholder,72,76,10,57,19,54,61,62,59,18,66,27,11,10,23,22,23,36,73,72,20,49,23,99,40,5,55,74
h-19-1998-jets-0.iff,156,jets,1998,0,13,Jason,Ferguson,DT,72,real_name_in_supplied_data,53,64,11,68,26,53,67,63,24,23,91,34,11,10,30,37,30,10,65,83,26,49,35,99,56,5,83,65
h-19-1998-jets-0.iff,156,jets,1998,0,14,Jets,Def Tackle,DT,96,placeholder,65,79,11,72,22,84,75,59,20,18,71,31,11,10,19,25,20,10,70,82,21,49,72,99,49,5,20,63
h-19-1998-jets-0.iff,156,jets,1998,0,15,Jets,Def Tackle,DT,75,placeholder,67,65,11,57,20,86,55,58,52,26,75,30,13,11,18,20,25,12,60,71,17,49,31,99,32,5,65,50
h-19-1998-jets-0.iff,156,jets,1998,0,16,Jets,Full Back,FB,48,placeholder,79,80,16,99,26,93,47,78,9,52,18,88,14,14,62,79,47,72,13,17,27,49,49,99,54,5,83,53
h-19-1998-jets-0.iff,156,jets,1998,0,17,Jerald,Sowell,FB,33,real_name_in_supplied_data,70,66,18,70,15,95,53,65,38,40,21,50,14,14,59,70,68,87,29,36,14,49,22,99,50,5,64,38
h-19-1998-jets-0.iff,156,jets,1998,0,18,Jets,Safety,FS,21,placeholder,81,88,12,93,22,84,39,76,78,8,82,6,12,11,14,30,31,34,48,68,25,49,54,1,53,5,65,46
h-19-1998-jets-0.iff,156,jets,1998,0,19,Marcus,Coleman,FS,42,real_name_in_supplied_data,89,95,11,66,20,86,45,85,65,8,54,6,11,11,34,34,35,34,44,50,21,49,36,1,37,5,23,42
h-19-1998-jets-0.iff,156,jets,1998,0,20,Jets,Guard,G,79,placeholder,51,64,12,75,22,93,67,44,14,32,29,12,10,11,26,84,80,8,27,26,21,49,81,99,83,5,80,49
h-19-1998-jets-0.iff,156,jets,1998,0,21,Jets,Guard,G,66,placeholder,49,62,11,92,16,98,61,65,10,26,22,16,10,10,9,74,86,9,22,28,15,49,84,99,59,5,79,41
h-19-1998-jets-0.iff,156,jets,1998,0,22,Jets,Guard,G,62,placeholder,49,64,12,94,28,96,77,52,19,33,34,24,10,10,31,73,70,11,34,28,25,49,74,99,60,5,72,24
h-19-1998-jets-0.iff,156,jets,1998,0,23,Kerry,Jenkins,G,71,real_name_in_supplied_data,40,47,12,76,24,97,59,41,17,32,30,18,10,10,29,85,85,7,30,28,23,49,39,99,58,5,70,42
h-19-1998-jets-0.iff,156,jets,1998,0,24,Curtis,Martin,HB,28,real_name_in_supplied_data,84,80,23,99,16,91,51,93,12,58,12,73,22,23,56,33,33,99,13,12,19,49,72,50,62,5,70,70
h-19-1998-jets-0.iff,156,jets,1998,0,25,Jets,Half Back,HB,37,placeholder,89,68,28,72,11,92,67,84,30,47,22,77,27,28,53,44,27,60,16,20,13,49,39,99,38,5,54,70
h-19-1998-jets-0.iff,156,jets,1998,0,26,Jets,Half Back,HB,27,placeholder,83,74,15,63,13,94,55,88,34,49,28,69,15,14,54,32,39,81,20,19,16,49,38,50,38,5,60,69
h-19-1998-jets-0.iff,156,jets,1998,0,27,Richie,Anderson,HB,20,real_name_in_supplied_data,86,63,14,72,17,90,55,76,33,43,36,57,14,14,36,28,31,62,30,27,16,49,43,1,22,5,51,41
h-19-1998-jets-0.iff,156,jets,1998,0,28,Jets,Linebacker,ILB,51,placeholder,80,72,10,81,13,72,63,75,69,23,86,27,11,10,15,34,29,22,74,78,13,49,72,99,53,5,71,61
h-19-1998-jets-0.iff,156,jets,1998,0,29,Jets,Linebacker,ILB,52,placeholder,72,69,10,94,14,89,55,65,76,22,83,30,11,10,26,34,27,30,73,77,14,49,69,99,54,5,72,63
h-19-1998-jets-0.iff,156,jets,1998,0,30,Jets,Linebacker,ILB,59,placeholder,83,86,10,62,4,63,73,85,64,17,67,28,11,11,13,12,8,10,66,72,4,49,30,99,43,5,1,24
h-19-1998-jets-0.iff,156,jets,1998,0,31,Jets,Linebacker,ILB,53,placeholder,76,66,10,90,16,77,67,69,53,43,64,42,11,10,34,38,37,24,39,60,16,49,36,99,23,5,39,51
h-19-1998-jets-0.iff,156,jets,1998,0,32,John,Hall,K,9,real_name_in_supplied_data,37,43,11,39,83,88,30,40,16,17,40,16,11,12,19,27,20,36,12,12,72,99,15,50,53,5,41,20
h-19-1998-jets-0.iff,156,jets,1998,0,33,Mo,Lewis,OLB,57,real_name_in_supplied_data,80,86,10,99,11,99,90,70,85,20,99,28,11,10,26,27,21,26,95,89,11,49,99,27,90,5,99,99
h-19-1998-jets-0.iff,156,jets,1998,0,34,Jets,Linebacker,OLB,56,placeholder,74,72,10,85,14,84,71,67,76,18,86,31,11,11,23,34,26,34,72,78,13,49,87,99,69,5,77,77
h-19-1998-jets-0.iff,156,jets,1998,0,35,Jets,Linebacker,OLB,54,placeholder,76,94,10,83,11,87,73,72,71,20,84,26,11,10,15,35,27,20,79,69,11,49,52,99,43,5,48,83
h-19-1998-jets-0.iff,156,jets,1998,0,36,James,Farrior,OLB,58,real_name_in_supplied_data,65,76,10,77,6,82,47,76,56,21,76,33,10,11,14,24,16,25,62,61,5,49,33,99,26,5,44,48
h-19-1998-jets-0.iff,156,jets,1998,0,37,Jets,Punter,P,17,placeholder,40,47,22,43,76,81,38,39,13,13,20,14,23,23,10,18,16,34,9,12,62,1,1,50,67,5,48,24
h-19-1998-jets-0.iff,156,jets,1998,0,38,Vinny,Testaverde,QB,16,real_name_in_supplied_data,68,83,77,37,14,89,39,68,30,26,37,46,90,93,26,19,21,28,35,34,16,49,89,50,88,65,78,24
h-19-1998-jets-0.iff,156,jets,1998,0,39,Jets,Quarterback,QB,6,placeholder,70,68,74,37,8,72,40,61,30,19,26,17,70,78,18,29,26,18,18,22,12,49,73,50,79,30,75,24
h-19-1998-jets-0.iff,156,jets,1998,0,40,Jets,Quarterback,QB,4,placeholder,75,74,79,19,11,77,39,67,39,28,50,53,71,56,39,23,24,28,31,47,13,49,66,50,60,69,14,24
h-19-1998-jets-0.iff,156,jets,1998,0,41,Jets,Safety,SS,44,placeholder,83,85,9,60,12,80,39,67,80,25,83,8,11,11,19,19,17,46,40,88,16,49,71,1,67,5,91,46
h-19-1998-jets-0.iff,156,jets,1998,0,42,Jets,Safety,SS,30,placeholder,76,76,9,58,14,88,47,59,78,35,77,9,11,10,42,29,23,49,42,71,16,49,28,1,42,5,86,89
h-19-1998-jets-0.iff,156,jets,1998,0,43,Jets,Safety,SS,47,placeholder,91,85,13,66,17,53,43,73,69,8,69,6,13,11,27,28,30,34,43,68,17,49,48,1,43,5,64,56
h-19-1998-jets-0.iff,156,jets,1998,0,44,Jason,Fabini,T,69,real_name_in_supplied_data,28,58,11,94,21,94,69,44,16,32,36,23,10,10,32,95,90,12,34,28,19,49,75,99,69,5,85,24
h-19-1998-jets-0.iff,156,jets,1998,0,45,Jets,Tackle,T,73,placeholder,48,58,11,82,16,97,77,50,24,32,32,47,11,17,43,77,77,19,23,23,16,49,55,99,52,5,48,39
h-19-1998-jets-0.iff,156,jets,1998,0,46,Kyle,Brady,TE,88,real_name_in_supplied_data,72,77,11,70,16,81,55,73,6,76,15,63,11,11,80,73,75,74,8,6,17,49,39,99,64,5,34,24
h-19-1998-jets-0.iff,156,jets,1998,0,47,Jets,Tight End,TE,85,placeholder,66,69,10,24,13,61,47,61,12,60,9,41,11,11,74,66,75,69,5,8,15,49,35,99,54,5,50,41
h-19-1998-jets-0.iff,156,jets,1998,0,48,Jets,Tight End,TE,87,placeholder,58,62,10,30,4,78,69,56,21,53,16,43,11,13,54,51,52,66,9,20,6,49,24,99,20,5,31,52
h-19-1998-jets-0.iff,156,jets,1998,0,49,Wayne,Chrebet,WR,80,real_name_in_supplied_data,79,79,15,60,11,53,56,67,13,86,13,74,16,16,90,54,54,61,12,8,16,49,83,50,89,5,80,21
h-19-1998-jets-0.iff,156,jets,1998,0,50,Keyshawn,Johnson,WR,19,real_name_in_supplied_data,85,79,15,72,12,81,40,62,14,85,10,67,16,16,84,60,62,80,7,8,16,49,56,99,57,5,99,80
h-19-1998-jets-0.iff,156,jets,1998,0,51,Jets,Receiver,WR,83,placeholder,96,83,15,72,16,47,32,82,6,86,14,41,16,17,87,46,47,80,10,7,15,49,55,50,38,5,89,80
h-19-1998-jets-0.iff,156,jets,1998,0,52,Dedric,Ward,WR,89,real_name_in_supplied_data,86,81,13,58,10,80,37,72,10,70,7,43,14,14,73,34,35,64,14,6,13,49,23,50,40,5,96,24
h-20-1967-raiders-1.iff,157,raiders,1967,1,0,Raiders,Center,C,63,placeholder,41,59,11,92,22,97,61,41,18,15,27,15,10,10,17,94,95,8,26,37,19,49,79,99,76,5,82,51
h-20-1967-raiders-1.iff,157,raiders,1967,1,1,Raiders,Cornerback,CB,25,placeholder,91,92,9,81,17,33,49,95,92,13,78,9,11,10,35,20,24,60,39,76,19,49,82,1,64,5,69,24
h-20-1967-raiders-1.iff,157,raiders,1967,1,2,Raiders,Cornerback,CB,47,placeholder,89,86,9,77,20,69,45,84,96,10,61,7,11,10,39,30,33,37,39,56,22,49,66,1,65,5,89,60
h-20-1967-raiders-1.iff,157,raiders,1967,1,3,Raiders,Cornerback,CB,45,placeholder,93,99,11,71,19,30,49,70,81,19,68,40,11,11,46,34,39,51,29,36,21,49,36,1,39,5,55,77
h-20-1967-raiders-1.iff,157,raiders,1967,1,4,Raiders,Cornerback,CB,21,placeholder,85,88,9,66,16,72,47,72,74,12,68,8,11,10,21,11,18,39,25,54,17,49,22,1,48,5,75,77
h-20-1967-raiders-1.iff,157,raiders,1967,1,5,Raiders,Def End,DE,83,placeholder,54,66,11,49,19,89,73,58,3,16,75,26,11,10,19,27,23,4,79,70,19,49,20,99,53,5,73,61
h-20-1967-raiders-1.iff,157,raiders,1967,1,6,Raiders,Def End,DE,72,placeholder,61,71,10,72,22,88,57,73,68,24,87,37,11,11,32,23,30,24,76,77,21,49,36,99,36,5,55,85
h-20-1967-raiders-1.iff,157,raiders,1967,1,7,Raiders,Def End,DE,76,placeholder,83,66,11,69,17,93,79,67,46,31,69,34,13,11,24,33,33,22,70,66,19,49,35,99,37,5,42,66
h-20-1967-raiders-1.iff,157,raiders,1967,1,8,Raiders,Def Tackle,DT,56,placeholder,60,59,11,69,21,87,67,47,18,18,89,28,11,11,22,27,22,12,76,88,20,49,69,99,64,5,76,73
h-20-1967-raiders-1.iff,157,raiders,1967,1,9,Raiders,Def Tackle,DT,74,placeholder,50,63,11,57,22,85,77,64,18,14,77,31,11,11,24,29,26,22,78,78,20,49,62,99,63,5,72,74
h-20-1967-raiders-1.iff,157,raiders,1967,1,10,Raiders,Def Tackle,DT,85,placeholder,61,81,11,60,12,76,67,75,10,23,76,31,11,11,19,22,28,10,69,68,14,49,34,99,34,5,38,43
h-20-1967-raiders-1.iff,157,raiders,1967,1,11,Raiders,Full Back,FB,35,placeholder,80,86,18,94,20,84,57,61,14,44,9,44,14,14,58,74,72,92,6,14,21,49,36,99,48,5,70,72
h-20-1967-raiders-1.iff,157,raiders,1967,1,12,Raiders,Safety,FS,20,placeholder,82,86,9,88,19,70,47,85,91,15,80,10,12,11,30,20,23,43,28,76,22,49,97,1,88,5,81,69
h-20-1967-raiders-1.iff,157,raiders,1967,1,13,Raiders,Guard,G,66,placeholder,34,46,14,89,24,94,79,62,16,31,28,19,10,10,24,85,94,8,28,30,22,49,41,99,65,5,39,42
h-20-1967-raiders-1.iff,157,raiders,1967,1,14,Raiders,Guard,G,64,placeholder,52,65,11,82,16,98,59,55,24,33,33,47,11,17,45,85,91,19,24,23,16,49,56,99,57,5,75,49
h-20-1967-raiders-1.iff,157,raiders,1967,1,15,Raiders,Guard,G,79,placeholder,50,51,12,71,19,94,63,48,6,24,22,9,10,10,10,76,87,8,16,27,15,49,69,99,56,5,49,42
h-20-1967-raiders-1.iff,157,raiders,1967,1,16,Raiders,Half Back,HB,49,placeholder,88,81,15,87,13,89,33,70,5,87,13,76,14,15,86,20,22,99,8,9,16,49,48,1,71,5,84,65
h-20-1967-raiders-1.iff,157,raiders,1967,1,17,Raiders,Half Back,HB,33,placeholder,80,76,23,82,13,96,73,95,12,32,6,86,19,20,52,61,59,86,8,6,12,49,43,50,45,5,42,68
h-20-1967-raiders-1.iff,157,raiders,1967,1,18,Raiders,Half Back,HB,31,placeholder,86,75,15,85,13,83,53,75,14,52,5,78,14,14,48,28,28,89,14,8,16,49,38,99,50,5,51,67
h-20-1967-raiders-1.iff,157,raiders,1967,1,19,Raiders,Half Back,HB,27,placeholder,89,72,23,82,13,94,57,92,12,50,6,77,19,20,61,38,30,72,8,6,12,49,43,99,36,24,41,60
h-20-1967-raiders-1.iff,157,raiders,1967,1,20,Raiders,Half Back,HB,30,placeholder,82,63,12,44,16,95,63,67,38,45,41,63,14,14,52,26,25,81,30,33,17,49,20,99,23,5,66,91
h-20-1967-raiders-1.iff,157,raiders,1967,1,21,Raiders,Linebacker,ILB,55,placeholder,81,82,10,92,11,87,73,70,82,23,99,38,11,11,23,33,29,24,78,99,11,49,82,99,63,5,70,63
h-20-1967-raiders-1.iff,157,raiders,1967,1,22,Raiders,Linebacker,ILB,59,placeholder,83,70,10,79,9,78,73,70,74,13,80,33,11,11,21,27,22,28,51,78,5,49,61,99,54,5,60,24
h-20-1967-raiders-1.iff,157,raiders,1967,1,23,Raiders,Linebacker,ILB,51,placeholder,85,80,10,76,7,87,35,85,69,15,70,23,11,10,17,26,21,24,75,75,6,49,23,99,32,5,63,92
h-20-1967-raiders-1.iff,157,raiders,1967,1,24,Raiders,Linebacker,ILB,60,placeholder,75,87,13,67,16,77,83,70,60,22,71,30,11,11,24,23,26,10,58,65,15,49,31,99,45,5,47,24
h-20-1967-raiders-1.iff,157,raiders,1967,1,25,Raiders,Kicker,K,3,placeholder,38,47,11,46,90,96,33,42,23,26,40,19,11,12,30,34,29,34,24,14,90,99,32,50,87,5,75,20
h-20-1967-raiders-1.iff,157,raiders,1967,1,26,Raiders,Linebacker,OLB,42,placeholder,80,77,10,99,15,79,61,59,76,23,88,31,11,10,30,34,28,28,77,83,16,49,92,99,52,5,81,83
h-20-1967-raiders-1.iff,157,raiders,1967,1,27,Raiders,Linebacker,OLB,44,placeholder,80,80,10,71,4,86,63,79,77,15,85,31,11,11,12,15,11,12,80,86,5,49,26,99,55,5,67,62
h-20-1967-raiders-1.iff,157,raiders,1967,1,28,Raiders,Linebacker,OLB,48,placeholder,76,81,10,98,13,78,69,59,76,17,83,31,11,11,18,30,24,39,76,78,11,49,75,99,78,5,65,89
h-20-1967-raiders-1.iff,157,raiders,1967,1,29,Raiders,Linebacker,OLB,86,placeholder,82,82,10,80,8,77,63,76,59,20,75,34,11,11,13,22,16,12,60,73,10,49,34,99,35,5,43,62
h-20-1967-raiders-1.iff,157,raiders,1967,1,30,Raiders,Linebacker,OLB,57,placeholder,79,74,10,81,13,88,75,67,74,20,66,26,11,10,15,36,29,26,52,58,13,49,34,99,24,5,3,74
h-20-1967-raiders-1.iff,157,raiders,1967,1,31,Raiders,Punter,P,18,placeholder,35,44,19,49,91,84,34,42,19,23,34,17,20,25,21,23,19,34,18,8,80,1,49,50,75,5,57,23
h-20-1967-raiders-1.iff,157,raiders,1967,1,32,Raiders,Quarterback,QB,8,placeholder,81,72,92,49,17,54,49,72,41,29,44,70,83,83,32,28,32,34,20,43,20,49,88,50,98,96,74,24
h-20-1967-raiders-1.iff,157,raiders,1967,1,33,Raiders,Quarterback,QB,13,placeholder,70,70,82,41,7,30,39,52,29,23,28,10,89,85,16,28,25,25,18,19,12,49,90,50,80,40,70,72
h-20-1967-raiders-1.iff,157,raiders,1967,1,34,Raiders,Quarterback,QB,10,placeholder,69,74,62,18,25,72,35,75,21,27,26,57,66,66,16,9,13,28,11,9,22,49,54,50,68,66,45,24
h-20-1967-raiders-1.iff,157,raiders,1967,1,35,Raiders,Safety,SS,29,placeholder,88,67,10,93,12,88,51,67,93,35,97,9,11,10,43,18,18,49,66,96,16,49,94,1,60,5,93,82
h-20-1967-raiders-1.iff,157,raiders,1967,1,36,Raiders,Safety,SS,34,placeholder,91,79,9,65,16,76,53,87,69,30,76,8,11,11,28,20,28,47,43,69,19,49,53,1,46,5,54,24
h-20-1967-raiders-1.iff,157,raiders,1967,1,37,Raiders,Safety,SS,37,placeholder,88,88,9,83,19,86,59,87,65,11,65,8,11,10,38,25,25,37,35,50,21,49,37,1,43,5,64,70
h-20-1967-raiders-1.iff,157,raiders,1967,1,38,Raiders,Tackle,T,73,placeholder,44,48,11,83,19,95,69,41,15,31,36,19,10,11,26,94,98,13,30,28,18,49,88,99,85,5,95,48
h-20-1967-raiders-1.iff,157,raiders,1967,1,39,Raiders,Tackle,T,70,placeholder,55,62,11,89,17,95,81,59,13,29,34,15,10,10,26,90,94,12,28,28,17,49,92,99,69,5,65,60
h-20-1967-raiders-1.iff,157,raiders,1967,1,40,Raiders,Tackle,T,67,placeholder,53,45,14,72,16,97,81,50,27,33,23,35,11,11,32,73,83,16,20,30,13,49,48,99,40,5,16,46
h-20-1967-raiders-1.iff,157,raiders,1967,1,41,Raiders,Tackle,T,71,placeholder,51,45,10,66,20,76,61,52,16,40,37,12,9,10,34,70,52,2,34,24,20,49,49,99,34,5,43,14
h-20-1967-raiders-1.iff,157,raiders,1967,1,42,Raiders,Tight End,TE,36,placeholder,83,82,10,45,5,60,51,67,14,94,8,89,11,13,88,75,77,59,12,11,11,49,26,99,46,5,68,95
h-20-1967-raiders-1.iff,157,raiders,1967,1,43,Raiders,Tight End,TE,81,placeholder,65,68,22,67,14,72,47,55,12,82,7,49,21,22,85,71,74,59,14,12,17,49,84,99,71,5,97,24
h-20-1967-raiders-1.iff,157,raiders,1967,1,44,Raiders,Tight End,TE,80,placeholder,81,82,10,30,4,93,55,82,21,75,16,74,11,13,76,59,65,69,9,20,6,49,24,99,37,5,56,60
h-20-1967-raiders-1.iff,157,raiders,1967,1,45,Raiders,Tight End,TE,41,placeholder,72,65,10,34,4,63,46,67,25,68,22,48,10,10,68,70,68,66,8,20,8,49,10,99,29,5,69,74
h-20-1967-raiders-1.iff,157,raiders,1967,1,46,Raiders,Receiver,WR,89,placeholder,87,75,15,72,13,85,42,79,6,90,13,66,16,16,97,45,41,90,13,12,17,49,74,50,65,5,99,81
h-20-1967-raiders-1.iff,157,raiders,1967,1,47,Raiders,Receiver,WR,24,placeholder,81,83,15,99,14,90,76,89,6,96,15,89,16,16,94,53,53,90,11,5,18,49,90,38,89,5,99,99
h-20-1967-raiders-1.iff,157,raiders,1967,1,48,Raiders,Receiver,WR,87,placeholder,86,81,15,60,11,77,37,85,8,83,15,57,16,16,87,40,40,60,12,12,15,49,73,50,70,5,98,47
h-20-1967-raiders-1.iff,157,raiders,1967,1,49,Raiders,Receiver,WR,16,placeholder,89,92,15,69,14,73,33,79,11,79,9,36,16,16,79,41,41,76,8,9,19,49,46,50,41,5,74,24
h-20-1967-raiders-1.iff,157,raiders,1967,1,50,Raiders,Receiver,WR,88,placeholder,93,79,13,42,7,85,16,80,7,69,7,31,16,15,61,28,22,71,10,11,11,49,36,1,39,5,69,52
h-20-1967-raiders-1.iff,157,raiders,1967,1,51,Raiders,Receiver,WR,84,placeholder,80,72,13,34,9,66,16,53,10,60,10,42,14,14,62,42,43,67,10,10,14,49,27,50,20,5,84,59
h-20-1967-raiders-1.iff,157,raiders,1967,1,52,Raiders,Receiver,WR,82,placeholder,91,76,17,53,12,61,15,86,12,55,9,38,15,16,60,39,35,67,10,5,13,49,35,50,27,5,63,49
h-20-1976-raiders-0.iff,158,raiders,1976,1,0,Raiders,Center,C,59,placeholder,41,59,11,92,22,97,61,41,18,15,27,15,10,10,17,93,93,8,26,37,19,49,79,99,76,5,82,51
h-20-1976-raiders-0.iff,158,raiders,1976,1,1,Raiders,Center,C,63,placeholder,47,60,11,59,19,97,53,52,15,13,32,8,10,10,18,76,79,7,22,27,17,49,33,99,52,5,78,42
h-20-1976-raiders-0.iff,158,raiders,1976,1,2,Raiders,Cornerback,CB,25,placeholder,91,92,9,81,17,33,49,95,92,13,78,9,11,10,35,20,24,60,39,76,19,49,82,1,64,5,69,24
h-20-1976-raiders-0.iff,158,raiders,1976,1,3,Raiders,Cornerback,CB,26,placeholder,85,86,9,58,16,33,41,82,86,13,80,9,11,11,29,19,18,41,32,64,17,49,90,1,76,5,84,60
h-20-1976-raiders-0.iff,158,raiders,1976,1,4,Raiders,Cornerback,CB,47,placeholder,82,82,9,41,16,76,31,82,79,12,77,8,11,10,23,19,26,39,48,70,17,49,22,1,56,5,81,54
h-20-1976-raiders-0.iff,158,raiders,1976,1,5,Raiders,Cornerback,CB,44,placeholder,89,83,11,62,16,64,47,78,78,8,71,6,11,11,32,26,31,34,45,65,17,49,67,1,46,5,56,52
h-20-1976-raiders-0.iff,158,raiders,1976,1,6,Raiders,Cornerback,CB,27,placeholder,85,88,9,66,16,72,47,72,74,12,68,8,11,10,21,11,18,39,25,54,17,49,22,1,48,5,75,77
h-20-1976-raiders-0.iff,158,raiders,1976,1,7,Raiders,Cornerback,CB,23,placeholder,91,74,11,72,21,76,35,77,83,8,75,6,11,11,35,46,43,34,53,62,22,49,35,1,32,5,55,76
h-20-1976-raiders-0.iff,158,raiders,1976,1,8,Raiders,Cornerback,CB,20,placeholder,82,81,9,88,21,69,41,61,56,13,49,9,11,10,19,29,27,41,29,41,23,49,42,1,20,5,24,57
h-20-1976-raiders-0.iff,158,raiders,1976,1,9,Raiders,Def End,DE,78,placeholder,78,88,10,79,19,76,58,64,51,14,95,28,11,10,24,19,26,28,98,88,20,49,97,99,65,5,83,80
h-20-1976-raiders-0.iff,158,raiders,1976,1,10,Raiders,Def End,DE,60,placeholder,61,71,10,72,22,88,57,73,68,24,87,37,11,11,32,23,30,24,76,77,21,49,36,99,36,5,55,85
h-20-1976-raiders-0.iff,158,raiders,1976,1,11,Raiders,Def Tackle,DT,74,placeholder,60,59,11,69,21,87,67,47,18,18,89,28,11,11,22,27,22,12,76,88,20,49,69,99,64,5,76,73
h-20-1976-raiders-0.iff,158,raiders,1976,1,12,Raiders,Def Tackle,DT,77,placeholder,62,65,11,64,23,39,79,62,26,18,93,31,10,10,30,35,31,18,70,87,23,49,71,99,51,5,56,83
h-20-1976-raiders-0.iff,158,raiders,1976,1,13,Raiders,Def Tackle,DT,68,placeholder,72,77,10,60,22,66,61,73,29,20,72,27,10,10,23,32,29,10,90,70,21,49,26,99,48,5,80,42
h-20-1976-raiders-0.iff,158,raiders,1976,1,14,Raiders,Full Back,FB,30,placeholder,80,86,18,94,20,84,57,61,14,44,9,44,14,14,58,74,72,92,6,14,21,49,36,99,48,5,70,72
h-20-1976-raiders-0.iff,158,raiders,1976,1,15,Raiders,Safety,FS,46,placeholder,82,86,9,88,19,70,47,85,91,15,80,10,12,11,30,20,23,43,28,76,22,49,97,1,88,5,81,69
h-20-1976-raiders-0.iff,158,raiders,1976,1,16,Raiders,Guard,G,66,placeholder,49,37,14,79,24,96,75,44,17,31,27,22,10,10,21,90,88,9,27,30,22,49,84,99,83,5,58,51
h-20-1976-raiders-0.iff,158,raiders,1976,1,17,Raiders,Guard,G,65,placeholder,52,65,11,82,16,98,59,55,24,33,33,47,11,17,45,85,91,19,24,23,16,49,56,99,57,5,75,49
h-20-1976-raiders-0.iff,158,raiders,1976,1,18,Raiders,Guard,G,70,placeholder,41,44,11,50,22,96,73,58,11,30,23,16,10,10,13,70,63,1,23,28,19,49,37,99,47,5,45,14
h-20-1976-raiders-0.iff,158,raiders,1976,1,19,Raiders,Half Back,HB,28,placeholder,89,64,24,82,11,90,65,81,13,55,8,87,24,25,60,27,27,86,9,7,12,49,41,50,56,5,69,65
h-20-1976-raiders-0.iff,158,raiders,1976,1,20,Raiders,Half Back,HB,49,placeholder,80,76,23,82,13,96,73,95,12,32,6,86,19,20,52,61,59,86,8,6,12,49,43,50,45,5,42,68
h-20-1976-raiders-0.iff,158,raiders,1976,1,21,Raiders,Half Back,HB,35,placeholder,86,75,15,85,13,83,53,75,14,52,5,78,14,14,48,28,28,89,14,8,16,49,38,99,50,5,51,67
h-20-1976-raiders-0.iff,158,raiders,1976,1,22,Raiders,Half Back,HB,29,placeholder,89,72,23,82,13,94,57,92,12,50,6,77,19,20,61,38,30,72,8,6,12,49,43,99,36,24,41,60
h-20-1976-raiders-0.iff,158,raiders,1976,1,23,Raiders,Half Back,HB,38,placeholder,88,79,17,65,16,72,47,76,13,48,8,75,14,14,49,49,35,90,6,13,19,49,38,99,40,24,41,41
h-20-1976-raiders-0.iff,158,raiders,1976,1,24,Raiders,Half Back,HB,32,placeholder,88,80,15,60,16,89,49,75,10,21,14,78,13,13,39,20,16,60,6,12,14,49,34,50,38,24,41,9
h-20-1976-raiders-0.iff,158,raiders,1976,1,25,Raiders,Half Back,HB,33,placeholder,77,76,17,74,11,70,61,75,14,55,9,62,14,15,65,15,10,74,12,12,15,49,45,50,27,24,45,24
h-20-1976-raiders-0.iff,158,raiders,1976,1,26,Raiders,Linebacker,ILB,39,placeholder,81,82,10,92,11,87,73,70,82,23,99,38,11,11,23,33,29,24,78,99,11,49,82,99,63,5,70,63
h-20-1976-raiders-0.iff,158,raiders,1976,1,27,Raiders,Linebacker,ILB,48,placeholder,78,69,10,78,4,64,69,84,74,15,90,34,11,11,16,23,20,24,83,89,4,49,79,99,52,5,74,63
h-20-1976-raiders-0.iff,158,raiders,1976,1,28,Raiders,Kicker,K,15,placeholder,38,47,11,46,90,96,33,42,23,26,40,19,11,12,30,34,29,34,24,14,90,99,32,50,87,5,75,20
h-20-1976-raiders-0.iff,158,raiders,1976,1,29,Raiders,Kicker,K,6,placeholder,60,43,11,42,63,77,34,44,23,23,32,25,11,13,25,29,25,34,20,12,58,99,35,50,51,5,50,21
h-20-1976-raiders-0.iff,158,raiders,1976,1,30,Raiders,Linebacker,OLB,86,placeholder,82,86,10,99,11,84,63,64,85,20,99,28,11,10,26,27,21,26,68,98,11,49,90,99,70,5,90,82
h-20-1976-raiders-0.iff,158,raiders,1976,1,31,Raiders,Linebacker,OLB,51,placeholder,80,80,10,71,4,86,63,79,77,15,85,31,11,11,12,15,11,12,80,86,5,49,26,99,55,5,67,62
h-20-1976-raiders-0.iff,158,raiders,1976,1,32,Raiders,Linebacker,OLB,52,placeholder,76,81,10,98,13,78,69,59,76,17,83,31,11,11,18,30,24,39,76,78,11,49,75,99,78,5,65,89
h-20-1976-raiders-0.iff,158,raiders,1976,1,33,Raiders,Linebacker,OLB,58,placeholder,76,94,10,83,11,87,73,72,71,20,84,26,11,10,15,35,27,20,79,69,11,49,52,99,43,5,48,83
h-20-1976-raiders-0.iff,158,raiders,1976,1,34,Raiders,Linebacker,OLB,54,placeholder,79,74,10,81,13,88,75,67,74,20,66,26,11,10,15,36,29,26,52,58,13,49,34,99,24,5,3,74
h-20-1976-raiders-0.iff,158,raiders,1976,1,35,Raiders,Linebacker,OLB,84,placeholder,81,79,10,38,17,82,69,67,39,16,58,23,10,10,19,24,20,36,55,49,16,49,19,99,22,5,36,39
h-20-1976-raiders-0.iff,158,raiders,1976,1,36,Raiders,Punter,P,3,placeholder,45,46,20,48,94,95,35,37,23,27,41,18,23,24,15,20,16,16,22,12,89,1,32,50,90,5,92,23
h-20-1976-raiders-0.iff,158,raiders,1976,1,37,Raiders,Quarterback,QB,12,placeholder,67,72,96,50,11,74,45,64,31,24,29,22,86,86,18,32,26,14,22,22,14,49,99,50,96,56,93,73
h-20-1976-raiders-0.iff,158,raiders,1976,1,38,Raiders,Quarterback,QB,14,placeholder,66,69,82,44,16,78,40,56,33,25,36,42,75,74,26,25,26,30,14,38,17,49,80,50,78,45,75,71
h-20-1976-raiders-0.iff,158,raiders,1976,1,39,Raiders,Quarterback,QB,18,placeholder,69,74,62,18,25,72,35,75,21,27,26,57,66,66,16,9,13,28,11,9,22,49,54,50,68,66,45,24
h-20-1976-raiders-0.iff,158,raiders,1976,1,40,Raiders,Safety,SS,37,placeholder,89,90,10,99,12,99,80,80,85,35,99,40,11,10,35,18,18,49,65,96,16,49,99,25,99,5,99,74
h-20-1976-raiders-0.iff,158,raiders,1976,1,41,Raiders,Tackle,T,71,placeholder,44,48,11,83,19,95,69,41,15,31,36,19,10,11,26,95,99,13,30,28,18,49,88,99,85,5,95,48
h-20-1976-raiders-0.iff,158,raiders,1976,1,42,Raiders,Tackle,T,75,placeholder,55,62,11,89,17,95,81,59,13,29,34,15,10,10,26,91,94,12,28,28,17,49,92,99,69,5,65,60
h-20-1976-raiders-0.iff,158,raiders,1976,1,43,Raiders,Tackle,T,72,placeholder,43,64,11,73,8,99,67,62,21,26,27,39,11,16,36,67,68,17,15,22,14,49,45,99,46,5,65,24
h-20-1976-raiders-0.iff,158,raiders,1976,1,44,Raiders,Tackle,T,79,placeholder,32,44,14,59,12,87,65,56,20,27,17,28,11,11,23,67,54,16,12,28,8,49,39,99,30,5,65,46
h-20-1976-raiders-0.iff,158,raiders,1976,1,45,Raiders,Tight End,TE,82,placeholder,78,79,11,99,17,99,53,73,14,95,14,80,12,12,92,63,69,78,15,7,19,49,77,99,89,5,99,99
h-20-1976-raiders-0.iff,158,raiders,1976,1,46,Raiders,Tight End,TE,87,placeholder,73,64,10,13,5,87,49,66,28,81,19,58,11,10,86,67,66,76,8,22,8,49,13,99,51,5,86,60
h-20-1976-raiders-0.iff,158,raiders,1976,1,47,Raiders,Tight End,TE,43,placeholder,72,65,10,34,4,63,46,67,25,68,22,48,10,10,68,70,68,66,8,20,8,49,10,99,29,5,69,74
h-20-1976-raiders-0.iff,158,raiders,1976,1,48,Raiders,Receiver,WR,21,placeholder,87,75,15,72,13,85,42,79,6,90,13,66,16,16,97,45,41,90,13,12,17,49,74,50,65,5,99,81
h-20-1976-raiders-0.iff,158,raiders,1976,1,49,Raiders,Receiver,WR,24,placeholder,81,83,15,99,14,90,76,89,6,96,15,89,16,16,94,53,53,90,11,5,18,49,90,38,89,5,99,99
h-20-1976-raiders-0.iff,158,raiders,1976,1,50,Raiders,Receiver,WR,40,placeholder,93,90,25,49,18,86,37,92,10,86,7,70,21,19,84,32,45,76,10,7,20,49,43,99,53,5,79,48
h-20-1976-raiders-0.iff,158,raiders,1976,1,51,Raiders,Receiver,WR,88,placeholder,93,79,13,42,7,85,16,80,7,69,7,31,16,15,61,28,22,71,10,11,11,49,36,1,39,5,69,52
h-20-1976-raiders-0.iff,158,raiders,1976,1,52,Raiders,Receiver,WR,8,placeholder,83,91,12,28,8,74,46,73,35,63,23,19,14,14,65,25,29,64,14,18,13,49,25,50,20,5,72,57
h-20-1983-raiders-0.iff,159,raiders,1983,1,0,Raiders,Center,C,50,placeholder,41,59,11,92,22,97,61,41,18,15,27,15,10,10,17,93,94,8,26,37,19,49,79,99,76,5,82,51
h-20-1983-raiders-0.iff,159,raiders,1983,1,1,Raiders,Center,C,57,placeholder,47,60,11,59,19,97,53,52,15,13,32,8,10,10,18,76,79,7,22,27,17,49,33,99,52,5,78,42
h-20-1983-raiders-0.iff,159,raiders,1983,1,2,Raiders,Cornerback,CB,40,placeholder,91,92,9,81,17,33,49,95,92,13,78,9,11,10,35,20,24,60,39,76,19,49,82,1,64,5,69,24
h-20-1983-raiders-0.iff,159,raiders,1983,1,3,Raiders,Cornerback,CB,32,placeholder,87,86,9,70,18,83,45,82,95,14,74,10,11,11,42,19,26,43,30,60,19,49,84,1,79,5,86,78
h-20-1983-raiders-0.iff,159,raiders,1983,1,4,Raiders,Cornerback,CB,44,placeholder,93,99,11,71,19,30,49,70,81,19,68,40,11,11,46,34,39,51,29,36,21,49,36,1,39,5,55,77
h-20-1983-raiders-0.iff,159,raiders,1983,1,5,Raiders,Cornerback,CB,20,placeholder,92,99,11,71,19,72,39,92,80,19,44,39,11,11,48,34,39,51,29,36,21,49,36,1,45,5,55,42
h-20-1983-raiders-0.iff,159,raiders,1983,1,6,Raiders,Cornerback,CB,27,placeholder,85,88,9,66,16,72,47,72,74,12,68,8,11,10,21,11,18,39,25,54,17,49,22,1,48,5,75,77
h-20-1983-raiders-0.iff,159,raiders,1983,1,7,Raiders,Cornerback,CB,41,placeholder,87,81,12,55,16,85,41,92,72,6,77,4,13,11,26,18,20,1,40,62,19,49,28,1,39,5,55,39
h-20-1983-raiders-0.iff,159,raiders,1983,1,8,Raiders,Cornerback,CB,29,placeholder,90,91,11,94,24,61,49,82,67,7,35,35,11,11,39,44,42,32,47,31,26,49,58,1,35,5,34,24
h-20-1983-raiders-0.iff,159,raiders,1983,1,9,Raiders,Cornerback,CB,26,placeholder,91,79,11,60,17,86,49,76,67,7,45,5,11,11,21,23,23,32,38,42,15,49,31,1,32,5,48,39
h-20-1983-raiders-0.iff,159,raiders,1983,1,10,Raiders,Def End,DE,75,placeholder,77,76,11,78,21,34,69,64,49,16,90,31,11,11,22,23,24,24,90,84,21,49,80,99,73,5,81,74
h-20-1983-raiders-0.iff,159,raiders,1983,1,11,Raiders,Def End,DE,72,placeholder,61,71,10,72,22,88,57,73,68,24,87,37,11,11,32,23,30,24,76,77,21,49,36,99,36,5,55,85
h-20-1983-raiders-0.iff,159,raiders,1983,1,12,Raiders,Def End,DE,96,placeholder,83,66,11,69,17,93,79,67,46,31,69,34,13,11,24,33,33,22,70,66,19,49,35,99,37,5,42,66
h-20-1983-raiders-0.iff,159,raiders,1983,1,13,Raiders,Def End,DE,71,placeholder,72,76,10,57,19,54,61,62,59,18,66,27,11,10,23,22,23,36,73,72,20,49,23,99,40,5,55,74
h-20-1983-raiders-0.iff,159,raiders,1983,1,14,Raiders,Def Tackle,DT,74,placeholder,60,59,11,69,21,87,67,47,18,18,89,28,11,11,22,27,22,12,76,88,20,49,69,99,64,5,76,73
h-20-1983-raiders-0.iff,159,raiders,1983,1,15,Raiders,Def Tackle,DT,78,placeholder,72,77,10,60,22,66,61,73,29,20,72,27,10,10,23,32,29,10,90,70,21,49,26,99,48,5,80,42
h-20-1983-raiders-0.iff,159,raiders,1983,1,16,Raiders,Def Tackle,DT,67,placeholder,61,81,11,60,12,76,67,75,10,23,76,31,11,11,19,22,28,10,69,68,14,49,34,99,34,5,38,43
h-20-1983-raiders-0.iff,159,raiders,1983,1,17,Raiders,Full Back,FB,36,placeholder,77,83,18,92,22,91,67,67,6,65,5,91,14,16,76,67,65,65,10,14,21,49,74,99,68,5,66,66
h-20-1983-raiders-0.iff,159,raiders,1983,1,18,Raiders,Safety,FS,23,placeholder,82,86,9,88,19,70,47,85,91,15,80,10,12,11,30,20,23,43,28,76,22,49,97,1,88,5,81,69
h-20-1983-raiders-0.iff,159,raiders,1983,1,19,Raiders,Guard,G,64,placeholder,34,46,14,89,24,94,79,62,16,31,28,19,10,10,24,85,94,8,28,30,22,49,41,99,65,5,39,42
h-20-1983-raiders-0.iff,159,raiders,1983,1,20,Raiders,Guard,G,76,placeholder,52,65,11,82,16,98,59,55,24,33,33,47,11,17,45,85,91,19,24,23,16,49,56,99,57,5,75,49
h-20-1983-raiders-0.iff,159,raiders,1983,1,21,Raiders,Guard,G,77,placeholder,50,51,12,71,19,94,63,48,6,24,22,9,10,10,10,76,87,8,16,27,15,49,69,99,56,5,49,42
h-20-1983-raiders-0.iff,159,raiders,1983,1,22,Raiders,Guard,G,63,placeholder,49,62,11,92,16,98,61,65,10,26,22,16,10,10,9,74,86,9,22,28,15,49,84,99,59,5,69,41
h-20-1983-raiders-0.iff,159,raiders,1983,1,23,Raiders,Half Back,HB,37,placeholder,90,83,24,99,14,99,37,78,15,86,15,89,22,24,85,38,51,98,9,8,18,49,84,1,81,5,99,73
h-20-1983-raiders-0.iff,159,raiders,1983,1,24,Raiders,Half Back,HB,39,placeholder,80,76,23,82,13,96,73,95,12,32,6,86,19,20,52,61,59,86,8,6,12,49,43,50,45,5,42,68
h-20-1983-raiders-0.iff,159,raiders,1983,1,25,Raiders,Half Back,HB,35,placeholder,81,79,25,89,13,81,55,67,8,74,6,85,16,15,79,31,32,96,12,10,17,49,41,50,67,5,86,71
h-20-1983-raiders-0.iff,159,raiders,1983,1,26,Raiders,Half Back,HB,49,placeholder,82,67,17,79,13,94,51,70,14,59,6,69,15,16,57,38,34,64,12,8,16,49,44,99,42,5,68,24
h-20-1983-raiders-0.iff,159,raiders,1983,1,27,Raiders,Half Back,HB,31,placeholder,89,72,23,82,13,94,57,92,12,50,6,77,19,20,61,38,30,72,8,6,12,49,43,99,36,24,41,60
h-20-1983-raiders-0.iff,159,raiders,1983,1,28,Raiders,Half Back,HB,38,placeholder,88,79,17,65,16,72,47,76,13,48,8,75,14,14,49,49,35,90,6,13,19,49,38,99,40,24,41,41
h-20-1983-raiders-0.iff,159,raiders,1983,1,29,Raiders,Linebacker,ILB,56,placeholder,81,82,10,92,11,87,73,70,82,23,99,38,11,11,23,33,29,24,78,99,11,49,82,99,63,5,70,63
h-20-1983-raiders-0.iff,159,raiders,1983,1,30,Raiders,Linebacker,ILB,55,placeholder,83,70,10,79,9,78,73,70,74,13,80,33,11,11,21,27,22,28,51,78,5,49,61,99,54,5,60,24
h-20-1983-raiders-0.iff,159,raiders,1983,1,31,Raiders,Linebacker,ILB,59,placeholder,85,80,10,76,7,87,35,85,69,15,70,23,11,10,17,26,21,24,75,75,6,49,23,99,32,5,63,92
h-20-1983-raiders-0.iff,159,raiders,1983,1,32,Raiders,Kicker,K,19,placeholder,38,47,11,46,90,96,33,42,23,26,40,19,11,12,30,34,29,34,24,14,90,99,32,50,87,5,75,20
h-20-1983-raiders-0.iff,159,raiders,1983,1,33,Raiders,Linebacker,OLB,86,placeholder,82,86,10,99,11,84,63,64,85,20,99,28,11,10,26,27,21,26,68,98,11,49,90,99,70,5,90,82
h-20-1983-raiders-0.iff,159,raiders,1983,1,34,Raiders,Linebacker,OLB,58,placeholder,80,80,10,71,4,86,63,79,77,15,85,31,11,11,12,15,11,12,80,86,5,49,26,99,55,5,67,62
h-20-1983-raiders-0.iff,159,raiders,1983,1,35,Raiders,Linebacker,OLB,51,placeholder,78,81,10,72,8,72,63,72,70,14,74,26,11,10,38,16,18,28,85,74,9,49,67,99,58,5,79,88
h-20-1983-raiders-0.iff,159,raiders,1983,1,36,Raiders,Punter,P,3,placeholder,45,46,20,48,94,95,35,37,23,27,41,18,23,24,15,20,16,16,22,12,89,1,32,50,90,5,92,23
h-20-1983-raiders-0.iff,159,raiders,1983,1,37,Raiders,Quarterback,QB,13,placeholder,66,64,93,50,9,84,43,56,26,21,31,22,93,96,21,30,28,29,20,22,13,49,92,50,78,30,85,24
h-20-1983-raiders-0.iff,159,raiders,1983,1,38,Raiders,Quarterback,QB,4,placeholder,53,61,73,29,8,59,38,39,29,35,23,17,79,85,47,24,23,30,15,20,11,49,71,50,73,50,71,24
h-20-1983-raiders-0.iff,159,raiders,1983,1,39,Raiders,Quarterback,QB,18,placeholder,69,74,62,18,25,72,35,75,21,27,26,57,66,66,16,9,13,28,11,9,22,49,54,50,68,66,45,24
h-20-1983-raiders-0.iff,159,raiders,1983,1,40,Raiders,Safety,SS,33,placeholder,88,67,10,93,12,88,51,67,93,35,97,9,11,10,43,18,18,49,66,96,16,49,94,1,60,5,93,82
h-20-1983-raiders-0.iff,159,raiders,1983,1,41,Raiders,Tackle,T,70,placeholder,44,48,11,83,19,95,69,41,15,31,36,19,10,11,26,92,99,13,30,28,18,49,88,99,85,5,95,48
h-20-1983-raiders-0.iff,159,raiders,1983,1,42,Raiders,Tackle,T,79,placeholder,55,62,11,89,17,95,81,59,13,29,34,15,10,10,26,92,95,12,28,28,17,49,92,99,69,5,65,60
h-20-1983-raiders-0.iff,159,raiders,1983,1,43,Raiders,Tackle,T,73,placeholder,43,64,11,73,8,99,67,62,21,26,27,39,11,16,36,67,68,17,15,22,14,49,45,99,46,5,65,24
h-20-1983-raiders-0.iff,159,raiders,1983,1,44,Raiders,Tackle,T,65,placeholder,51,45,10,66,20,76,61,52,16,40,37,12,9,10,34,70,52,2,34,24,20,49,49,99,34,5,43,14
h-20-1983-raiders-0.iff,159,raiders,1983,1,45,Raiders,Tight End,TE,43,placeholder,78,79,11,99,17,99,53,73,14,95,14,80,12,12,92,63,69,78,15,7,19,49,77,99,89,5,99,99
h-20-1983-raiders-0.iff,159,raiders,1983,1,46,Raiders,Tight End,TE,82,placeholder,73,64,10,13,5,87,49,66,28,81,19,58,11,10,86,67,66,76,8,22,8,49,13,99,51,5,86,60
h-20-1983-raiders-0.iff,159,raiders,1983,1,47,Raiders,Tight End,TE,85,placeholder,72,65,10,34,4,63,46,67,25,68,22,48,10,10,68,70,68,66,8,20,8,49,10,99,29,5,69,74
h-20-1983-raiders-0.iff,159,raiders,1983,1,48,Raiders,Receiver,WR,21,placeholder,85,85,24,55,10,87,56,85,6,92,10,57,22,24,90,44,45,90,6,9,14,49,64,50,61,5,99,82
h-20-1983-raiders-0.iff,159,raiders,1983,1,49,Raiders,Receiver,WR,80,placeholder,88,90,15,62,13,91,35,75,8,85,15,61,16,16,90,58,56,80,8,7,17,49,88,50,99,5,99,24
h-20-1983-raiders-0.iff,159,raiders,1983,1,50,Raiders,Receiver,WR,84,placeholder,93,90,25,49,18,86,37,92,10,86,7,70,21,19,84,32,45,76,10,7,20,49,43,99,53,5,79,48
h-20-1983-raiders-0.iff,159,raiders,1983,1,51,Raiders,Receiver,WR,87,placeholder,89,92,15,69,14,73,33,79,11,79,9,36,16,16,79,41,41,76,8,9,19,49,46,50,41,5,74,24
h-20-1983-raiders-0.iff,159,raiders,1983,1,52,Raiders,Receiver,WR,28,placeholder,93,79,13,42,7,85,16,80,7,69,7,31,16,15,61,28,22,71,10,11,11,49,36,1,39,5,69,52
h-21-1960-eagles-8.iff,160,eagles,1960,0,0,Eagles,Center,C,66,placeholder,53,62,12,98,26,97,67,52,34,18,30,26,11,10,20,93,82,8,35,40,23,49,90,99,74,5,81,49
h-21-1960-eagles-8.iff,160,eagles,1960,0,1,Eagles,Center,C,54,placeholder,43,61,11,83,21,87,67,65,37,41,32,38,14,11,41,61,60,9,41,37,17,49,51,99,28,5,46,62
h-21-1960-eagles-8.iff,160,eagles,1960,0,2,Eagles,Center,C,61,placeholder,52,58,11,76,17,99,91,67,6,8,16,7,10,10,9,54,52,8,11,33,13,49,27,99,42,5,35,22
h-21-1960-eagles-8.iff,160,eagles,1960,0,3,Eagles,Cornerback,CB,44,placeholder,91,92,9,81,17,33,49,95,92,13,78,9,11,10,35,20,24,60,39,76,19,49,82,1,64,5,69,24
h-21-1960-eagles-8.iff,160,eagles,1960,0,4,Eagles,Cornerback,CB,28,placeholder,83,85,9,53,17,82,35,78,92,14,67,10,11,10,24,30,28,43,25,59,19,49,78,1,69,5,95,60
h-21-1960-eagles-8.iff,160,eagles,1960,0,5,Eagles,Cornerback,CB,22,placeholder,85,98,12,53,17,87,49,99,70,14,72,10,12,13,23,5,5,60,30,59,15,49,32,1,42,5,51,60
h-21-1960-eagles-8.iff,160,eagles,1960,0,6,Eagles,Cornerback,CB,49,placeholder,91,74,11,72,21,76,35,77,83,8,75,6,11,11,35,46,43,34,53,62,22,49,35,1,32,5,55,76
h-21-1960-eagles-8.iff,160,eagles,1960,0,7,Eagles,Cornerback,CB,48,placeholder,91,81,11,91,26,62,55,73,66,7,44,5,11,11,9,35,36,32,55,40,24,49,57,1,31,5,35,24
h-21-1960-eagles-8.iff,160,eagles,1960,0,8,Eagles,Cornerback,CB,21,placeholder,82,81,9,88,21,69,41,61,56,13,49,9,11,10,19,29,27,41,29,41,23,49,42,1,20,5,24,57
h-21-1960-eagles-8.iff,160,eagles,1960,0,9,Eagles,Def End,DE,63,placeholder,76,64,10,70,20,79,73,64,46,18,85,29,11,10,19,27,20,18,93,80,20,49,70,99,66,5,75,81
h-21-1960-eagles-8.iff,160,eagles,1960,0,10,Eagles,Def End,DE,70,placeholder,65,85,10,63,19,79,65,85,55,18,79,26,11,10,23,17,21,12,83,83,20,49,31,99,44,5,45,83
h-21-1960-eagles-8.iff,160,eagles,1960,0,11,Eagles,Def End,DE,74,placeholder,65,62,11,49,12,38,67,88,10,19,89,27,13,11,14,18,20,10,83,82,13,49,26,99,40,5,50,46
h-21-1960-eagles-8.iff,160,eagles,1960,0,12,Eagles,Def End,DE,76,placeholder,50,48,10,53,20,74,75,59,10,18,73,28,10,10,23,28,24,4,79,78,21,49,26,99,33,5,74,77
h-21-1960-eagles-8.iff,160,eagles,1960,0,13,Eagles,Def End,DE,71,placeholder,65,80,11,55,13,85,69,70,39,25,64,31,13,11,15,25,25,22,68,45,14,49,27,99,35,5,50,24
h-21-1960-eagles-8.iff,160,eagles,1960,0,14,Eagles,Def Tackle,DT,77,placeholder,63,79,10,82,22,68,67,61,26,29,94,47,11,11,31,31,35,39,79,90,23,49,44,99,46,5,75,79
h-21-1960-eagles-8.iff,160,eagles,1960,0,15,Eagles,Def Tackle,DT,78,placeholder,59,56,10,63,22,73,67,56,50,19,88,28,11,10,27,35,27,22,75,84,23,49,48,99,64,5,75,58
h-21-1960-eagles-8.iff,160,eagles,1960,0,16,Eagles,Def Tackle,DT,79,placeholder,56,70,10,69,18,90,61,59,13,22,85,29,11,11,26,21,25,14,60,84,15,49,34,99,48,5,65,42
h-21-1960-eagles-8.iff,160,eagles,1960,0,17,Eagles,Def Tackle,DT,91,placeholder,70,75,10,60,15,81,59,64,20,19,75,34,11,11,23,23,27,20,74,68,19,49,29,99,46,5,55,24
h-21-1960-eagles-8.iff,160,eagles,1960,0,18,Eagles,Full Back,FB,26,placeholder,59,64,16,70,19,72,51,52,44,55,30,35,14,14,56,90,78,81,37,35,20,49,43,99,59,5,90,37
h-21-1960-eagles-8.iff,160,eagles,1960,0,19,Eagles,Safety,FS,25,placeholder,82,72,9,92,19,76,57,73,80,12,97,8,11,10,7,22,22,39,59,97,22,49,79,1,74,5,96,57
h-21-1960-eagles-8.iff,160,eagles,1960,0,20,Eagles,Guard,G,62,placeholder,32,61,12,83,22,94,79,58,13,29,26,15,10,10,21,82,88,8,24,28,19,49,80,99,74,5,45,39
h-21-1960-eagles-8.iff,160,eagles,1960,0,21,Eagles,Guard,G,65,placeholder,53,48,14,72,19,96,67,58,26,40,29,41,11,11,39,81,83,14,26,26,20,49,49,99,58,5,65,44
h-21-1960-eagles-8.iff,160,eagles,1960,0,22,Eagles,Guard,G,64,placeholder,42,66,14,85,22,94,71,45,33,41,32,49,11,11,48,70,70,20,41,32,21,49,54,99,48,5,38,24
h-21-1960-eagles-8.iff,160,eagles,1960,0,23,Eagles,Guard,G,73,placeholder,34,59,10,76,19,82,65,52,29,44,32,41,11,14,40,66,69,10,32,23,19,49,51,99,48,5,44,2
h-21-1960-eagles-8.iff,160,eagles,1960,0,24,Eagles,Half Back,HB,36,placeholder,80,76,23,82,13,96,73,95,12,32,6,86,19,20,52,61,59,86,8,6,12,49,43,50,45,5,42,68
h-21-1960-eagles-8.iff,160,eagles,1960,0,25,Eagles,Half Back,HB,27,placeholder,83,73,15,87,12,91,59,65,14,68,8,76,14,16,65,30,32,87,7,7,14,49,67,50,56,5,61,61
h-21-1960-eagles-8.iff,160,eagles,1960,0,26,Eagles,Half Back,HB,30,placeholder,82,63,12,44,16,95,63,67,38,45,41,63,14,14,52,26,25,81,30,33,17,49,20,99,23,5,66,91
h-21-1960-eagles-8.iff,160,eagles,1960,0,27,Eagles,Half Back,HB,34,placeholder,83,68,15,67,16,90,71,79,11,31,6,61,13,13,61,48,50,75,10,14,15,49,36,50,39,5,36,9
h-21-1960-eagles-8.iff,160,eagles,1960,0,28,Eagles,Half Back,HB,31,placeholder,93,77,28,41,13,93,65,74,12,49,14,45,20,21,55,30,24,76,11,10,16,49,68,50,48,5,38,64
h-21-1960-eagles-8.iff,160,eagles,1960,0,29,Eagles,Linebacker,ILB,58,placeholder,73,75,10,84,9,85,69,67,70,23,76,35,11,11,26,27,21,22,73,70,7,49,39,99,42,5,70,66
h-21-1960-eagles-8.iff,160,eagles,1960,0,30,Eagles,Linebacker,ILB,53,placeholder,72,82,10,87,13,88,63,58,70,19,83,29,11,10,28,31,25,32,63,84,13,49,77,99,36,5,79,74
h-21-1960-eagles-8.iff,160,eagles,1960,0,31,Eagles,Kicker,K,67,placeholder,60,43,11,42,63,77,34,44,23,23,32,25,11,13,25,29,25,34,20,12,58,99,35,50,51,5,50,21
h-21-1960-eagles-8.iff,160,eagles,1960,0,32,Eagles,Linebacker,OLB,56,placeholder,81,83,10,81,9,57,51,79,76,20,75,24,11,10,20,28,19,20,52,74,10,49,32,99,45,5,89,73
h-21-1960-eagles-8.iff,160,eagles,1960,0,33,Eagles,Linebacker,OLB,55,placeholder,59,68,10,93,13,69,77,72,76,18,80,30,11,10,30,33,27,36,74,80,14,49,39,99,54,5,51,54
h-21-1960-eagles-8.iff,160,eagles,1960,0,34,Eagles,Linebacker,OLB,20,placeholder,79,79,10,77,6,83,65,81,56,19,66,33,11,11,13,22,17,22,61,69,4,49,33,99,24,5,22,66
h-21-1960-eagles-8.iff,160,eagles,1960,0,35,Eagles,Linebacker,OLB,52,placeholder,79,78,10,76,7,82,59,73,75,15,63,24,11,11,14,22,18,30,65,61,7,49,44,99,26,5,61,76
h-21-1960-eagles-8.iff,160,eagles,1960,0,36,Eagles,Punter,P,13,placeholder,40,48,21,46,69,86,33,40,20,26,39,18,25,21,10,20,16,14,23,9,68,1,14,50,54,5,70,23
h-21-1960-eagles-8.iff,160,eagles,1960,0,37,Eagles,Quarterback,QB,18,placeholder,68,83,77,37,14,89,39,68,30,26,37,46,90,93,26,19,21,28,35,34,16,49,89,50,88,65,78,24
h-21-1960-eagles-8.iff,160,eagles,1960,0,38,Eagles,Quarterback,QB,1,placeholder,70,70,82,41,7,30,39,52,29,23,28,10,89,85,16,28,25,25,18,19,12,49,90,50,80,40,70,72
h-21-1960-eagles-8.iff,160,eagles,1960,0,39,Eagles,Quarterback,QB,3,placeholder,53,57,80,29,16,50,38,48,33,27,32,46,76,68,25,20,20,28,35,31,16,49,50,50,53,23,40,24
h-21-1960-eagles-8.iff,160,eagles,1960,0,40,Eagles,Safety,SS,23,placeholder,84,84,10,91,16,47,61,68,72,30,79,8,11,11,14,22,18,47,55,77,19,49,77,1,59,5,93,79
h-21-1960-eagles-8.iff,160,eagles,1960,0,41,Eagles,Tackle,T,75,placeholder,43,55,11,87,17,99,67,52,11,29,29,15,10,10,26,88,90,10,28,28,16,49,80,99,65,5,79,50
h-21-1960-eagles-8.iff,160,eagles,1960,0,42,Eagles,Tackle,T,60,placeholder,51,45,11,82,19,95,67,52,15,34,37,19,10,10,24,77,77,8,31,28,19,49,48,99,50,5,77,52
h-21-1960-eagles-8.iff,160,eagles,1960,0,43,Eagles,Tackle,T,68,placeholder,43,64,11,73,8,99,67,62,21,26,27,39,11,16,36,67,68,17,15,22,14,49,45,99,46,5,65,24
h-21-1960-eagles-8.iff,160,eagles,1960,0,44,Eagles,Tight End,TE,89,placeholder,68,68,10,37,16,81,49,61,10,76,6,65,11,10,75,79,78,47,7,7,18,49,32,99,70,5,82,24
h-21-1960-eagles-8.iff,160,eagles,1960,0,45,Eagles,Tight End,TE,99,placeholder,74,87,10,53,10,85,47,68,5,70,10,53,11,12,72,72,79,65,6,14,12,49,35,99,42,5,40,50
h-21-1960-eagles-8.iff,160,eagles,1960,0,46,Eagles,Tight End,TE,83,placeholder,67,66,10,46,8,78,53,59,25,54,24,41,11,13,58,61,63,63,15,20,9,49,27,99,34,5,57,18
h-21-1960-eagles-8.iff,160,eagles,1960,0,47,Eagles,Tight End,TE,88,placeholder,76,78,10,30,4,81,67,67,14,36,13,31,11,11,27,64,67,58,11,24,7,49,23,99,24,5,24,23
h-21-1960-eagles-8.iff,160,eagles,1960,0,48,Eagles,Receiver,WR,82,placeholder,85,85,15,60,19,82,45,88,14,75,10,59,14,14,79,55,61,60,8,12,22,49,42,50,48,5,94,80
h-21-1960-eagles-8.iff,160,eagles,1960,0,49,Eagles,Receiver,WR,86,placeholder,89,82,15,59,10,79,38,73,5,75,11,44,13,15,83,39,36,77,15,7,15,49,35,1,50,5,91,47
h-21-1960-eagles-8.iff,160,eagles,1960,0,50,Eagles,Receiver,WR,17,placeholder,80,90,13,34,9,65,28,78,10,56,10,42,14,14,45,42,41,67,10,10,14,49,27,50,20,5,63,59
h-21-1960-eagles-8.iff,160,eagles,1960,0,51,Eagles,Receiver,WR,24,placeholder,90,71,15,72,16,73,33,70,6,59,14,36,16,17,56,39,43,80,10,7,15,49,45,50,20,5,36,51
h-21-1960-eagles-8.iff,160,eagles,1960,0,52,Eagles,Receiver,WR,45,placeholder,83,91,12,28,8,74,46,73,35,63,23,19,14,14,65,25,29,64,14,18,13,49,25,50,20,5,72,57
h-21-1980-eagles-5.iff,161,eagles,1980,0,0,Eagles,Center,C,62,placeholder,37,53,10,82,23,97,57,41,31,21,33,14,10,10,33,88,90,6,39,27,22,49,40,99,54,5,65,50
h-21-1980-eagles-5.iff,161,eagles,1980,0,1,Eagles,Center,C,68,placeholder,52,58,11,76,17,99,91,67,6,8,16,7,10,10,9,54,52,8,11,33,13,49,27,99,42,5,35,22
h-21-1980-eagles-5.iff,161,eagles,1980,0,2,Eagles,Cornerback,CB,43,placeholder,87,86,9,70,18,83,45,82,95,14,74,10,11,11,42,19,26,43,30,60,19,49,84,1,79,5,86,78
h-21-1980-eagles-5.iff,161,eagles,1980,0,3,Eagles,Cornerback,CB,46,placeholder,83,85,9,53,17,82,35,78,92,14,67,10,11,10,24,30,28,43,25,59,19,49,78,1,69,5,95,60
h-21-1980-eagles-5.iff,161,eagles,1980,0,4,Eagles,Cornerback,CB,42,placeholder,81,77,9,60,18,95,53,64,68,11,71,8,11,10,26,22,27,37,32,55,19,49,24,1,47,5,86,45
h-21-1980-eagles-5.iff,161,eagles,1980,0,5,Eagles,Cornerback,CB,25,placeholder,88,82,11,94,24,66,41,88,73,7,64,35,11,11,39,44,42,32,47,50,26,49,58,1,43,5,55,24
h-21-1980-eagles-5.iff,161,eagles,1980,0,6,Eagles,Cornerback,CB,22,placeholder,86,79,9,65,16,98,65,82,70,30,55,8,11,11,28,20,28,49,43,46,19,49,53,1,31,5,48,61
h-21-1980-eagles-5.iff,161,eagles,1980,0,7,Eagles,Def End,DE,71,placeholder,76,64,10,70,20,79,73,64,46,18,85,29,11,10,19,27,20,18,93,80,20,49,70,99,66,5,75,81
h-21-1980-eagles-5.iff,161,eagles,1980,0,8,Eagles,Def End,DE,61,placeholder,80,74,10,60,19,79,69,59,49,17,77,26,11,10,23,23,24,20,79,76,20,49,64,99,50,5,71,72
h-21-1980-eagles-5.iff,161,eagles,1980,0,9,Eagles,Def End,DE,92,placeholder,65,62,11,49,12,38,67,88,10,19,89,27,13,11,14,18,20,10,83,82,13,49,26,99,40,5,50,46
h-21-1980-eagles-5.iff,161,eagles,1980,0,10,Eagles,Def End,DE,98,placeholder,50,48,10,53,20,74,75,59,10,18,73,28,10,10,23,28,24,4,79,78,21,49,26,99,33,5,74,77
h-21-1980-eagles-5.iff,161,eagles,1980,0,11,Eagles,Def Tackle,DT,64,placeholder,59,83,10,88,23,85,89,58,24,29,85,34,11,11,38,31,36,14,84,80,22,49,78,99,54,5,71,80
h-21-1980-eagles-5.iff,161,eagles,1980,0,12,Eagles,Def Tackle,DT,87,placeholder,59,56,10,63,22,73,67,56,50,19,88,28,11,10,27,35,27,22,75,84,23,49,48,99,64,5,75,58
h-21-1980-eagles-5.iff,161,eagles,1980,0,13,Eagles,Def Tackle,DT,78,placeholder,58,66,10,53,17,28,63,64,16,22,65,31,11,11,26,19,28,14,52,59,16,49,33,99,26,5,35,24
h-21-1980-eagles-5.iff,161,eagles,1980,0,14,Eagles,Full Back,FB,29,placeholder,80,75,16,79,19,94,69,57,42,53,29,50,14,14,62,82,68,89,37,35,21,49,27,99,43,5,30,70
h-21-1980-eagles-5.iff,161,eagles,1980,0,15,Eagles,Full Back,FB,40,placeholder,82,70,16,79,16,92,63,58,11,29,6,59,13,13,44,49,55,72,10,14,15,49,36,99,28,5,19,9
h-21-1980-eagles-5.iff,161,eagles,1980,0,16,Eagles,Safety,FS,27,placeholder,82,72,9,92,19,76,57,73,90,12,97,8,11,10,7,22,22,39,59,97,22,49,79,1,74,5,96,57
h-21-1980-eagles-5.iff,161,eagles,1980,0,17,Eagles,Safety,FS,21,placeholder,88,86,9,34,16,86,49,68,79,12,64,8,10,10,17,29,26,6,25,59,14,49,22,1,31,5,24,76
h-21-1980-eagles-5.iff,161,eagles,1980,0,18,Eagles,Guard,G,67,placeholder,32,61,12,83,22,94,79,58,13,29,26,15,10,10,21,85,89,8,24,28,19,49,80,99,74,5,45,39
h-21-1980-eagles-5.iff,161,eagles,1980,0,19,Eagles,Guard,G,69,placeholder,53,48,14,72,19,96,67,58,26,40,29,41,11,11,39,81,83,14,26,26,20,49,49,99,58,5,65,44
h-21-1980-eagles-5.iff,161,eagles,1980,0,20,Eagles,Guard,G,66,placeholder,42,66,14,85,22,94,71,45,33,41,32,49,11,11,48,70,70,20,41,32,21,49,54,99,48,5,38,24
h-21-1980-eagles-5.iff,161,eagles,1980,0,21,Eagles,Half Back,HB,38,placeholder,84,69,15,92,14,79,63,68,8,49,9,88,14,14,44,36,47,77,7,9,16,49,66,99,64,5,82,50
h-21-1980-eagles-5.iff,161,eagles,1980,0,22,Eagles,Half Back,HB,36,placeholder,80,76,23,82,13,96,73,95,12,32,6,86,19,20,52,61,59,86,8,6,12,49,43,50,45,5,42,68
h-21-1980-eagles-5.iff,161,eagles,1980,0,23,Eagles,Half Back,HB,32,placeholder,89,72,23,82,13,94,57,92,12,50,6,77,19,20,61,38,30,72,8,6,12,49,43,99,36,24,41,60
h-21-1980-eagles-5.iff,161,eagles,1980,0,24,Eagles,Half Back,HB,34,placeholder,88,79,17,65,16,72,47,76,13,48,8,75,14,14,49,49,35,90,6,13,19,49,38,99,40,24,41,41
h-21-1980-eagles-5.iff,161,eagles,1980,0,25,Eagles,Half Back,HB,20,placeholder,88,80,15,60,16,89,49,75,10,21,14,78,13,13,39,20,16,60,6,12,14,49,34,50,38,24,41,9
h-21-1980-eagles-5.iff,161,eagles,1980,0,26,Eagles,Half Back,HB,37,placeholder,83,68,15,67,16,90,71,79,11,31,6,61,13,13,61,48,50,75,10,14,15,49,36,50,39,5,36,9
h-21-1980-eagles-5.iff,161,eagles,1980,0,27,Eagles,Half Back,HB,24,placeholder,87,80,17,80,23,78,57,49,9,56,7,71,15,17,64,22,10,63,14,10,26,49,68,50,36,24,56,43
h-21-1980-eagles-5.iff,161,eagles,1980,0,28,Eagles,Linebacker,ILB,55,placeholder,77,76,10,79,11,87,65,68,74,21,82,25,11,10,19,30,23,16,71,76,11,49,28,99,44,5,65,74
h-21-1980-eagles-5.iff,161,eagles,1980,0,29,Eagles,Linebacker,ILB,63,placeholder,78,69,10,78,4,64,69,84,74,15,90,34,11,11,16,23,20,24,83,89,4,49,79,99,52,5,74,63
h-21-1980-eagles-5.iff,161,eagles,1980,0,30,Eagles,Linebacker,ILB,57,placeholder,72,82,10,87,13,88,63,58,70,19,83,29,11,10,28,31,25,32,63,84,13,49,77,99,36,5,79,74
h-21-1980-eagles-5.iff,161,eagles,1980,0,31,Eagles,Kicker,K,9,placeholder,35,46,11,53,94,90,37,44,30,32,42,32,14,11,42,38,33,28,41,36,97,99,32,50,80,5,64,41
h-21-1980-eagles-5.iff,161,eagles,1980,0,32,Eagles,Linebacker,OLB,53,placeholder,80,86,10,99,11,99,90,70,85,20,99,28,11,10,26,27,21,26,95,89,11,49,99,27,90,5,99,99
h-21-1980-eagles-5.iff,161,eagles,1980,0,33,Eagles,Linebacker,OLB,58,placeholder,67,78,10,90,13,88,59,72,78,26,76,35,11,11,20,60,30,20,68,82,13,49,47,99,48,5,70,50
h-21-1980-eagles-5.iff,161,eagles,1980,0,34,Eagles,Linebacker,OLB,94,placeholder,79,79,10,77,6,83,65,81,56,19,66,33,11,11,13,22,17,22,61,69,4,49,33,99,24,5,22,66
h-21-1980-eagles-5.iff,161,eagles,1980,0,35,Eagles,Linebacker,OLB,50,placeholder,79,78,10,76,7,82,59,73,75,15,63,24,11,11,14,22,18,30,65,61,7,49,44,99,26,5,61,76
h-21-1980-eagles-5.iff,161,eagles,1980,0,36,Eagles,Punter,P,6,placeholder,45,46,22,43,82,45,36,38,23,23,34,17,22,27,19,19,14,32,19,12,83,1,70,50,88,5,82,23
h-21-1980-eagles-5.iff,161,eagles,1980,0,37,Eagles,Quarterback,QB,7,placeholder,66,64,93,50,9,84,43,56,26,21,31,22,93,96,21,30,28,29,20,22,13,49,92,50,78,30,85,24
h-21-1980-eagles-5.iff,161,eagles,1980,0,38,Eagles,Quarterback,QB,1,placeholder,54,51,75,15,8,89,22,53,29,23,29,10,70,77,19,32,26,28,19,19,13,49,68,50,75,16,75,24
h-21-1980-eagles-5.iff,161,eagles,1980,0,39,Eagles,Safety,SS,48,placeholder,89,90,10,99,12,99,80,80,85,35,99,40,11,10,35,18,18,49,65,96,16,49,99,25,99,5,99,74
h-21-1980-eagles-5.iff,161,eagles,1980,0,40,Eagles,Tackle,T,75,placeholder,43,55,11,87,17,99,67,52,11,29,29,15,10,10,26,88,90,10,28,28,16,49,80,99,65,5,79,50
h-21-1980-eagles-5.iff,161,eagles,1980,0,41,Eagles,Tackle,T,73,placeholder,43,56,11,86,19,94,69,41,15,29,29,20,10,10,26,94,92,13,30,28,18,49,80,99,69,5,76,49
h-21-1980-eagles-5.iff,161,eagles,1980,0,42,Eagles,Tackle,T,76,placeholder,55,50,12,80,10,70,65,39,9,41,32,43,13,11,30,56,69,22,30,32,13,49,44,99,31,5,8,8
h-21-1980-eagles-5.iff,161,eagles,1980,0,43,Eagles,Tight End,TE,85,placeholder,68,68,10,37,16,81,49,61,10,83,6,65,11,10,79,79,78,47,7,7,18,49,32,99,70,5,82,24
h-21-1980-eagles-5.iff,161,eagles,1980,0,44,Eagles,Tight End,TE,81,placeholder,64,71,10,46,8,76,55,67,9,52,12,32,11,12,77,73,75,65,14,14,11,49,31,99,37,5,29,23
h-21-1980-eagles-5.iff,161,eagles,1980,0,45,Eagles,Tight End,TE,83,placeholder,66,81,10,44,5,80,65,67,20,54,20,41,11,13,52,63,62,67,9,20,7,49,25,99,25,5,29,51
h-21-1980-eagles-5.iff,161,eagles,1980,0,46,Eagles,Tight End,TE,82,placeholder,67,56,10,10,7,88,58,56,29,38,31,34,11,10,45,47,50,72,12,22,11,49,22,99,38,5,50,23
h-21-1980-eagles-5.iff,161,eagles,1980,0,47,Eagles,Receiver,WR,84,placeholder,85,85,15,60,19,82,45,88,14,75,10,59,14,14,79,55,61,60,8,12,22,49,42,50,48,5,94,80
h-21-1980-eagles-5.iff,161,eagles,1980,0,48,Eagles,Receiver,WR,17,placeholder,91,89,15,73,17,89,33,84,6,94,12,78,16,17,90,46,43,85,8,7,16,49,79,50,54,5,99,89
h-21-1980-eagles-5.iff,161,eagles,1980,0,49,Eagles,Receiver,WR,86,placeholder,95,88,17,59,14,95,37,85,6,82,7,46,15,16,83,34,23,67,12,14,15,49,38,50,35,5,73,81
h-21-1980-eagles-5.iff,161,eagles,1980,0,50,Eagles,Receiver,WR,88,placeholder,90,88,22,59,14,86,29,87,6,57,7,25,25,24,70,45,39,67,12,14,15,49,38,50,34,5,90,52
h-21-1980-eagles-5.iff,161,eagles,1980,0,51,Eagles,Receiver,WR,80,placeholder,89,92,15,69,14,73,33,79,11,79,9,36,16,16,79,41,41,76,8,9,19,49,46,50,41,5,74,24
h-21-1980-eagles-5.iff,161,eagles,1980,0,52,Eagles,Receiver,WR,89,placeholder,89,75,13,34,9,60,22,67,38,43,29,32,14,14,51,26,21,65,20,16,14,49,24,50,20,5,71,72
h-21-2004-eagles-0.iff,162,eagles,2004,1,0,Hank,Fraley,C,63,real_name_in_supplied_data,37,53,10,82,23,97,57,41,31,21,33,14,10,10,33,88,90,6,39,27,22,49,40,99,54,5,72,50
h-21-2004-eagles-0.iff,162,eagles,2004,1,1,Alonzo,Ephraim,C,50,real_name_in_supplied_data,41,60,11,59,19,76,71,52,15,13,32,8,10,10,18,47,46,7,22,27,17,49,33,99,26,5,30,16
h-21-2004-eagles-0.iff,162,eagles,2004,1,2,Bobby,Taylor,CB,21,real_name_in_supplied_data,83,85,9,53,17,82,35,78,92,14,67,10,11,10,24,30,28,43,25,59,19,49,78,1,69,5,94,60
h-21-2004-eagles-0.iff,162,eagles,2004,1,3,Troy,Vincent,CB,23,real_name_in_supplied_data,83,82,9,70,18,83,41,78,95,14,74,10,11,11,42,19,26,43,30,60,19,49,84,1,79,5,83,78
h-21-2004-eagles-0.iff,162,eagles,2004,1,4,Lito,Sheppard,CB,26,real_name_in_supplied_data,88,82,11,94,25,66,41,88,73,7,64,35,11,11,39,44,42,32,47,50,26,49,58,1,43,5,62,24
h-21-2004-eagles-0.iff,162,eagles,2004,1,5,Sheldon,Brown,CB,24,real_name_in_supplied_data,91,79,11,60,18,86,49,76,67,7,45,5,11,11,21,23,23,32,38,42,15,49,31,1,32,5,61,39
h-21-2004-eagles-0.iff,162,eagles,2004,1,6,Roderick,Hood,CB,29,real_name_in_supplied_data,79,80,3,59,14,41,37,70,40,5,54,2,5,5,18,16,24,10,20,36,15,49,26,1,20,5,75,57
h-21-2004-eagles-0.iff,162,eagles,2004,1,7,Ndukwe,Kalu,DE,94,real_name_in_supplied_data,65,85,10,63,19,79,65,85,55,18,79,26,11,10,23,17,21,12,83,83,20,49,31,99,44,5,51,83
h-21-2004-eagles-0.iff,162,eagles,2004,1,8,Brandon,Whiting,DE,98,real_name_in_supplied_data,50,48,10,53,20,74,75,59,10,18,73,28,10,10,23,28,24,4,79,78,21,49,26,99,33,5,74,77
h-21-2004-eagles-0.iff,162,eagles,2004,1,9,Jerome,McDougle,DE,95,real_name_in_supplied_data,80,65,11,75,18,80,67,73,31,30,79,35,13,11,26,33,34,22,84,69,16,49,39,99,30,5,51,82
h-21-2004-eagles-0.iff,162,eagles,2004,1,10,Marco,Coleman,DE,93,real_name_in_supplied_data,69,74,10,60,19,78,63,66,46,16,67,26,11,11,19,21,20,24,81,74,19,49,43,99,56,5,67,89
h-21-2004-eagles-0.iff,162,eagles,2004,1,11,Eagles,Def End,DE,62,placeholder,62,64,11,46,16,80,75,76,42,21,41,31,13,11,12,21,23,22,67,50,14,49,26,99,26,5,16,24
h-21-2004-eagles-0.iff,162,eagles,2004,1,12,Corey,Simon,DT,90,real_name_in_supplied_data,63,79,10,82,22,68,67,61,26,29,94,47,11,11,31,31,35,39,79,90,23,49,44,99,46,5,75,79
h-21-2004-eagles-0.iff,162,eagles,2004,1,13,Darwin,Walker,DT,97,real_name_in_supplied_data,58,76,13,67,16,89,59,61,15,22,87,30,11,11,24,21,25,35,86,82,15,49,31,99,55,5,75,42
h-21-2004-eagles-0.iff,162,eagles,2004,1,14,Sam,Rayburn,DT,91,real_name_in_supplied_data,50,60,10,60,15,56,81,58,10,18,48,28,11,11,19,16,20,37,65,50,11,49,29,99,27,5,40,24
h-21-2004-eagles-0.iff,162,eagles,2004,1,15,Eagles,Def Tackle,DT,79,placeholder,65,79,11,72,22,84,75,59,20,18,71,31,11,10,19,25,20,10,70,82,21,49,72,99,49,5,20,63
h-21-2004-eagles-0.iff,162,eagles,2004,1,16,Jon,Ritchie,FB,48,real_name_in_supplied_data,80,86,18,94,20,84,57,61,14,44,9,44,14,14,58,74,72,92,6,14,21,49,36,99,48,5,71,72
h-21-2004-eagles-0.iff,162,eagles,2004,1,17,Brian,Dawkins,FS,20,real_name_in_supplied_data,82,72,9,92,19,76,57,73,90,12,97,8,11,10,7,22,22,39,59,97,22,49,79,1,74,5,94,57
h-21-2004-eagles-0.iff,162,eagles,2004,1,18,Eagles,Safety,FS,33,placeholder,84,71,17,66,13,53,33,80,53,51,40,40,14,15,51,45,40,65,15,51,16,49,42,1,20,5,36,42
h-21-2004-eagles-0.iff,162,eagles,2004,1,19,Norman,LeJeune,FS,27,real_name_in_supplied_data,80,81,8,86,19,64,41,67,59,2,53,34,9,7,16,31,32,46,44,45,18,49,50,1,28,5,28,24
h-21-2004-eagles-0.iff,162,eagles,2004,1,20,John,Welbourn,G,76,real_name_in_supplied_data,53,48,14,72,19,96,67,58,26,40,29,41,11,11,39,81,83,14,26,26,20,49,49,99,58,5,69,44
h-21-2004-eagles-0.iff,162,eagles,2004,1,21,Bobbie,Williams,G,66,real_name_in_supplied_data,47,56,12,75,19,80,75,55,7,28,26,5,10,10,13,57,53,2,19,26,14,49,27,99,31,5,50,48
h-21-2004-eagles-0.iff,162,eagles,2004,1,22,Artis,Hicks,G,77,real_name_in_supplied_data,55,60,12,62,10,58,63,55,18,35,23,36,11,11,26,65,62,14,19,26,12,49,42,99,29,5,52,3
h-21-2004-eagles-0.iff,162,eagles,2004,1,23,Duce,Staley,HB,22,real_name_in_supplied_data,83,73,15,87,12,91,59,65,14,68,8,76,14,16,65,30,32,87,7,7,14,49,67,50,56,5,61,61
h-21-2004-eagles-0.iff,162,eagles,2004,1,24,Correll,Buckhalter,HB,28,real_name_in_supplied_data,83,83,17,67,10,68,41,88,37,60,30,74,14,14,60,31,24,73,20,28,11,49,38,50,46,5,85,46
h-21-2004-eagles-0.iff,162,eagles,2004,1,25,Reno,Mahe,HB,34,real_name_in_supplied_data,78,84,13,32,7,57,61,64,20,50,5,50,14,13,52,20,21,57,5,10,7,49,25,50,20,5,14,45
h-21-2004-eagles-0.iff,162,eagles,2004,1,26,Brian,Westbrook,HB,36,real_name_in_supplied_data,83,68,15,67,16,90,71,79,11,31,6,61,13,13,61,48,50,75,10,14,15,49,36,50,39,5,78,9
h-21-2004-eagles-0.iff,162,eagles,2004,1,27,Mark,Simoneau,ILB,53,real_name_in_supplied_data,80,86,10,84,13,75,67,76,69,23,71,33,11,11,16,19,19,12,69,71,8,49,37,99,30,5,55,56
h-21-2004-eagles-0.iff,162,eagles,2004,1,28,Tyreo,Harrison,ILB,55,real_name_in_supplied_data,69,76,10,79,14,47,67,88,51,23,61,26,11,10,12,32,26,18,49,50,13,49,45,99,20,5,54,58
h-21-2004-eagles-0.iff,162,eagles,2004,1,29,David,Akers,K,2,real_name_in_supplied_data,35,46,11,53,94,90,37,44,30,32,42,32,14,11,42,38,33,28,41,36,97,99,32,50,80,5,64,41
h-21-2004-eagles-0.iff,162,eagles,2004,1,30,Nate,Wayne,OLB,54,real_name_in_supplied_data,84,68,10,78,9,81,55,81,77,23,88,25,10,10,18,28,24,16,70,88,11,49,35,99,57,5,85,71
h-21-2004-eagles-0.iff,162,eagles,2004,1,31,Ike,Reese,OLB,58,real_name_in_supplied_data,79,78,10,76,8,82,59,73,75,15,63,24,11,11,14,22,18,30,65,61,7,49,44,99,26,5,70,76
h-21-2004-eagles-0.iff,162,eagles,2004,1,32,Justin,Ena,OLB,59,real_name_in_supplied_data,74,86,10,78,4,79,59,70,55,15,60,34,11,11,16,23,20,24,60,66,4,49,32,99,35,5,46,24
h-21-2004-eagles-0.iff,162,eagles,2004,1,33,Keith,Adams,OLB,57,real_name_in_supplied_data,70,71,10,78,4,85,67,82,59,15,68,34,11,11,16,23,20,24,61,71,4,49,32,99,20,5,21,74
h-21-2004-eagles-0.iff,162,eagles,2004,1,34,Dirk,Johnson,P,8,real_name_in_supplied_data,43,48,12,46,62,85,37,50,20,19,48,17,12,12,21,19,16,48,18,12,62,1,37,50,78,5,68,16
h-21-2004-eagles-0.iff,162,eagles,2004,1,35,Donovan,McNabb,QB,5,real_name_in_supplied_data,81,72,92,49,17,54,49,72,41,29,44,70,83,83,32,28,32,34,20,43,20,49,88,50,98,96,75,24
h-21-2004-eagles-0.iff,162,eagles,2004,1,36,Koy,Detmer,QB,10,real_name_in_supplied_data,49,73,54,22,4,78,19,53,24,18,22,3,62,58,9,20,21,28,11,18,8,49,71,50,63,36,86,24
h-21-2004-eagles-0.iff,162,eagles,2004,1,37,A.J.,Feeley,QB,14,real_name_in_supplied_data,54,51,75,15,8,89,22,53,29,23,29,10,70,77,19,32,26,28,19,19,13,49,68,50,75,16,70,24
h-21-2004-eagles-0.iff,162,eagles,2004,1,38,Michael,Lewis,SS,32,real_name_in_supplied_data,86,84,11,83,20,70,51,76,70,10,58,7,11,11,17,43,48,37,65,59,19,49,62,1,37,5,71,48
h-21-2004-eagles-0.iff,162,eagles,2004,1,39,Quintin,Mikell,SS,46,real_name_in_supplied_data,83,84,11,80,16,64,45,68,62,7,43,5,11,11,29,21,17,33,43,39,13,49,41,1,27,5,50,24
h-21-2004-eagles-0.iff,162,eagles,2004,1,40,Tra,Thomas,T,72,real_name_in_supplied_data,43,55,11,87,17,99,67,52,11,29,29,15,10,10,26,88,90,10,28,28,16,49,80,99,65,5,81,50
h-21-2004-eagles-0.iff,162,eagles,2004,1,41,Jon,Runyan,T,69,real_name_in_supplied_data,43,56,11,86,19,94,69,41,15,29,29,20,10,10,26,94,93,13,30,28,18,49,80,99,69,5,76,49
h-21-2004-eagles-0.iff,162,eagles,2004,1,42,Eagles,Tackle,T,74,placeholder,38,55,12,62,10,87,69,52,18,35,23,36,11,11,26,52,48,14,19,26,12,49,42,99,30,5,31,3
h-21-2004-eagles-0.iff,162,eagles,2004,1,43,L.J.,Smith,TE,82,real_name_in_supplied_data,80,82,10,30,4,73,71,79,14,49,13,31,11,11,41,65,66,58,11,24,7,49,23,99,32,5,63,23
h-21-2004-eagles-0.iff,162,eagles,2004,1,44,Chad,Lewis,TE,89,real_name_in_supplied_data,68,68,10,37,16,81,49,61,10,83,6,65,11,10,79,74,75,47,7,7,18,49,32,99,70,5,72,24
h-21-2004-eagles-0.iff,162,eagles,2004,1,45,Eagles,Tight End,TE,86,placeholder,78,66,11,44,18,76,63,70,15,51,39,46,10,11,30,68,65,50,31,26,17,49,46,99,24,5,1,21
h-21-2004-eagles-0.iff,162,eagles,2004,1,46,Mike,Bartrum,TE,88,real_name_in_supplied_data,65,54,10,10,7,88,56,54,29,38,31,34,11,10,45,47,50,72,12,22,11,49,22,99,38,5,56,23
h-21-2004-eagles-0.iff,162,eagles,2004,1,47,Todd,Pinkston,WR,87,real_name_in_supplied_data,89,82,15,59,10,79,38,73,5,75,11,44,13,15,83,39,36,77,15,7,15,49,35,1,50,5,86,47
h-21-2004-eagles-0.iff,162,eagles,2004,1,48,James,Thrash,WR,80,real_name_in_supplied_data,85,85,15,60,18,82,45,88,14,75,10,59,14,14,79,55,61,60,8,12,22,49,42,50,48,5,83,80
h-21-2004-eagles-0.iff,162,eagles,2004,1,49,Billy,McMullen,WR,81,real_name_in_supplied_data,83,82,13,23,5,65,32,68,7,59,5,40,14,14,60,16,18,65,5,10,11,49,17,50,20,5,70,52
h-21-2004-eagles-0.iff,162,eagles,2004,1,50,Freddie,Mitchell,WR,84,real_name_in_supplied_data,90,88,22,59,14,86,29,87,6,57,7,25,25,24,70,45,39,67,12,14,15,49,38,50,34,5,93,52
h-21-2004-eagles-0.iff,162,eagles,2004,1,51,Sean,Morey,WR,85,real_name_in_supplied_data,87,63,9,45,15,63,46,63,43,44,48,25,11,10,44,12,15,30,24,38,16,49,12,50,20,5,90,42
h-21-2004-eagles-0.iff,162,eagles,2004,1,52,Greg,Lewis,WR,83,real_name_in_supplied_data,87,72,13,34,9,56,47,76,10,53,10,42,14,14,45,42,43,67,10,10,14,49,27,1,20,5,37,59
h-22-1975-steelers-1.iff,163,steelers,1975,1,0,Steelers,Center,C,56,placeholder,45,63,12,98,26,96,63,55,31,17,30,23,11,10,23,97,99,10,35,40,22,49,84,99,77,5,93,68
h-22-1975-steelers-1.iff,163,steelers,1975,1,1,Steelers,Center,C,67,placeholder,43,61,11,83,21,87,67,65,37,41,32,38,14,11,41,61,60,9,41,37,17,49,51,99,28,5,46,62
h-22-1975-steelers-1.iff,163,steelers,1975,1,2,Steelers,Center,C,63,placeholder,75,70,10,69,29,66,71,63,23,27,61,33,10,10,46,47,45,10,58,53,30,49,37,99,20,5,31,68
h-22-1975-steelers-1.iff,163,steelers,1975,1,3,Steelers,Cornerback,CB,47,placeholder,87,86,9,70,18,83,45,82,95,14,74,10,11,11,42,19,26,43,30,60,19,49,84,1,79,5,86,78
h-22-1975-steelers-1.iff,163,steelers,1975,1,4,Steelers,Cornerback,CB,25,placeholder,75,83,9,55,16,73,39,68,89,12,79,8,11,10,47,23,25,39,40,70,19,49,64,1,54,5,90,77
h-22-1975-steelers-1.iff,163,steelers,1975,1,5,Steelers,Cornerback,CB,33,placeholder,91,74,11,72,21,76,35,77,83,8,75,6,11,11,35,46,43,34,53,62,22,49,35,1,32,5,55,76
h-22-1975-steelers-1.iff,163,steelers,1975,1,6,Steelers,Cornerback,CB,38,placeholder,82,89,9,83,19,88,39,82,72,11,70,8,11,10,23,18,22,37,35,54,23,49,20,1,41,5,79,60
h-22-1975-steelers-1.iff,163,steelers,1975,1,7,Steelers,Cornerback,CB,21,placeholder,87,90,13,64,16,68,51,79,63,8,56,6,13,11,26,26,29,60,41,53,17,49,31,1,30,5,50,56
h-22-1975-steelers-1.iff,163,steelers,1975,1,8,Steelers,Def End,DE,71,placeholder,80,74,10,60,19,79,69,59,49,17,77,26,11,10,23,23,24,20,79,76,20,49,64,99,50,5,71,72
h-22-1975-steelers-1.iff,163,steelers,1975,1,9,Steelers,Def End,DE,61,placeholder,78,88,10,79,19,76,58,64,51,14,95,28,11,10,24,19,26,28,98,88,20,49,97,99,65,5,83,80
h-22-1975-steelers-1.iff,163,steelers,1975,1,10,Steelers,Def End,DE,65,placeholder,68,79,11,63,20,76,91,67,41,28,63,33,13,11,27,28,27,16,70,51,20,49,31,99,38,5,8,24
h-22-1975-steelers-1.iff,163,steelers,1975,1,11,Steelers,Def Tackle,DT,75,placeholder,72,60,11,63,22,75,71,61,20,18,98,31,11,10,20,23,22,10,97,90,21,49,92,99,65,5,98,99
h-22-1975-steelers-1.iff,163,steelers,1975,1,12,Steelers,Def Tackle,DT,66,placeholder,59,83,10,88,23,85,89,58,24,29,85,34,11,11,38,31,36,14,84,80,22,49,78,99,54,5,71,80
h-22-1975-steelers-1.iff,163,steelers,1975,1,13,Steelers,Def Tackle,DT,73,placeholder,70,75,10,60,15,81,59,64,20,19,75,34,11,11,23,23,27,20,74,68,19,49,29,99,46,5,55,24
h-22-1975-steelers-1.iff,163,steelers,1975,1,14,Steelers,Full Back,FB,37,placeholder,83,82,18,92,22,95,82,70,6,68,5,93,14,16,70,79,79,86,10,14,21,49,74,99,75,5,99,99
h-22-1975-steelers-1.iff,163,steelers,1975,1,15,Steelers,Full Back,FB,34,placeholder,82,74,18,72,7,64,63,72,8,51,13,52,14,14,60,57,47,69,8,10,11,49,37,99,42,5,36,14
h-22-1975-steelers-1.iff,163,steelers,1975,1,16,Steelers,Safety,FS,22,placeholder,78,79,9,88,18,81,43,62,86,13,80,9,11,11,22,23,20,40,29,80,20,49,92,1,68,5,95,70
h-22-1975-steelers-1.iff,163,steelers,1975,1,17,Steelers,Safety,FS,28,placeholder,78,80,9,97,21,86,61,79,58,12,74,8,11,11,12,23,22,39,44,62,23,49,61,1,62,5,93,54
h-22-1975-steelers-1.iff,163,steelers,1975,1,18,Steelers,Guard,G,59,placeholder,38,57,12,86,23,99,69,45,13,30,27,16,10,10,23,96,90,7,27,28,21,49,83,99,73,5,88,24
h-22-1975-steelers-1.iff,163,steelers,1975,1,19,Steelers,Guard,G,77,placeholder,50,51,12,71,19,94,63,48,6,24,22,9,10,10,10,76,87,8,16,27,15,49,69,99,56,5,49,42
h-22-1975-steelers-1.iff,163,steelers,1975,1,20,Steelers,Guard,G,52,placeholder,52,57,12,69,18,96,77,45,14,37,29,32,14,11,34,65,76,10,27,24,13,49,42,99,44,5,30,46
h-22-1975-steelers-1.iff,163,steelers,1975,1,21,Steelers,Half Back,HB,29,placeholder,89,64,24,82,11,90,65,81,13,55,8,87,24,25,60,27,27,86,9,7,12,49,41,50,56,5,69,65
h-22-1975-steelers-1.iff,163,steelers,1975,1,22,Steelers,Half Back,HB,36,placeholder,88,68,17,67,11,87,47,75,29,50,28,81,14,17,55,27,30,94,22,34,12,49,41,50,51,5,70,52
h-22-1975-steelers-1.iff,163,steelers,1975,1,23,Steelers,Half Back,HB,45,placeholder,67,79,15,43,16,71,65,67,39,31,28,83,14,14,62,37,29,96,32,36,17,49,50,99,40,5,54,74
h-22-1975-steelers-1.iff,163,steelers,1975,1,24,Steelers,Half Back,HB,43,placeholder,82,63,12,44,16,95,63,67,38,45,41,63,14,14,52,26,25,81,30,33,17,49,20,99,23,5,66,91
h-22-1975-steelers-1.iff,163,steelers,1975,1,25,Steelers,Linebacker,ILB,51,placeholder,81,82,10,92,11,87,73,70,82,23,99,38,11,11,23,33,29,24,78,99,11,49,82,99,63,5,70,63
h-22-1975-steelers-1.iff,163,steelers,1975,1,26,Steelers,Linebacker,ILB,54,placeholder,78,69,10,78,4,64,69,84,74,15,90,34,11,11,16,23,20,24,83,89,4,49,79,99,52,5,74,63
h-22-1975-steelers-1.iff,163,steelers,1975,1,27,Steelers,Linebacker,ILB,53,placeholder,67,71,10,62,4,71,67,58,62,17,64,28,11,11,13,12,8,10,64,70,4,49,30,99,35,5,18,24
h-22-1975-steelers-1.iff,163,steelers,1975,1,28,Steelers,Kicker,K,19,placeholder,39,45,10,30,73,54,30,36,13,18,17,13,11,12,6,5,1,29,7,9,56,99,11,50,34,5,74,37
h-22-1975-steelers-1.iff,163,steelers,1975,1,29,Steelers,Linebacker,OLB,35,placeholder,77,71,10,92,13,84,73,85,70,28,89,47,11,11,21,31,29,39,87,89,13,49,75,99,59,5,75,80
h-22-1975-steelers-1.iff,163,steelers,1975,1,30,Steelers,Linebacker,OLB,50,placeholder,69,80,10,97,15,88,55,76,77,19,91,32,11,10,30,31,25,32,88,93,14,49,86,99,71,5,93,70
h-22-1975-steelers-1.iff,163,steelers,1975,1,31,Steelers,Linebacker,OLB,31,placeholder,81,77,10,85,13,84,61,67,71,23,78,26,11,10,18,32,23,20,74,71,13,49,34,99,52,5,37,72
h-22-1975-steelers-1.iff,163,steelers,1975,1,32,Steelers,Linebacker,OLB,58,placeholder,61,86,10,78,4,84,63,62,56,15,60,34,11,11,16,23,20,24,59,69,4,49,32,99,33,5,28,24
h-22-1975-steelers-1.iff,163,steelers,1975,1,33,Steelers,Punter,P,39,placeholder,43,46,20,50,79,85,32,39,17,18,27,16,22,24,15,20,12,30,15,12,72,1,1,50,74,5,61,23
h-22-1975-steelers-1.iff,163,steelers,1975,1,34,Steelers,Quarterback,QB,12,placeholder,67,72,96,50,11,74,45,64,31,24,29,22,86,86,18,32,26,14,22,22,14,49,99,50,96,56,93,73
h-22-1975-steelers-1.iff,163,steelers,1975,1,35,Steelers,Quarterback,QB,17,placeholder,61,54,85,22,4,84,19,60,24,18,22,3,81,76,9,20,21,28,11,18,8,49,88,50,79,36,73,24
h-22-1975-steelers-1.iff,163,steelers,1975,1,36,Steelers,Quarterback,QB,5,placeholder,81,91,92,28,23,45,18,73,14,29,29,51,65,60,28,13,10,28,11,5,21,49,75,50,55,67,33,24
h-22-1975-steelers-1.iff,163,steelers,1975,1,37,Steelers,Quarterback,QB,13,placeholder,62,86,73,40,9,65,26,68,29,20,29,29,56,69,9,22,21,29,16,20,12,49,64,50,68,44,68,24
h-22-1975-steelers-1.iff,163,steelers,1975,1,38,Steelers,Safety,SS,26,placeholder,88,81,10,91,14,46,51,75,82,35,83,9,11,10,23,19,20,49,53,85,19,49,49,1,61,5,95,65
h-22-1975-steelers-1.iff,163,steelers,1975,1,39,Steelers,Safety,SS,44,placeholder,84,86,8,99,28,75,51,85,64,20,76,7,10,10,50,38,43,44,61,69,29,49,50,1,34,5,58,58
h-22-1975-steelers-1.iff,163,steelers,1975,1,40,Steelers,Tackle,T,55,placeholder,43,56,11,86,19,94,69,41,15,29,29,20,10,10,26,94,93,13,30,28,18,49,80,99,69,5,76,49
h-22-1975-steelers-1.iff,163,steelers,1975,1,41,Steelers,Tackle,T,78,placeholder,41,51,12,90,13,96,73,50,13,46,38,47,13,11,39,80,82,22,36,32,16,49,51,99,62,5,80,24
h-22-1975-steelers-1.iff,163,steelers,1975,1,42,Steelers,Tackle,T,74,placeholder,48,62,11,50,18,96,67,47,9,23,32,8,10,10,11,66,59,4,28,45,15,49,22,99,40,5,74,47
h-22-1975-steelers-1.iff,163,steelers,1975,1,43,Steelers,Tackle,T,57,placeholder,60,82,11,80,11,81,77,75,28,34,36,39,11,16,45,63,53,21,24,23,15,49,55,99,36,5,21,24
h-22-1975-steelers-1.iff,163,steelers,1975,1,44,Steelers,Tight End,TE,82,placeholder,71,76,10,72,14,81,61,70,14,76,6,59,11,11,80,75,79,75,12,14,16,49,44,99,52,5,32,56
h-22-1975-steelers-1.iff,163,steelers,1975,1,45,Steelers,Tight End,TE,84,placeholder,75,71,10,46,8,88,63,70,9,75,12,61,11,12,81,69,71,65,14,14,11,49,41,99,45,5,72,40
h-22-1975-steelers-1.iff,163,steelers,1975,1,46,Steelers,Tight End,TE,85,placeholder,66,81,10,44,5,80,65,67,20,54,20,41,11,13,52,63,62,67,9,20,7,49,25,99,25,5,29,51
h-22-1975-steelers-1.iff,163,steelers,1975,1,47,Steelers,Receiver,WR,87,placeholder,81,78,15,77,14,68,68,67,6,96,15,91,16,16,89,53,53,90,11,5,18,49,44,99,35,5,73,99
h-22-1975-steelers-1.iff,163,steelers,1975,1,48,Steelers,Receiver,WR,81,placeholder,98,92,15,70,11,87,34,76,9,98,9,75,16,15,98,30,37,90,7,10,16,49,89,1,86,5,99,20
h-22-1975-steelers-1.iff,163,steelers,1975,1,49,Steelers,Receiver,WR,46,placeholder,83,86,15,44,9,81,37,68,6,77,14,45,16,16,75,19,28,74,11,14,13,49,49,50,70,5,96,45
h-22-1975-steelers-1.iff,163,steelers,1975,1,50,Steelers,Receiver,WR,83,placeholder,86,80,47,39,11,69,10,74,39,79,48,58,41,39,79,31,34,60,24,19,16,49,37,1,22,68,81,79
h-22-1975-steelers-1.iff,163,steelers,1975,1,51,Steelers,Receiver,WR,4,placeholder,89,92,15,69,14,73,33,79,11,79,9,36,16,16,79,41,41,76,8,9,19,49,46,50,41,5,74,24
h-22-1975-steelers-1.iff,163,steelers,1975,1,52,Steelers,Receiver,WR,89,placeholder,91,85,17,51,11,81,11,78,15,72,14,41,15,16,72,32,28,58,6,9,12,49,60,50,32,5,78,52
h-22-1978-steelers-1.iff,164,steelers,1978,0,0,Steelers,Center,C,57,placeholder,45,63,12,98,26,96,63,55,31,17,30,23,11,10,23,97,99,10,35,40,22,49,84,99,77,5,93,68
h-22-1978-steelers-1.iff,164,steelers,1978,0,1,Steelers,Center,C,59,placeholder,43,61,11,83,21,87,67,65,37,41,32,38,14,11,41,61,60,9,41,37,17,49,51,99,28,5,46,62
h-22-1978-steelers-1.iff,164,steelers,1978,0,2,Steelers,Center,C,54,placeholder,75,70,10,69,29,66,71,63,23,27,61,33,10,10,46,47,45,10,58,53,30,49,37,99,20,5,31,68
h-22-1978-steelers-1.iff,164,steelers,1978,0,3,Steelers,Cornerback,CB,47,placeholder,87,86,9,70,18,83,45,82,95,14,74,10,11,11,42,19,26,43,30,60,19,49,84,1,79,5,86,78
h-22-1978-steelers-1.iff,164,steelers,1978,0,4,Steelers,Cornerback,CB,20,placeholder,75,83,9,55,16,73,39,68,89,12,79,8,11,10,47,23,25,39,40,70,19,49,64,1,54,5,90,77
h-22-1978-steelers-1.iff,164,steelers,1978,0,5,Steelers,Cornerback,CB,30,placeholder,85,98,12,53,17,87,49,99,70,14,72,10,12,13,23,5,5,60,30,59,15,49,32,1,42,5,51,60
h-22-1978-steelers-1.iff,164,steelers,1978,0,6,Steelers,Cornerback,CB,48,placeholder,82,89,9,83,19,88,39,82,72,11,70,8,11,10,23,18,22,37,35,54,23,49,20,1,41,5,79,60
h-22-1978-steelers-1.iff,164,steelers,1978,0,7,Steelers,Cornerback,CB,24,placeholder,87,90,13,64,16,68,51,79,63,8,56,6,13,11,26,26,29,60,41,53,17,49,31,1,30,5,50,56
h-22-1978-steelers-1.iff,164,steelers,1978,0,8,Steelers,Def End,DE,73,placeholder,78,88,10,79,19,76,58,64,51,14,95,28,11,10,24,19,26,28,98,88,20,49,97,99,65,5,83,80
h-22-1978-steelers-1.iff,164,steelers,1978,0,9,Steelers,Def End,DE,61,placeholder,76,64,10,70,20,79,73,64,46,18,85,29,11,10,19,27,20,18,93,80,20,49,70,99,66,5,75,81
h-22-1978-steelers-1.iff,164,steelers,1978,0,10,Steelers,Def End,DE,62,placeholder,71,73,11,58,18,81,65,72,29,27,59,31,13,11,24,24,23,10,80,66,19,49,31,99,39,5,41,45
h-22-1978-steelers-1.iff,164,steelers,1978,0,11,Steelers,Def End,DE,64,placeholder,68,79,11,63,20,76,91,67,41,28,63,33,13,11,27,28,27,16,70,51,20,49,31,99,38,5,8,24
h-22-1978-steelers-1.iff,164,steelers,1978,0,12,Steelers,Def Tackle,DT,75,placeholder,61,69,11,90,24,85,69,52,24,21,89,34,11,10,24,25,25,10,79,85,25,49,82,99,63,5,81,85
h-22-1978-steelers-1.iff,164,steelers,1978,0,13,Steelers,Def Tackle,DT,65,placeholder,62,65,11,64,23,39,79,62,26,18,93,31,10,10,30,35,31,18,70,87,23,49,71,99,51,5,56,83
h-22-1978-steelers-1.iff,164,steelers,1978,0,14,Steelers,Def Tackle,DT,71,placeholder,70,75,10,60,15,81,59,64,20,19,75,34,11,11,23,23,27,20,74,68,19,49,29,99,46,5,55,24
h-22-1978-steelers-1.iff,164,steelers,1978,0,15,Steelers,Def Tackle,DT,69,placeholder,54,59,11,53,16,80,69,50,7,23,72,29,9,11,26,18,23,4,62,74,10,49,31,99,33,5,59,65
h-22-1978-steelers-1.iff,164,steelers,1978,0,16,Steelers,Full Back,FB,32,placeholder,83,82,18,92,22,95,82,70,6,68,5,93,14,16,70,79,79,86,10,14,21,49,74,99,75,5,99,99
h-22-1978-steelers-1.iff,164,steelers,1978,0,17,Steelers,Full Back,FB,35,placeholder,82,74,18,72,7,64,63,72,8,51,13,52,14,14,60,57,47,69,8,10,11,49,37,99,42,5,36,14
h-22-1978-steelers-1.iff,164,steelers,1978,0,18,Steelers,Safety,FS,38,placeholder,78,79,9,88,18,81,43,62,86,13,80,9,11,11,22,23,20,40,29,80,20,49,92,1,68,5,95,70
h-22-1978-steelers-1.iff,164,steelers,1978,0,19,Steelers,Safety,FS,22,placeholder,78,80,9,97,21,86,61,79,58,12,74,8,11,11,12,23,22,39,44,62,23,49,61,1,62,5,93,54
h-22-1978-steelers-1.iff,164,steelers,1978,0,20,Steelers,Safety,FS,37,placeholder,91,84,11,94,24,74,63,82,64,7,44,5,11,11,27,44,42,33,36,43,26,49,58,1,42,5,43,24
h-22-1978-steelers-1.iff,164,steelers,1978,0,21,Steelers,Guard,G,52,placeholder,38,57,12,86,23,99,69,45,13,30,27,16,10,10,23,96,89,7,27,28,21,49,83,99,73,5,88,24
h-22-1978-steelers-1.iff,164,steelers,1978,0,22,Steelers,Guard,G,77,placeholder,50,51,12,71,19,94,63,48,6,24,22,9,10,10,10,76,87,8,16,27,15,49,69,99,56,5,49,42
h-22-1978-steelers-1.iff,164,steelers,1978,0,23,Steelers,Guard,G,63,placeholder,48,62,12,73,23,98,57,52,14,35,32,14,10,10,31,70,72,4,30,27,23,49,39,99,42,5,73,49
h-22-1978-steelers-1.iff,164,steelers,1978,0,24,Steelers,Half Back,HB,29,placeholder,89,64,24,82,11,90,65,81,13,55,8,87,24,25,60,27,27,86,9,7,12,49,41,50,56,5,69,65
h-22-1978-steelers-1.iff,164,steelers,1978,0,25,Steelers,Half Back,HB,28,placeholder,88,68,17,67,11,87,47,75,29,50,28,81,14,17,55,27,30,94,22,34,12,49,41,50,51,5,70,52
h-22-1978-steelers-1.iff,164,steelers,1978,0,26,Steelers,Half Back,HB,34,placeholder,79,68,15,63,23,94,59,67,46,57,44,71,14,14,59,43,42,98,41,24,23,49,44,50,40,5,59,71
h-22-1978-steelers-1.iff,164,steelers,1978,0,27,Steelers,Half Back,HB,36,placeholder,67,79,15,43,16,71,65,67,39,31,28,83,14,14,62,37,29,96,32,36,17,49,50,99,40,5,54,74
h-22-1978-steelers-1.iff,164,steelers,1978,0,28,Steelers,Half Back,HB,39,placeholder,91,76,15,67,16,68,73,85,11,53,6,61,13,13,62,39,20,72,10,14,15,49,36,50,40,24,41,24
h-22-1978-steelers-1.iff,164,steelers,1978,0,29,Steelers,Linebacker,ILB,51,placeholder,81,82,10,92,11,87,73,70,82,23,99,38,11,11,23,33,29,24,78,99,11,49,82,99,63,5,70,63
h-22-1978-steelers-1.iff,164,steelers,1978,0,30,Steelers,Linebacker,ILB,53,placeholder,78,69,10,78,4,64,69,84,74,15,90,34,11,11,16,23,20,24,83,89,4,49,79,99,52,5,74,63
h-22-1978-steelers-1.iff,164,steelers,1978,0,31,Steelers,Kicker,K,19,placeholder,39,45,10,30,73,54,30,36,13,18,17,13,11,12,6,5,1,29,7,9,56,99,11,50,34,5,74,37
h-22-1978-steelers-1.iff,164,steelers,1978,0,32,Steelers,Linebacker,OLB,50,placeholder,77,71,10,92,13,84,73,85,70,28,89,47,11,11,21,31,29,39,87,89,13,49,75,99,59,5,75,80
h-22-1978-steelers-1.iff,164,steelers,1978,0,33,Steelers,Linebacker,OLB,58,placeholder,69,80,10,97,15,88,55,76,77,19,91,32,11,10,30,31,25,32,88,93,14,49,86,99,71,5,93,70
h-22-1978-steelers-1.iff,164,steelers,1978,0,34,Steelers,Linebacker,OLB,56,placeholder,61,86,10,78,4,84,63,62,56,15,60,34,11,11,16,23,20,24,59,69,4,49,32,99,33,5,28,24
h-22-1978-steelers-1.iff,164,steelers,1978,0,35,Steelers,Punter,P,5,placeholder,43,46,20,50,79,85,32,39,17,18,27,16,22,24,15,20,12,30,15,12,72,1,1,50,74,5,61,23
h-22-1978-steelers-1.iff,164,steelers,1978,0,36,Steelers,Quarterback,QB,12,placeholder,67,72,96,50,11,74,45,64,31,24,29,22,86,86,18,32,26,14,22,22,14,49,99,50,96,56,93,73
h-22-1978-steelers-1.iff,164,steelers,1978,0,37,Steelers,Quarterback,QB,14,placeholder,61,54,85,22,4,84,19,60,24,18,22,3,81,76,9,20,21,28,11,18,8,49,88,50,79,36,73,24
h-22-1978-steelers-1.iff,164,steelers,1978,0,38,Steelers,Safety,SS,26,placeholder,75,77,10,84,50,73,59,73,90,40,99,10,11,11,42,24,23,48,67,97,17,99,85,1,75,5,93,68
h-22-1978-steelers-1.iff,164,steelers,1978,0,39,Steelers,Safety,SS,21,placeholder,84,86,8,99,28,75,51,85,64,20,76,7,10,10,50,38,43,44,61,69,29,49,50,1,34,5,58,58
h-22-1978-steelers-1.iff,164,steelers,1978,0,40,Steelers,Tackle,T,55,placeholder,43,56,11,86,19,94,69,41,15,29,29,20,10,10,26,94,93,13,30,28,18,49,80,99,69,5,76,49
h-22-1978-steelers-1.iff,164,steelers,1978,0,41,Steelers,Tackle,T,74,placeholder,41,51,12,90,13,96,73,50,13,46,38,47,13,11,39,80,82,22,36,32,16,49,51,99,62,5,80,24
h-22-1978-steelers-1.iff,164,steelers,1978,0,42,Steelers,Tackle,T,70,placeholder,48,62,11,50,18,96,67,47,9,23,32,8,10,10,11,66,59,4,28,45,15,49,22,99,40,5,74,47
h-22-1978-steelers-1.iff,164,steelers,1978,0,43,Steelers,Tackle,T,72,placeholder,60,82,11,80,11,81,77,75,28,34,36,39,11,16,45,63,53,21,24,23,15,49,55,99,36,5,21,24
h-22-1978-steelers-1.iff,164,steelers,1978,0,44,Steelers,Tight End,TE,85,placeholder,71,76,10,72,14,81,61,70,14,76,6,59,11,11,80,75,79,75,12,14,16,49,44,99,52,5,32,56
h-22-1978-steelers-1.iff,164,steelers,1978,0,45,Steelers,Tight End,TE,89,placeholder,75,71,10,46,8,88,63,70,9,75,12,61,11,12,81,69,71,65,14,14,11,49,41,99,45,5,72,40
h-22-1978-steelers-1.iff,164,steelers,1978,0,46,Steelers,Tight End,TE,82,placeholder,61,81,10,66,12,61,55,78,8,69,9,50,11,10,72,74,78,76,10,11,14,49,24,99,43,5,40,54
h-22-1978-steelers-1.iff,164,steelers,1978,0,47,Steelers,Tight End,TE,49,placeholder,66,81,10,44,5,80,65,67,20,54,20,41,11,13,52,63,62,67,9,20,7,49,25,99,25,5,29,51
h-22-1978-steelers-1.iff,164,steelers,1978,0,48,Steelers,Receiver,WR,87,placeholder,81,78,15,77,14,68,68,67,6,96,15,91,16,16,89,53,53,90,11,5,18,49,44,99,35,5,73,99
h-22-1978-steelers-1.iff,164,steelers,1978,0,49,Steelers,Receiver,WR,81,placeholder,98,92,15,70,11,87,34,76,9,98,9,75,16,15,98,30,37,90,7,10,16,49,89,1,86,5,99,20
h-22-1978-steelers-1.iff,164,steelers,1978,0,50,Steelers,Receiver,WR,83,placeholder,83,86,15,44,9,81,37,68,6,77,14,45,16,16,75,19,28,74,11,14,13,49,49,50,70,5,96,45
h-22-1978-steelers-1.iff,164,steelers,1978,0,51,Steelers,Receiver,WR,86,placeholder,86,80,47,39,11,69,10,74,39,79,48,58,41,39,79,31,34,60,24,19,16,49,37,1,22,68,81,79
h-22-1978-steelers-1.iff,164,steelers,1978,0,52,Steelers,Receiver,WR,4,placeholder,89,92,15,69,14,73,33,79,11,79,9,36,16,16,79,41,41,76,8,9,19,49,46,50,41,5,74,24
h-22-1995-steelers-0.iff,165,steelers,1995,0,0,Steelers,Center,C,66,placeholder,45,63,12,98,26,96,63,55,31,17,30,23,11,10,23,97,99,10,35,40,22,49,84,99,77,5,93,68
h-22-1995-steelers-0.iff,165,steelers,1995,0,1,Steelers,Cornerback,CB,32,placeholder,87,86,9,70,18,83,45,82,95,14,74,10,11,11,42,19,26,43,30,60,19,49,84,1,79,5,86,78
h-22-1995-steelers-0.iff,165,steelers,1995,0,2,Steelers,Cornerback,CB,22,placeholder,87,97,9,53,14,87,35,68,90,10,74,7,11,10,11,15,18,37,55,63,15,49,15,1,55,5,85,67
h-22-1995-steelers-0.iff,165,steelers,1995,0,3,Steelers,Cornerback,CB,28,placeholder,92,76,11,71,19,72,41,85,78,19,72,39,11,11,26,34,39,51,33,52,21,49,36,1,39,5,45,42
h-22-1995-steelers-0.iff,165,steelers,1995,0,4,Steelers,Cornerback,CB,25,placeholder,87,81,12,55,16,85,41,92,72,6,77,4,13,11,26,18,20,1,40,62,19,49,28,1,39,5,55,39
h-22-1995-steelers-0.iff,165,steelers,1995,0,5,Steelers,Cornerback,CB,21,placeholder,91,74,11,72,21,76,35,77,83,8,75,6,11,11,35,46,43,34,53,62,22,49,35,1,32,5,55,76
h-22-1995-steelers-0.iff,165,steelers,1995,0,6,Steelers,Cornerback,CB,48,placeholder,86,74,9,45,19,79,31,73,65,12,57,8,11,10,12,25,29,39,32,45,19,49,27,1,22,5,55,54
h-22-1995-steelers-0.iff,165,steelers,1995,0,7,Brentson,Buckner,DE,96,real_name_in_supplied_data,75,82,10,75,19,86,71,79,46,14,88,28,11,10,22,18,23,26,96,78,19,49,59,99,66,5,88,80
h-22-1995-steelers-0.iff,165,steelers,1995,0,8,Steelers,Def End,DE,97,placeholder,76,64,10,70,20,79,73,64,46,18,85,29,11,10,19,27,20,18,93,80,20,49,70,99,66,5,75,81
h-22-1995-steelers-0.iff,165,steelers,1995,0,9,Steelers,Def End,DE,99,placeholder,66,77,10,67,19,80,71,55,58,23,72,35,11,11,27,26,34,18,71,64,19,49,34,99,42,5,29,24
h-22-1995-steelers-0.iff,165,steelers,1995,0,10,Steelers,Def Tackle,DT,93,placeholder,72,60,11,63,22,75,71,61,20,18,98,31,11,10,20,23,22,10,97,90,21,49,92,99,65,5,98,99
h-22-1995-steelers-0.iff,165,steelers,1995,0,11,Steelers,Def Tackle,DT,73,placeholder,63,77,10,70,22,57,69,53,31,24,89,38,11,11,24,33,36,26,76,94,20,49,56,99,63,5,73,51
h-22-1995-steelers-0.iff,165,steelers,1995,0,12,Oliver,Gibson,DT,98,real_name_in_supplied_data,45,64,11,75,24,48,73,55,21,23,74,31,10,10,27,35,27,10,62,72,23,49,38,99,42,5,48,68
h-22-1995-steelers-0.iff,165,steelers,1995,0,13,Steelers,Def Tackle,DT,71,placeholder,58,75,10,60,15,80,77,58,20,19,75,34,11,11,23,23,27,20,80,76,19,49,29,99,32,5,35,76
h-22-1995-steelers-0.iff,165,steelers,1995,0,14,Steelers,Full Back,FB,27,placeholder,77,83,18,92,22,91,67,67,6,65,5,91,14,16,76,67,65,65,10,14,21,49,74,99,68,5,66,66
h-22-1995-steelers-0.iff,165,steelers,1995,0,15,Rod,Woodson,FS,26,real_name_in_supplied_data,82,86,9,88,19,25,47,85,91,15,80,10,12,11,30,20,23,43,28,76,22,49,97,1,88,5,81,69
h-22-1995-steelers-0.iff,165,steelers,1995,0,16,Steelers,Safety,FS,49,placeholder,82,86,9,90,23,87,41,64,77,11,82,8,11,10,26,35,30,37,36,74,24,49,45,1,55,5,88,67
h-22-1995-steelers-0.iff,165,steelers,1995,0,17,Steelers,Guard,G,76,placeholder,40,47,12,76,24,97,59,41,17,32,30,18,10,10,29,85,85,7,30,28,23,49,39,99,58,5,90,42
h-22-1995-steelers-0.iff,165,steelers,1995,0,18,Steelers,Guard,G,61,placeholder,58,51,12,75,14,95,67,62,24,41,30,43,11,11,38,86,78,14,27,26,16,49,51,99,59,5,49,43
h-22-1995-steelers-0.iff,165,steelers,1995,0,19,Kendall,Gammon,G,60,real_name_in_supplied_data,41,42,11,90,17,98,69,39,13,28,26,18,10,10,17,57,61,11,24,28,16,49,47,99,49,5,81,39
h-22-1995-steelers-0.iff,165,steelers,1995,0,20,Steelers,Guard,G,63,placeholder,49,65,11,83,21,94,95,42,37,41,32,38,14,11,41,72,70,9,41,37,17,49,51,99,53,5,20,2
h-22-1995-steelers-0.iff,165,steelers,1995,0,21,Steelers,Half Back,HB,29,placeholder,90,79,17,70,11,93,41,73,13,66,8,87,14,16,66,31,30,79,9,7,12,49,41,50,43,5,72,82
h-22-1995-steelers-0.iff,165,steelers,1995,0,22,Steelers,Half Back,HB,23,placeholder,83,75,16,72,16,71,49,61,10,59,14,70,13,13,60,46,46,70,6,12,14,49,34,99,29,5,62,79
h-22-1995-steelers-0.iff,165,steelers,1995,0,23,Steelers,Half Back,HB,36,placeholder,82,63,12,44,16,95,63,67,38,45,41,63,14,14,52,26,25,81,30,33,17,49,20,99,23,5,66,91
h-22-1995-steelers-0.iff,165,steelers,1995,0,24,Steelers,Half Back,HB,24,placeholder,82,71,15,55,18,79,73,76,37,33,46,59,14,14,64,41,35,70,28,19,20,49,49,1,47,5,19,51
h-22-1995-steelers-0.iff,165,steelers,1995,0,25,Steelers,Half Back,HB,46,placeholder,79,70,17,69,14,87,53,68,10,48,6,78,15,16,39,40,43,64,6,14,15,49,43,50,24,5,64,83
h-22-1995-steelers-0.iff,165,steelers,1995,0,26,Steelers,Half Back,HB,35,placeholder,68,78,15,63,23,91,65,65,46,47,44,72,14,14,63,26,24,68,41,24,23,49,44,50,23,5,49,71
h-22-1995-steelers-0.iff,165,steelers,1995,0,27,Chad,Brown,ILB,94,real_name_in_supplied_data,80,77,10,79,11,86,51,70,76,23,88,26,11,10,16,30,24,18,75,89,13,49,34,99,57,5,90,71
h-22-1995-steelers-0.iff,165,steelers,1995,0,28,Steelers,Linebacker,ILB,90,placeholder,72,69,10,94,14,89,55,65,76,22,83,30,11,10,26,34,27,30,73,77,14,49,69,99,54,5,72,63
h-22-1995-steelers-0.iff,165,steelers,1995,0,29,Jason,Gildon,ILB,92,real_name_in_supplied_data,84,81,10,80,4,82,55,73,70,22,76,26,11,10,11,28,25,22,60,76,2,49,41,99,25,5,12,79
h-22-1995-steelers-0.iff,165,steelers,1995,0,30,Steelers,Kicker,K,1,placeholder,40,43,22,48,90,86,41,42,26,29,30,28,27,22,34,31,23,32,31,35,86,99,26,50,73,5,55,80
h-22-1995-steelers-0.iff,165,steelers,1995,0,31,Steelers,Linebacker,OLB,95,placeholder,82,86,10,99,11,84,63,64,85,20,99,28,11,10,26,27,21,26,68,98,11,49,90,99,70,5,90,82
h-22-1995-steelers-0.iff,165,steelers,1995,0,32,Steelers,Linebacker,OLB,91,placeholder,72,78,10,81,16,89,73,76,63,28,71,28,11,10,10,39,32,18,88,65,16,49,46,99,41,5,82,89
h-22-1995-steelers-0.iff,165,steelers,1995,0,33,Steelers,Linebacker,OLB,54,placeholder,74,68,10,83,6,85,63,75,73,13,76,26,11,10,11,21,16,30,55,77,6,49,49,99,42,5,59,74
h-22-1995-steelers-0.iff,165,steelers,1995,0,34,Steelers,Linebacker,OLB,52,placeholder,70,82,11,70,11,97,59,87,69,19,79,32,10,11,14,19,11,29,68,74,11,49,27,99,35,5,60,76
h-22-1995-steelers-0.iff,165,steelers,1995,0,35,Steelers,Punter,P,8,placeholder,43,48,48,46,87,78,37,50,20,19,48,17,50,45,21,19,16,36,18,12,82,1,37,50,89,5,22,24
h-22-1995-steelers-0.iff,165,steelers,1995,0,36,Steelers,Quarterback,QB,15,placeholder,58,67,75,29,7,71,39,47,27,18,23,18,85,88,14,25,24,35,14,20,11,49,73,50,90,47,95,24
h-22-1995-steelers-0.iff,165,steelers,1995,0,37,Steelers,Quarterback,QB,13,placeholder,56,71,78,10,5,51,18,41,27,20,24,6,74,73,11,23,22,23,14,19,10,49,72,50,74,16,70,24
h-22-1995-steelers-0.iff,165,steelers,1995,0,38,Kordell,Stewart,QB,10,real_name_in_supplied_data,85,84,89,50,14,88,48,79,33,44,30,42,70,67,70,26,25,20,24,20,16,49,60,50,66,86,59,24
h-22-1995-steelers-0.iff,165,steelers,1995,0,39,Steelers,Safety,SS,39,placeholder,75,77,10,84,50,73,59,73,90,40,99,10,11,11,42,24,23,48,67,97,17,99,85,1,75,5,93,68
h-22-1995-steelers-0.iff,165,steelers,1995,0,40,Steelers,Safety,SS,20,placeholder,85,79,12,81,19,80,45,64,66,1,53,4,13,11,14,28,26,39,60,53,20,49,44,1,33,5,81,41
h-22-1995-steelers-0.iff,165,steelers,1995,0,41,Steelers,Tackle,T,64,placeholder,50,59,11,97,16,96,71,62,26,43,42,50,11,16,53,79,80,20,27,23,18,49,62,99,54,5,75,41
h-22-1995-steelers-0.iff,165,steelers,1995,0,42,Steelers,Tackle,T,77,placeholder,43,56,11,86,19,94,69,41,15,29,29,20,10,10,26,94,93,13,30,28,18,49,80,99,69,5,76,49
h-22-1995-steelers-0.iff,165,steelers,1995,0,43,Steelers,Tackle,T,69,placeholder,51,45,11,82,19,95,67,52,15,34,37,19,10,10,24,77,77,8,31,28,19,49,48,99,50,5,77,52
h-22-1995-steelers-0.iff,165,steelers,1995,0,44,Steelers,Tackle,T,70,placeholder,56,47,11,82,16,97,55,47,24,32,32,47,11,17,43,73,66,19,23,23,16,49,55,99,40,5,85,60
h-22-1995-steelers-0.iff,165,steelers,1995,0,45,Mark,Bruener,TE,87,real_name_in_supplied_data,68,82,10,65,14,57,63,70,8,58,14,42,11,11,70,80,85,76,7,15,16,49,35,99,64,5,29,24
h-22-1995-steelers-0.iff,165,steelers,1995,0,46,Steelers,Tight End,TE,84,placeholder,64,71,10,46,8,76,55,67,9,52,12,32,11,12,77,73,75,65,14,14,11,49,31,99,37,5,29,23
h-22-1995-steelers-0.iff,165,steelers,1995,0,47,Steelers,Tight End,TE,85,placeholder,77,53,11,44,18,89,59,52,15,38,39,36,10,11,33,58,63,50,31,26,17,49,46,99,22,5,38,24
h-22-1995-steelers-0.iff,165,steelers,1995,0,48,Steelers,Receiver,WR,81,placeholder,85,79,15,72,12,81,40,62,14,85,10,67,16,16,84,60,62,80,7,8,16,49,56,99,57,5,99,80
h-22-1995-steelers-0.iff,165,steelers,1995,0,49,Steelers,Receiver,WR,82,placeholder,91,89,15,73,17,89,33,84,6,94,12,78,16,17,90,46,43,85,8,7,16,49,79,50,54,5,99,89
h-22-1995-steelers-0.iff,165,steelers,1995,0,50,Steelers,Receiver,WR,88,placeholder,83,80,15,73,13,85,43,77,6,73,13,56,16,16,74,39,44,77,13,15,17,49,47,50,64,5,97,24
h-22-1995-steelers-0.iff,165,steelers,1995,0,51,Steelers,Receiver,WR,89,placeholder,89,89,17,53,12,69,35,81,12,82,9,42,15,16,76,43,35,74,10,5,13,49,35,1,39,5,95,52
h-22-1995-steelers-0.iff,165,steelers,1995,0,52,Steelers,Receiver,WR,80,placeholder,91,86,17,51,10,65,29,85,7,80,11,34,14,16,73,55,32,74,10,14,10,49,32,50,22,5,79,76
h-23-1979-rams-4.iff,166,rams,1979,0,0,Rams,Center,C,68,placeholder,43,51,12,95,25,97,53,39,28,16,24,23,11,11,18,87,86,9,30,40,22,49,75,99,74,5,95,43
h-23-1979-rams-4.iff,166,rams,1979,0,1,Rams,Center,C,61,placeholder,52,57,11,85,20,95,67,45,15,13,22,9,10,10,17,64,69,9,22,30,17,49,80,99,56,5,72,41
h-23-1979-rams-4.iff,166,rams,1979,0,2,Rams,Center,C,62,placeholder,61,77,12,75,14,81,69,76,12,20,21,42,11,11,26,70,63,20,28,47,14,49,38,99,35,5,40,55
h-23-1979-rams-4.iff,166,rams,1979,0,3,Rams,Cornerback,CB,27,placeholder,87,97,9,53,14,87,35,68,90,10,74,7,11,10,11,15,18,37,55,63,15,49,15,1,55,5,85,67
h-23-1979-rams-4.iff,166,rams,1979,0,4,Rams,Cornerback,CB,40,placeholder,81,86,9,96,18,85,47,72,89,11,80,8,12,10,40,14,20,37,59,72,21,49,76,1,54,5,90,80
h-23-1979-rams-4.iff,166,rams,1979,0,5,Rams,Cornerback,CB,36,placeholder,92,99,11,71,19,72,39,92,80,19,44,39,11,11,48,34,39,51,29,36,21,49,36,1,45,5,55,42
h-23-1979-rams-4.iff,166,rams,1979,0,6,Rams,Cornerback,CB,20,placeholder,91,74,11,72,21,76,35,77,83,8,75,6,11,11,35,46,43,34,53,62,22,49,35,1,32,5,55,76
h-23-1979-rams-4.iff,166,rams,1979,0,7,Rams,Cornerback,CB,44,placeholder,92,76,11,71,19,72,41,85,78,19,72,39,11,11,26,34,39,51,33,52,21,49,36,1,39,5,45,42
h-23-1979-rams-4.iff,166,rams,1979,0,8,Rams,Cornerback,CB,22,placeholder,89,93,11,94,24,61,39,73,70,7,56,35,11,11,55,44,42,32,21,48,26,49,58,1,41,5,38,24
h-23-1979-rams-4.iff,166,rams,1979,0,9,Rams,Cornerback,CB,26,placeholder,90,91,11,94,24,61,49,82,67,7,35,35,11,11,39,44,42,32,47,31,26,49,58,1,35,5,34,24
h-23-1979-rams-4.iff,166,rams,1979,0,10,Rams,Cornerback,CB,24,placeholder,86,74,9,45,19,79,31,73,65,12,57,8,11,10,12,25,29,39,32,45,19,49,27,1,22,5,55,54
h-23-1979-rams-4.iff,166,rams,1979,0,11,Rams,Def End,DE,84,placeholder,78,88,10,79,19,76,58,64,51,14,95,28,11,10,24,19,26,28,98,88,20,49,97,99,65,5,83,80
h-23-1979-rams-4.iff,166,rams,1979,0,12,Rams,Def End,DE,89,placeholder,75,82,10,75,19,86,71,79,46,14,88,28,11,10,22,18,23,26,96,78,19,49,59,99,66,5,88,80
h-23-1979-rams-4.iff,166,rams,1979,0,13,Rams,Def End,DE,78,placeholder,75,72,10,50,17,83,57,58,42,18,73,24,11,10,19,21,20,10,74,74,19,49,21,99,38,5,42,75
h-23-1979-rams-4.iff,166,rams,1979,0,14,Rams,Def Tackle,DT,99,placeholder,72,60,11,63,22,75,71,61,20,18,98,31,11,10,20,23,22,10,97,90,21,49,92,99,65,5,98,99
h-23-1979-rams-4.iff,166,rams,1979,0,15,Rams,Def Tackle,DT,70,placeholder,63,77,10,70,22,57,69,53,31,24,89,38,11,11,24,33,36,26,76,94,20,49,56,99,63,5,73,51
h-23-1979-rams-4.iff,166,rams,1979,0,16,Rams,Def Tackle,DT,63,placeholder,56,68,13,67,16,72,67,82,10,22,76,30,11,11,24,23,26,10,77,74,15,49,31,99,38,5,50,42
h-23-1979-rams-4.iff,166,rams,1979,0,17,Rams,Def Tackle,DT,79,placeholder,49,61,11,52,24,82,57,48,15,19,78,31,10,10,32,43,34,10,69,68,24,49,33,99,43,5,86,69
h-23-1979-rams-4.iff,166,rams,1979,0,18,Rams,Full Back,FB,37,placeholder,80,75,16,79,19,94,69,57,42,53,29,50,14,14,62,82,68,89,37,35,21,49,27,99,43,5,30,70
h-23-1979-rams-4.iff,166,rams,1979,0,19,Rams,Safety,FS,21,placeholder,82,86,9,90,23,87,41,64,77,11,82,8,11,10,26,35,30,37,36,74,24,49,45,1,55,5,88,67
h-23-1979-rams-4.iff,166,rams,1979,0,20,Rams,Guard,G,60,placeholder,40,47,12,76,24,97,59,41,17,32,30,18,10,10,29,85,85,7,30,28,23,49,39,99,58,5,90,42
h-23-1979-rams-4.iff,166,rams,1979,0,21,Rams,Guard,G,77,placeholder,58,51,12,75,14,95,67,62,24,41,30,43,11,11,38,86,78,14,27,26,16,49,51,99,59,5,49,43
h-23-1979-rams-4.iff,166,rams,1979,0,22,Rams,Guard,G,67,placeholder,52,57,12,69,18,96,77,45,14,37,29,32,14,11,34,65,76,10,27,24,13,49,42,99,44,5,30,46
h-23-1979-rams-4.iff,166,rams,1979,0,23,Rams,Half Back,HB,23,placeholder,87,63,17,91,13,91,65,76,14,73,6,87,15,16,71,36,36,45,12,8,16,49,44,50,55,5,75,62
h-23-1979-rams-4.iff,166,rams,1979,0,24,Rams,Half Back,HB,35,placeholder,82,63,12,44,16,95,63,67,38,45,41,63,14,14,52,26,25,81,30,33,17,49,20,99,23,5,66,91
h-23-1979-rams-4.iff,166,rams,1979,0,25,Rams,Half Back,HB,30,placeholder,79,70,17,69,14,87,53,68,10,48,6,78,15,16,39,40,43,64,6,14,15,49,43,50,24,5,64,83
h-23-1979-rams-4.iff,166,rams,1979,0,26,Rams,Half Back,HB,25,placeholder,88,79,17,65,16,72,47,76,13,48,8,75,14,14,49,49,35,90,6,13,19,49,38,99,40,24,41,41
h-23-1979-rams-4.iff,166,rams,1979,0,27,Rams,Linebacker,ILB,65,placeholder,78,69,10,78,4,64,69,84,74,15,90,34,11,11,16,23,20,24,83,89,4,49,79,99,52,5,74,63
h-23-1979-rams-4.iff,166,rams,1979,0,28,Rams,Linebacker,ILB,58,placeholder,72,82,10,87,13,88,63,58,70,19,83,29,11,10,28,31,25,32,63,84,13,49,77,99,36,5,79,74
h-23-1979-rams-4.iff,166,rams,1979,0,29,Rams,Linebacker,ILB,57,placeholder,84,81,10,80,4,82,55,73,70,22,76,26,11,10,11,28,25,22,60,76,2,49,41,99,25,5,12,79
h-23-1979-rams-4.iff,166,rams,1979,0,30,Rams,Kicker,K,8,placeholder,40,43,22,48,90,86,41,42,26,29,30,28,27,22,34,31,23,32,31,35,86,99,26,50,73,5,55,80
h-23-1979-rams-4.iff,166,rams,1979,0,31,Rams,Linebacker,OLB,56,placeholder,82,86,10,99,11,84,63,64,85,20,99,28,11,10,26,27,21,26,68,98,11,49,90,99,70,5,90,82
h-23-1979-rams-4.iff,166,rams,1979,0,32,Rams,Linebacker,OLB,50,placeholder,72,78,10,81,16,89,73,76,63,28,71,28,11,10,10,39,32,18,88,65,16,49,46,99,41,5,82,89
h-23-1979-rams-4.iff,166,rams,1979,0,33,Rams,Linebacker,OLB,52,placeholder,74,68,10,83,6,85,63,75,73,13,76,26,11,10,11,21,16,30,55,77,6,49,49,99,42,5,59,74
h-23-1979-rams-4.iff,166,rams,1979,0,34,Rams,Linebacker,OLB,59,placeholder,70,82,11,70,11,97,59,87,69,19,79,32,10,11,14,19,11,29,68,74,11,49,27,99,35,5,60,76
h-23-1979-rams-4.iff,166,rams,1979,0,35,Rams,Punter,P,16,placeholder,43,48,48,46,87,78,37,50,20,19,48,17,50,45,21,19,16,36,18,12,82,1,37,50,89,5,22,24
h-23-1979-rams-4.iff,166,rams,1979,0,36,Rams,Quarterback,QB,18,placeholder,58,67,75,29,7,71,39,47,27,18,23,18,85,88,14,25,24,35,14,20,11,49,73,50,90,47,95,24
h-23-1979-rams-4.iff,166,rams,1979,0,37,Rams,Quarterback,QB,14,placeholder,54,51,75,15,8,89,22,53,29,23,29,10,70,77,19,32,26,28,19,19,13,49,68,50,75,16,75,24
h-23-1979-rams-4.iff,166,rams,1979,0,38,Rams,Quarterback,QB,3,placeholder,63,69,69,24,5,58,13,55,26,17,21,14,78,63,9,18,21,31,11,18,9,49,71,50,71,70,62,24
h-23-1979-rams-4.iff,166,rams,1979,0,39,Rams,Quarterback,QB,10,placeholder,78,71,72,25,7,89,35,61,14,18,19,35,68,72,4,3,7,28,20,27,9,49,70,50,70,75,33,24
h-23-1979-rams-4.iff,166,rams,1979,0,40,Rams,Safety,SS,42,placeholder,75,77,10,84,50,73,59,73,90,40,99,10,11,11,42,24,23,48,67,97,17,99,85,1,75,5,93,68
h-23-1979-rams-4.iff,166,rams,1979,0,41,Rams,Tackle,T,71,placeholder,53,67,11,92,19,95,79,61,13,28,29,18,10,10,28,94,96,14,28,28,18,49,74,99,75,5,64,56
h-23-1979-rams-4.iff,166,rams,1979,0,42,Rams,Tackle,T,72,placeholder,43,56,11,86,19,94,69,41,15,29,29,20,10,10,26,94,93,13,30,28,18,49,80,99,69,5,76,49
h-23-1979-rams-4.iff,166,rams,1979,0,43,Rams,Tackle,T,76,placeholder,45,47,11,94,19,94,71,47,15,35,31,16,10,10,23,77,81,9,31,27,19,49,57,99,65,5,93,48
h-23-1979-rams-4.iff,166,rams,1979,0,44,Rams,Tackle,T,75,placeholder,51,45,11,82,19,95,67,52,15,34,37,19,10,10,24,77,77,8,31,28,19,49,48,99,50,5,77,52
h-23-1979-rams-4.iff,166,rams,1979,0,45,Rams,Tight End,TE,86,placeholder,72,77,11,70,16,81,55,73,6,76,15,63,11,11,80,73,75,74,8,6,17,49,39,99,64,5,34,24
h-23-1979-rams-4.iff,166,rams,1979,0,46,Rams,Tight End,TE,83,placeholder,64,71,10,46,8,76,55,67,9,52,12,32,11,12,77,73,75,65,14,14,11,49,31,99,37,5,29,23
h-23-1979-rams-4.iff,166,rams,1979,0,47,Rams,Receiver,WR,81,placeholder,85,79,15,72,12,81,40,62,14,85,10,67,16,16,84,60,62,80,7,8,16,49,56,99,57,5,99,80
h-23-1979-rams-4.iff,166,rams,1979,0,48,Rams,Receiver,WR,85,placeholder,86,81,15,60,11,77,37,85,8,83,15,57,16,16,87,40,40,60,12,12,15,49,73,50,70,5,98,47
h-23-1979-rams-4.iff,166,rams,1979,0,49,Rams,Receiver,WR,80,placeholder,79,68,15,55,19,78,38,62,11,81,13,56,14,14,81,69,68,74,6,13,19,49,22,99,61,5,79,12
h-23-1979-rams-4.iff,166,rams,1979,0,50,Rams,Receiver,WR,88,placeholder,89,89,17,53,12,69,35,81,12,82,9,42,15,16,76,43,35,74,10,5,13,49,35,1,39,5,95,52
h-23-1979-rams-4.iff,166,rams,1979,0,51,Rams,Receiver,WR,87,placeholder,89,92,15,69,14,73,33,79,11,79,9,36,16,16,79,41,41,76,8,9,19,49,46,50,41,5,74,24
h-23-1979-rams-4.iff,166,rams,1979,0,52,Rams,Receiver,WR,82,placeholder,84,84,13,32,8,78,38,64,9,67,8,47,14,14,69,45,32,64,8,10,13,49,31,1,37,5,98,48
h-23-1999-rams-2.iff,167,rams,1999,1,0,Rams,Center,C,60,placeholder,50,70,14,71,18,94,69,70,14,37,29,32,14,11,34,80,72,10,27,24,13,49,42,99,51,5,65,46
h-23-1999-rams-2.iff,167,rams,1999,1,1,Ryan,Tucker,C,50,real_name_in_supplied_data,57,65,12,62,16,92,93,65,25,19,23,32,14,11,29,60,57,9,24,37,13,49,41,99,44,5,36,43
h-23-1999-rams-2.iff,167,rams,1999,1,2,Andy,Mccollum,C,67,real_name_in_supplied_data,53,65,12,92,24,94,67,47,16,31,29,18,10,10,27,78,72,8,30,28,22,49,43,99,45,5,49,45
h-23-1999-rams-2.iff,167,rams,1999,1,3,Rams,Cornerback,CB,48,placeholder,85,86,9,58,16,33,41,82,86,13,80,9,11,11,29,19,18,41,32,64,17,49,90,1,76,5,84,60
h-23-1999-rams-2.iff,167,rams,1999,1,4,Dexter,Mccleon,CB,24,real_name_in_supplied_data,75,83,9,55,16,73,39,68,89,12,79,8,11,10,47,23,25,39,40,70,19,49,64,1,54,5,90,77
h-23-1999-rams-2.iff,167,rams,1999,1,5,Rams,Cornerback,CB,29,placeholder,86,84,9,60,17,74,47,73,73,10,70,7,11,10,15,19,20,37,38,62,19,49,20,1,50,5,88,55
h-23-1999-rams-2.iff,167,rams,1999,1,6,Dre',Bly,CB,32,real_name_in_supplied_data,89,85,12,70,18,96,33,73,85,8,78,38,13,11,20,33,31,50,54,60,17,49,32,1,50,5,75,53
h-23-1999-rams-2.iff,167,rams,1999,1,7,Rams,Cornerback,CB,31,placeholder,76,72,8,99,28,75,37,85,54,20,56,7,10,10,50,38,43,46,68,45,29,49,50,1,20,5,55,58
h-23-1999-rams-2.iff,167,rams,1999,1,8,Kevin,Carter,DE,93,real_name_in_supplied_data,72,68,11,78,20,84,61,78,46,15,79,29,11,10,23,27,24,26,90,88,20,49,56,99,62,5,75,77
h-23-1999-rams-2.iff,167,rams,1999,1,9,Grant,Wistrom,DE,98,real_name_in_supplied_data,80,74,10,60,19,79,69,59,49,17,77,26,11,10,23,23,24,20,79,76,20,49,64,99,50,5,71,72
h-23-1999-rams-2.iff,167,rams,1999,1,10,Jeff,Robinson,DE,94,real_name_in_supplied_data,61,71,10,72,22,88,57,73,68,24,87,37,11,11,32,23,30,24,76,77,21,49,36,99,36,5,55,85
h-23-1999-rams-2.iff,167,rams,1999,1,11,Rams,Def Tackle,DT,75,placeholder,50,63,11,57,22,85,77,64,18,14,77,31,11,11,24,29,26,22,78,78,20,49,62,99,63,5,72,74
h-23-1999-rams-2.iff,167,rams,1999,1,12,Rams,Def Tackle,DT,99,placeholder,55,74,11,73,25,80,73,58,28,20,82,33,11,10,26,34,25,10,71,86,23,49,80,99,49,5,55,86
h-23-1999-rams-2.iff,167,rams,1999,1,13,Jeff,Zgonina,DT,90,real_name_in_supplied_data,64,62,11,41,24,87,75,58,24,24,84,29,10,11,30,37,30,4,47,81,24,49,42,99,59,5,69,69
h-23-1999-rams-2.iff,167,rams,1999,1,14,Jay,Williams,DT,96,real_name_in_supplied_data,70,75,10,60,15,81,59,64,20,19,75,34,11,11,23,23,27,20,74,68,19,49,29,99,46,5,55,24
h-23-1999-rams-2.iff,167,rams,1999,1,15,Rams,Def Tackle,DT,72,placeholder,71,65,11,63,19,81,71,67,13,14,74,28,11,10,11,18,13,34,70,71,17,49,52,99,36,5,44,97
h-23-1999-rams-2.iff,167,rams,1999,1,16,Robert,Holcombe,FB,25,real_name_in_supplied_data,59,64,16,70,19,72,51,52,44,55,30,35,14,14,56,90,78,81,37,35,20,49,43,99,59,5,90,37
h-23-1999-rams-2.iff,167,rams,1999,1,17,Rams,Safety,FS,27,placeholder,82,86,9,90,23,87,41,64,77,11,82,8,11,10,26,35,30,37,36,74,24,49,45,1,55,5,88,67
h-23-1999-rams-2.iff,167,rams,1999,1,18,Rams,Guard,G,68,placeholder,56,61,10,78,22,99,63,55,13,33,36,9,10,10,27,82,82,4,27,24,20,49,78,99,70,5,85,41
h-23-1999-rams-2.iff,167,rams,1999,1,19,Adam,Timmerman,G,62,real_name_in_supplied_data,42,60,12,87,25,96,73,48,16,31,33,22,10,10,24,87,85,9,30,28,23,49,80,99,81,5,84,24
h-23-1999-rams-2.iff,167,rams,1999,1,20,Cameron,Spikes,G,73,real_name_in_supplied_data,56,73,14,64,14,79,65,65,19,35,24,34,11,11,31,59,56,16,22,31,17,49,45,99,30,5,33,43
h-23-1999-rams-2.iff,167,rams,1999,1,21,Marshall,Faulk,HB,28,real_name_in_supplied_data,90,83,24,99,14,99,37,78,15,86,15,89,22,24,85,38,51,98,9,8,18,49,84,1,81,5,99,73
h-23-1999-rams-2.iff,167,rams,1999,1,22,Rams,Half Back,HB,36,placeholder,82,67,17,79,13,94,51,70,14,59,6,69,15,16,57,38,34,64,12,8,16,49,44,99,42,5,68,24
h-23-1999-rams-2.iff,167,rams,1999,1,23,James,Hodgins,HB,42,real_name_in_supplied_data,88,79,17,65,16,72,47,76,13,48,8,75,14,14,49,49,35,90,6,13,19,49,38,99,40,24,41,41
h-23-1999-rams-2.iff,167,rams,1999,1,24,Rams,Half Back,HB,38,placeholder,86,68,17,67,11,67,51,58,14,45,11,61,14,14,62,56,53,71,7,11,14,49,67,50,26,5,75,69
h-23-1999-rams-2.iff,167,rams,1999,1,25,London,Fletcher,ILB,59,real_name_in_supplied_data,79,81,10,76,8,86,69,67,78,19,94,24,11,10,23,27,21,16,74,94,8,49,76,99,56,5,85,85
h-23-1999-rams-2.iff,167,rams,1999,1,26,Leonard,Little,ILB,57,real_name_in_supplied_data,78,74,10,93,15,85,71,64,75,23,63,31,11,11,18,32,27,30,69,78,16,49,81,99,44,5,18,79
h-23-1999-rams-2.iff,167,rams,1999,1,27,Rams,Linebacker,ILB,53,placeholder,80,86,10,76,13,79,57,78,75,24,65,26,11,10,10,33,27,18,54,55,13,49,37,99,31,5,21,71
h-23-1999-rams-2.iff,167,rams,1999,1,28,Rams,Linebacker,ILB,55,placeholder,70,72,10,62,9,52,71,53,67,19,56,24,10,11,9,27,23,24,47,52,9,49,50,99,20,5,13,43
h-23-1999-rams-2.iff,167,rams,1999,1,29,Jeff,Wilkins,K,14,real_name_in_supplied_data,38,44,11,46,85,81,33,42,23,23,27,19,11,12,27,34,28,35,20,12,70,99,39,50,63,5,79,24
h-23-1999-rams-2.iff,167,rams,1999,1,30,Rams,Linebacker,OLB,52,placeholder,70,72,10,79,13,79,57,76,70,23,85,27,11,10,20,36,29,22,81,77,13,49,35,99,48,5,84,78
h-23-1999-rams-2.iff,167,rams,1999,1,31,Charlie,Clemons,OLB,56,real_name_in_supplied_data,59,68,10,93,13,69,77,72,76,18,80,30,11,10,30,33,27,36,74,80,14,49,39,99,54,5,51,54
h-23-1999-rams-2.iff,167,rams,1999,1,32,Rams,Linebacker,OLB,58,placeholder,71,76,10,72,6,55,53,68,70,16,64,23,11,10,19,23,19,20,45,52,6,49,22,99,20,5,36,87
h-23-1999-rams-2.iff,167,rams,1999,1,33,Todd,Collins,OLB,54,real_name_in_supplied_data,74,67,10,74,7,67,67,50,61,18,57,33,11,11,15,18,16,24,51,66,5,49,32,99,24,5,22,45
h-23-1999-rams-2.iff,167,rams,1999,1,34,Rams,Punter,P,18,placeholder,43,48,21,49,82,76,37,49,19,20,46,17,23,21,15,23,14,28,16,12,80,1,32,50,80,5,62,24
h-23-1999-rams-2.iff,167,rams,1999,1,35,Rams,Punter,P,2,placeholder,43,46,20,50,79,85,32,39,17,18,27,16,22,24,15,20,12,30,15,12,72,1,1,50,74,5,61,23
h-23-1999-rams-2.iff,167,rams,1999,1,36,Kurt,Warner,QB,13,real_name_in_supplied_data,64,70,82,99,7,99,39,52,29,23,28,10,96,95,16,28,25,25,18,19,12,49,90,50,99,40,99,80
h-23-1999-rams-2.iff,167,rams,1999,1,37,Rams,Quarterback,QB,19,placeholder,63,74,83,26,8,78,31,59,26,22,29,36,86,85,14,17,16,28,8,32,13,49,78,50,79,45,75,24
h-23-1999-rams-2.iff,167,rams,1999,1,38,Rams,Quarterback,QB,3,placeholder,69,73,56,15,11,65,18,64,26,20,23,39,60,58,11,12,13,28,24,31,11,49,44,50,69,33,32,24
h-23-1999-rams-2.iff,167,rams,1999,1,39,Rams,Safety,SS,26,placeholder,89,96,9,74,18,82,81,85,76,25,85,8,11,10,31,30,31,46,50,88,20,49,65,1,48,5,50,66
h-23-1999-rams-2.iff,167,rams,1999,1,40,Rams,Safety,SS,22,placeholder,91,85,13,66,17,53,43,73,69,8,69,6,13,11,27,28,30,34,43,68,17,49,48,1,43,5,64,56
h-23-1999-rams-2.iff,167,rams,1999,1,41,Rams,Safety,SS,34,placeholder,88,70,12,90,23,92,59,76,69,6,68,38,13,11,20,35,36,50,40,46,22,49,54,1,46,5,51,24
h-23-1999-rams-2.iff,167,rams,1999,1,42,Fred,Miller,T,71,real_name_in_supplied_data,35,48,11,89,19,98,68,41,13,30,30,18,10,10,28,79,80,12,30,28,18,49,46,99,61,5,95,45
h-23-1999-rams-2.iff,167,rams,1999,1,43,Orlando,Pace,T,76,real_name_in_supplied_data,55,62,11,89,17,95,81,59,13,29,34,15,10,10,26,92,95,12,28,28,17,49,92,99,69,5,65,60
h-23-1999-rams-2.iff,167,rams,1999,1,44,Chad,Lewis,TE,49,real_name_in_supplied_data,68,68,10,37,16,81,49,61,10,83,6,65,11,10,79,79,78,47,7,7,18,49,32,99,70,5,82,24
h-23-1999-rams-2.iff,167,rams,1999,1,45,Rams,Tight End,TE,83,placeholder,68,82,10,65,14,57,63,70,8,58,14,42,11,11,70,80,85,76,7,15,16,49,35,99,64,5,29,24
h-23-1999-rams-2.iff,167,rams,1999,1,46,Ernie,Conwell,TE,84,real_name_in_supplied_data,81,81,10,30,10,84,83,85,8,51,12,62,11,10,66,76,71,67,15,13,13,49,63,99,62,5,49,24
h-23-1999-rams-2.iff,167,rams,1999,1,47,Isaac,Bruce,WR,80,real_name_in_supplied_data,98,92,15,70,11,87,34,76,9,98,9,75,16,15,98,30,37,90,7,10,16,49,89,1,86,5,99,20
h-23-1999-rams-2.iff,167,rams,1999,1,48,Torry,Holt,WR,88,real_name_in_supplied_data,91,89,15,73,17,89,33,84,6,94,12,78,16,17,90,46,43,85,8,7,16,49,79,50,54,5,99,89
h-23-1999-rams-2.iff,167,rams,1999,1,49,Az-Zahir,Hakim,WR,81,real_name_in_supplied_data,88,79,28,46,8,45,37,76,8,79,12,46,26,28,79,26,32,61,12,13,13,49,70,50,42,5,98,70
h-23-1999-rams-2.iff,167,rams,1999,1,50,Ricky,Proehl,WR,87,real_name_in_supplied_data,80,72,15,60,11,80,38,67,13,85,15,41,16,16,88,17,45,75,8,6,16,49,79,50,74,5,97,54
h-23-1999-rams-2.iff,167,rams,1999,1,51,Rams,Receiver,WR,89,placeholder,88,91,13,16,5,70,29,73,13,70,7,29,14,14,65,20,25,62,14,13,10,49,54,1,27,5,74,52
h-23-1999-rams-2.iff,167,rams,1999,1,52,Rams,Receiver,WR,82,placeholder,84,83,15,74,12,58,47,67,14,83,10,60,16,15,84,47,46,78,15,10,16,49,58,50,61,5,95,55
h-24-1963-chargers-8.iff,168,chargers,1963,0,0,Chargers,Center,C,57,placeholder,41,59,11,95,23,94,77,52,28,17,26,16,10,10,20,72,70,8,30,37,20,49,86,99,64,5,60,48
h-24-1963-chargers-8.iff,168,chargers,1963,0,1,Chargers,Center,C,65,placeholder,53,65,12,92,24,94,67,47,16,31,29,18,10,10,27,78,72,8,30,28,22,49,43,99,45,5,49,45
h-24-1963-chargers-8.iff,168,chargers,1963,0,2,Chargers,Cornerback,CB,36,placeholder,83,85,9,53,17,82,35,78,92,14,67,10,11,10,24,30,28,43,25,59,19,49,78,1,69,5,95,60
h-24-1963-chargers-8.iff,168,chargers,1963,0,3,Chargers,Cornerback,CB,47,placeholder,83,88,9,55,16,87,45,64,89,10,76,7,11,10,39,14,18,37,38,65,16,49,79,1,63,5,90,56
h-24-1963-chargers-8.iff,168,chargers,1963,0,4,Chargers,Cornerback,CB,22,placeholder,89,85,12,70,18,96,33,73,85,8,78,38,13,11,20,33,31,50,54,60,17,49,32,1,50,5,75,53
h-24-1963-chargers-8.iff,168,chargers,1963,0,5,Chargers,Cornerback,CB,25,placeholder,85,98,12,53,17,87,49,99,70,14,72,10,12,13,23,5,5,60,30,59,15,49,32,1,42,5,51,60
h-24-1963-chargers-8.iff,168,chargers,1963,0,6,Chargers,Cornerback,CB,35,placeholder,87,92,12,72,16,86,37,75,73,10,74,38,12,11,27,33,29,50,42,67,19,49,32,1,41,5,60,51
h-24-1963-chargers-8.iff,168,chargers,1963,0,7,Chargers,Cornerback,CB,37,placeholder,91,81,11,91,26,62,55,73,66,7,44,5,11,11,9,35,36,32,55,40,24,49,57,1,31,5,35,24
h-24-1963-chargers-8.iff,168,chargers,1963,0,8,Chargers,Cornerback,CB,24,placeholder,82,81,9,88,21,69,41,61,56,13,49,9,11,10,19,29,27,41,29,41,23,49,42,1,20,5,24,57
h-24-1963-chargers-8.iff,168,chargers,1963,0,9,Chargers,Def End,DE,84,placeholder,83,78,10,58,23,77,55,79,39,18,85,23,11,11,19,28,20,14,92,78,24,49,69,99,50,5,64,82
h-24-1963-chargers-8.iff,168,chargers,1963,0,10,Chargers,Def End,DE,86,placeholder,80,74,10,60,19,79,69,59,49,17,77,26,11,10,23,23,24,20,79,76,20,49,64,99,50,5,71,72
h-24-1963-chargers-8.iff,168,chargers,1963,0,11,Chargers,Def End,DE,90,placeholder,72,76,10,57,19,54,61,62,59,18,66,27,11,10,23,22,23,36,73,72,20,49,23,99,40,5,55,74
h-24-1963-chargers-8.iff,168,chargers,1963,0,12,Chargers,Def End,DE,51,placeholder,59,57,10,43,25,61,77,60,21,25,59,28,10,10,28,40,34,2,44,47,24,49,29,99,25,5,41,24
h-24-1963-chargers-8.iff,168,chargers,1963,0,13,Chargers,Def Tackle,DT,70,placeholder,50,63,11,57,22,85,77,64,18,14,77,31,11,11,24,29,26,22,78,78,20,49,62,99,63,5,72,74
h-24-1963-chargers-8.iff,168,chargers,1963,0,14,Chargers,Def Tackle,DT,73,placeholder,55,74,11,73,25,80,73,58,28,20,82,33,11,10,26,34,25,10,71,86,23,49,80,99,49,5,55,86
h-24-1963-chargers-8.iff,168,chargers,1963,0,15,Chargers,Def Tackle,DT,72,placeholder,59,69,10,76,22,89,63,58,24,25,81,33,11,11,31,24,33,14,74,80,19,49,70,99,36,5,65,80
h-24-1963-chargers-8.iff,168,chargers,1963,0,16,Chargers,Def Tackle,DT,54,placeholder,58,66,10,53,17,28,63,64,16,22,65,31,11,11,26,19,28,14,52,59,16,49,33,99,26,5,35,24
h-24-1963-chargers-8.iff,168,chargers,1963,0,17,Chargers,Full Back,FB,27,placeholder,59,64,16,70,19,72,51,52,44,55,30,35,14,14,56,90,78,81,37,35,20,49,43,99,59,5,90,37
h-24-1963-chargers-8.iff,168,chargers,1963,0,18,Chargers,Safety,FS,46,placeholder,82,86,9,90,23,87,41,64,77,11,82,8,11,10,26,35,30,37,36,74,24,49,45,1,55,5,88,67
h-24-1963-chargers-8.iff,168,chargers,1963,0,19,Chargers,Safety,FS,33,placeholder,87,81,10,66,17,65,39,62,80,12,76,8,11,10,14,24,20,39,33,65,19,49,26,1,45,5,70,80
h-24-1963-chargers-8.iff,168,chargers,1963,0,20,Chargers,Guard,G,64,placeholder,42,60,12,87,25,96,73,48,16,31,33,22,10,10,24,88,86,9,30,28,23,49,80,99,81,5,84,24
h-24-1963-chargers-8.iff,168,chargers,1963,0,21,Chargers,Guard,G,63,placeholder,48,62,11,99,25,97,61,50,34,20,29,20,10,10,23,87,81,7,37,37,23,49,58,99,70,5,95,49
h-24-1963-chargers-8.iff,168,chargers,1963,0,22,Chargers,Guard,G,71,placeholder,41,57,12,78,22,95,79,42,13,28,29,15,10,11,23,70,69,12,26,28,20,49,73,99,68,5,21,41
h-24-1963-chargers-8.iff,168,chargers,1963,0,23,Chargers,Half Back,HB,26,placeholder,90,79,17,70,11,93,41,73,13,66,8,87,14,16,66,31,30,79,9,7,12,49,41,50,43,5,72,82
h-24-1963-chargers-8.iff,168,chargers,1963,0,24,Chargers,Half Back,HB,29,placeholder,90,72,17,67,9,92,55,79,37,59,30,76,14,14,55,10,12,64,20,28,11,49,38,1,51,5,78,46
h-24-1963-chargers-8.iff,168,chargers,1963,0,25,Chargers,Half Back,HB,49,placeholder,83,75,16,72,16,71,49,61,10,59,14,70,13,13,60,46,46,70,6,12,14,49,34,99,29,5,62,79
h-24-1963-chargers-8.iff,168,chargers,1963,0,26,Chargers,Half Back,HB,23,placeholder,87,72,17,70,11,73,73,82,13,46,8,74,14,16,48,30,20,43,9,7,12,49,41,99,34,24,34,24
h-24-1963-chargers-8.iff,168,chargers,1963,0,27,Chargers,Half Back,HB,38,placeholder,84,64,17,70,11,77,45,65,12,48,12,65,14,15,34,30,13,78,10,11,13,49,41,50,20,24,38,24
h-24-1963-chargers-8.iff,168,chargers,1963,0,28,Chargers,Linebacker,ILB,59,placeholder,66,64,11,63,1,86,55,78,76,16,93,30,10,11,9,14,7,5,72,93,1,49,21,99,51,5,74,48
h-24-1963-chargers-8.iff,168,chargers,1963,0,29,Chargers,Linebacker,ILB,58,placeholder,77,76,10,79,11,87,65,68,74,21,82,25,11,10,19,30,23,16,71,76,11,49,28,99,44,5,65,74
h-24-1963-chargers-8.iff,168,chargers,1963,0,30,Chargers,Kicker,K,18,placeholder,38,44,11,46,85,81,33,42,23,23,27,19,11,12,27,34,28,35,20,12,70,99,39,50,63,5,79,24
h-24-1963-chargers-8.iff,168,chargers,1963,0,31,Chargers,Linebacker,OLB,82,placeholder,67,78,10,90,13,88,59,72,78,26,76,35,11,11,20,60,30,20,68,82,13,49,47,99,48,5,70,50
h-24-1963-chargers-8.iff,168,chargers,1963,0,32,Chargers,Linebacker,OLB,53,placeholder,59,68,10,93,13,69,77,72,76,18,80,30,11,10,30,33,27,36,74,80,14,49,39,99,54,5,51,54
h-24-1963-chargers-8.iff,168,chargers,1963,0,33,Chargers,Linebacker,OLB,87,placeholder,71,76,10,72,6,55,53,68,70,16,64,23,11,10,19,23,19,20,45,52,6,49,22,99,20,5,36,87
h-24-1963-chargers-8.iff,168,chargers,1963,0,34,Chargers,Linebacker,OLB,55,placeholder,81,79,10,38,17,82,69,67,39,16,58,23,10,10,19,24,20,36,55,49,16,49,19,99,22,5,36,39
h-24-1963-chargers-8.iff,168,chargers,1963,0,35,Chargers,Linebacker,OLB,52,placeholder,71,72,10,74,2,74,63,58,60,18,58,33,11,11,6,21,16,10,55,57,2,49,33,99,26,5,31,24
h-24-1963-chargers-8.iff,168,chargers,1963,0,36,Chargers,Punter,P,13,placeholder,40,48,21,46,69,86,33,40,20,26,39,18,25,21,10,20,16,14,23,9,68,1,14,50,54,5,70,23
h-24-1963-chargers-8.iff,168,chargers,1963,0,37,Chargers,Quarterback,QB,11,placeholder,70,70,82,41,7,30,39,52,29,23,28,10,89,85,16,28,25,25,18,19,12,49,90,50,80,40,70,72
h-24-1963-chargers-8.iff,168,chargers,1963,0,38,Chargers,Quarterback,QB,21,placeholder,53,57,80,29,16,50,38,48,33,27,32,46,76,68,25,20,20,28,35,31,16,49,50,50,53,23,40,24
h-24-1963-chargers-8.iff,168,chargers,1963,0,39,Chargers,Quarterback,QB,14,placeholder,73,66,60,16,10,86,22,56,33,26,32,32,68,64,23,32,29,28,23,19,14,49,45,50,67,16,31,24
h-24-1963-chargers-8.iff,168,chargers,1963,0,40,Chargers,Safety,SS,39,placeholder,89,96,9,74,18,82,81,85,76,25,85,8,11,10,31,30,31,46,50,88,20,49,65,1,48,5,50,66
h-24-1963-chargers-8.iff,168,chargers,1963,0,41,Chargers,Safety,SS,41,placeholder,89,95,11,88,19,81,51,82,61,8,51,6,11,11,3,29,29,34,63,47,19,49,52,1,31,5,35,24
h-24-1963-chargers-8.iff,168,chargers,1963,0,42,Chargers,Tackle,T,74,placeholder,55,62,11,89,17,95,81,59,13,29,34,15,10,10,26,91,94,12,28,28,17,49,92,99,69,5,65,60
h-24-1963-chargers-8.iff,168,chargers,1963,0,43,Chargers,Tackle,T,75,placeholder,50,60,12,94,19,94,71,58,14,27,30,20,10,10,23,86,94,13,27,30,16,49,90,99,74,5,71,38
h-24-1963-chargers-8.iff,168,chargers,1963,0,44,Chargers,Tackle,T,68,placeholder,49,70,11,74,12,98,73,58,6,26,23,5,10,10,13,79,74,7,20,26,11,49,80,99,44,5,61,81
h-24-1963-chargers-8.iff,168,chargers,1963,0,45,Chargers,Tight End,TE,83,placeholder,81,81,10,30,10,84,83,85,8,51,12,62,11,10,66,76,71,67,15,13,13,49,63,99,62,5,49,24
h-24-1963-chargers-8.iff,168,chargers,1963,0,46,Chargers,Tight End,TE,31,placeholder,64,78,10,30,4,82,51,82,21,53,16,48,11,13,58,66,68,66,9,20,6,49,24,99,27,5,36,42
h-24-1963-chargers-8.iff,168,chargers,1963,0,47,Chargers,Receiver,WR,10,placeholder,87,75,15,72,13,85,42,79,6,90,13,66,16,16,97,45,41,90,13,12,17,49,74,50,65,5,99,81
h-24-1963-chargers-8.iff,168,chargers,1963,0,48,Chargers,Receiver,WR,81,placeholder,86,76,15,65,11,89,51,78,9,86,8,66,14,14,89,36,45,63,5,6,15,49,79,50,70,5,94,55
h-24-1963-chargers-8.iff,168,chargers,1963,0,49,Chargers,Receiver,WR,89,placeholder,80,72,15,60,11,80,38,67,13,85,15,41,16,16,88,17,45,75,8,6,16,49,79,50,74,5,97,54
h-24-1963-chargers-8.iff,168,chargers,1963,0,50,Chargers,Receiver,WR,20,placeholder,90,74,15,60,14,34,45,70,7,70,11,39,16,16,72,48,46,73,8,7,15,49,35,50,26,5,74,82
h-24-1963-chargers-8.iff,168,chargers,1963,0,51,Chargers,Receiver,WR,15,placeholder,80,90,13,34,9,65,28,78,10,56,10,42,14,14,45,42,41,67,10,10,14,49,27,50,20,5,63,59
h-24-1963-chargers-8.iff,168,chargers,1963,0,52,Chargers,Receiver,WR,8,placeholder,83,91,12,28,8,74,46,73,35,63,23,19,14,14,65,25,29,64,14,18,13,49,25,50,20,5,72,57
h-24-1980-chargers-4.iff,169,chargers,1980,1,0,Chargers,Center,C,67,placeholder,41,59,11,95,23,94,77,52,28,17,26,16,10,10,20,72,70,8,30,37,20,49,86,99,64,5,60,48
h-24-1980-chargers-4.iff,169,chargers,1980,1,1,Chargers,Center,C,53,placeholder,57,65,12,62,16,92,93,65,25,19,23,32,14,11,29,60,57,9,24,37,13,49,41,99,44,5,36,43
h-24-1980-chargers-4.iff,169,chargers,1980,1,2,Chargers,Cornerback,CB,28,placeholder,83,88,9,55,16,87,45,64,89,10,76,7,11,10,39,14,18,37,38,65,16,49,79,1,63,5,90,56
h-24-1980-chargers-4.iff,169,chargers,1980,1,3,Chargers,Cornerback,CB,29,placeholder,85,86,9,58,16,33,41,82,86,13,80,9,11,11,29,19,18,41,32,64,17,49,90,1,76,5,84,60
h-24-1980-chargers-4.iff,169,chargers,1980,1,4,Chargers,Cornerback,CB,44,placeholder,92,99,11,71,19,72,39,92,80,19,44,39,11,11,48,34,39,51,29,36,21,49,36,1,45,5,55,42
h-24-1980-chargers-4.iff,169,chargers,1980,1,5,Chargers,Cornerback,CB,47,placeholder,86,84,9,60,17,74,47,73,73,10,70,7,11,10,15,19,20,37,38,62,19,49,20,1,50,5,88,55
h-24-1980-chargers-4.iff,169,chargers,1980,1,6,Chargers,Cornerback,CB,25,placeholder,90,91,11,94,24,61,49,82,67,7,35,35,11,11,39,44,42,32,47,31,26,49,58,1,35,5,34,24
h-24-1980-chargers-4.iff,169,chargers,1980,1,7,Chargers,Cornerback,CB,42,placeholder,91,79,11,60,17,86,49,76,67,7,45,5,11,11,21,23,23,32,38,42,15,49,31,1,32,5,48,39
h-24-1980-chargers-4.iff,169,chargers,1980,1,8,Chargers,Cornerback,CB,41,placeholder,76,72,8,99,28,75,37,85,54,20,56,7,10,10,50,38,43,46,68,45,29,49,50,1,20,5,55,58
h-24-1980-chargers-4.iff,169,chargers,1980,1,9,Chargers,Def End,DE,70,placeholder,75,82,10,75,19,86,71,79,46,14,88,28,11,10,22,18,23,26,96,78,19,49,59,99,66,5,88,80
h-24-1980-chargers-4.iff,169,chargers,1980,1,10,Chargers,Def End,DE,78,placeholder,78,88,10,79,19,76,58,64,51,14,95,28,11,10,24,19,26,28,98,88,20,49,97,99,65,5,83,80
h-24-1980-chargers-4.iff,169,chargers,1980,1,11,Chargers,Def End,DE,61,placeholder,83,78,10,58,23,77,55,79,39,18,85,23,11,11,19,28,20,14,92,78,24,49,69,99,50,5,64,82
h-24-1980-chargers-4.iff,169,chargers,1980,1,12,Chargers,Def End,DE,69,placeholder,67,72,11,61,16,45,67,73,39,25,58,30,13,11,20,27,28,14,73,80,14,49,27,99,35,5,34,55
h-24-1980-chargers-4.iff,169,chargers,1980,1,13,Chargers,Def Tackle,DT,74,placeholder,59,83,10,88,23,85,89,58,24,29,85,34,11,11,38,31,36,14,84,80,22,49,78,99,54,5,71,80
h-24-1980-chargers-4.iff,169,chargers,1980,1,14,Chargers,Def Tackle,DT,76,placeholder,63,68,11,63,15,89,73,56,54,28,82,33,13,11,20,25,29,22,74,79,17,49,31,99,42,5,60,66
h-24-1980-chargers-4.iff,169,chargers,1980,1,15,Chargers,Def Tackle,DT,90,placeholder,56,68,13,67,16,72,67,82,10,22,76,30,11,11,24,23,26,10,77,74,15,49,31,99,38,5,50,42
h-24-1980-chargers-4.iff,169,chargers,1980,1,16,Chargers,Full Back,FB,43,placeholder,77,83,18,92,22,91,67,67,6,65,5,91,14,16,76,67,65,65,10,14,21,49,74,99,68,5,66,66
h-24-1980-chargers-4.iff,169,chargers,1980,1,17,Chargers,Safety,FS,45,placeholder,82,86,9,90,23,87,41,64,77,11,82,8,11,10,26,35,30,37,36,74,24,49,45,1,55,5,88,67
h-24-1980-chargers-4.iff,169,chargers,1980,1,18,Chargers,Safety,FS,20,placeholder,82,92,12,71,14,68,59,76,65,8,56,6,12,11,5,16,13,34,43,48,14,49,42,1,30,5,32,74
h-24-1980-chargers-4.iff,169,chargers,1980,1,19,Chargers,Guard,G,66,placeholder,42,60,12,87,25,96,73,48,16,31,33,22,10,10,24,89,86,9,30,28,23,49,80,99,81,5,84,24
h-24-1980-chargers-4.iff,169,chargers,1980,1,20,Chargers,Guard,G,62,placeholder,48,62,11,99,25,97,61,50,34,20,29,20,10,10,23,87,81,7,37,37,23,49,58,99,70,5,95,49
h-24-1980-chargers-4.iff,169,chargers,1980,1,21,Chargers,Guard,G,68,placeholder,65,73,11,87,16,78,65,76,13,28,24,16,10,11,21,74,73,11,26,27,15,49,50,99,49,5,55,20
h-24-1980-chargers-4.iff,169,chargers,1980,1,22,Chargers,Half Back,HB,27,placeholder,90,72,24,90,14,82,37,78,15,86,15,89,22,24,87,38,51,89,9,8,18,49,84,1,66,5,58,73
h-24-1980-chargers-4.iff,169,chargers,1980,1,23,Chargers,Half Back,HB,49,placeholder,90,72,17,67,9,92,55,79,37,59,30,76,14,14,55,10,12,64,20,28,11,49,38,1,51,5,78,46
h-24-1980-chargers-4.iff,169,chargers,1980,1,24,Chargers,Half Back,HB,24,placeholder,82,67,17,79,13,94,51,70,14,59,6,69,15,16,57,38,34,64,12,8,16,49,44,99,42,5,68,24
h-24-1980-chargers-4.iff,169,chargers,1980,1,25,Chargers,Half Back,HB,48,placeholder,89,72,23,82,13,94,57,92,12,50,6,77,19,20,61,38,30,72,8,6,12,49,43,99,36,24,41,60
h-24-1980-chargers-4.iff,169,chargers,1980,1,26,Chargers,Half Back,HB,32,placeholder,88,79,17,65,16,72,47,76,13,48,8,75,14,14,49,49,35,90,6,13,19,49,38,99,40,24,41,41
h-24-1980-chargers-4.iff,169,chargers,1980,1,27,Chargers,Half Back,HB,23,placeholder,88,80,15,60,16,89,49,75,10,21,14,78,13,13,39,20,16,60,6,12,14,49,34,50,38,24,41,9
h-24-1980-chargers-4.iff,169,chargers,1980,1,28,Chargers,Half Back,HB,35,placeholder,87,80,17,80,23,78,57,49,9,56,7,71,15,17,64,22,10,63,14,10,26,49,68,50,36,24,56,43
h-24-1980-chargers-4.iff,169,chargers,1980,1,29,Chargers,Linebacker,ILB,52,placeholder,66,64,11,63,1,86,55,78,76,16,93,30,10,11,9,14,7,5,72,93,1,49,21,99,51,5,74,48
h-24-1980-chargers-4.iff,169,chargers,1980,1,30,Chargers,Linebacker,ILB,50,placeholder,80,72,10,81,13,72,63,75,69,23,86,27,11,10,15,34,29,22,74,78,13,49,72,99,53,5,71,61
h-24-1980-chargers-4.iff,169,chargers,1980,1,31,Chargers,Linebacker,ILB,51,placeholder,84,86,10,79,9,52,61,70,63,13,76,33,11,11,21,27,22,28,59,74,5,49,61,99,45,5,53,24
h-24-1980-chargers-4.iff,169,chargers,1980,1,32,Chargers,Linebacker,ILB,57,placeholder,80,86,10,76,13,79,57,78,75,24,65,26,11,10,10,33,27,18,54,55,13,49,37,99,31,5,21,71
h-24-1980-chargers-4.iff,169,chargers,1980,1,33,Chargers,Kicker,K,4,placeholder,38,44,11,46,85,81,33,42,23,23,27,19,11,12,27,34,28,35,20,12,70,99,39,50,63,5,79,24
h-24-1980-chargers-4.iff,169,chargers,1980,1,34,Chargers,Kicker,K,13,placeholder,60,43,11,42,63,77,34,44,23,23,32,25,11,13,25,29,25,34,20,12,58,99,35,50,51,5,50,21
h-24-1980-chargers-4.iff,169,chargers,1980,1,35,Chargers,Linebacker,OLB,55,placeholder,67,78,10,90,13,88,59,72,78,26,76,35,11,11,20,60,30,20,68,82,13,49,47,99,48,5,70,50
h-24-1980-chargers-4.iff,169,chargers,1980,1,36,Chargers,Linebacker,OLB,58,placeholder,69,80,10,97,15,88,55,76,77,19,91,32,11,10,30,31,25,32,88,93,14,49,86,99,71,5,93,70
h-24-1980-chargers-4.iff,169,chargers,1980,1,37,Chargers,Linebacker,OLB,54,placeholder,71,76,10,72,6,55,53,68,70,16,64,23,11,10,19,23,19,20,45,52,6,49,22,99,20,5,36,87
h-24-1980-chargers-4.iff,169,chargers,1980,1,38,Chargers,Punter,P,17,placeholder,43,48,21,49,82,76,37,49,19,20,46,17,23,21,15,23,14,28,16,12,80,1,32,50,80,5,62,24
h-24-1980-chargers-4.iff,169,chargers,1980,1,39,Chargers,Quarterback,QB,15,placeholder,67,72,96,50,11,74,45,64,31,24,29,22,86,86,18,32,26,14,22,22,14,49,99,50,96,56,93,73
h-24-1980-chargers-4.iff,169,chargers,1980,1,40,Chargers,Quarterback,QB,18,placeholder,53,57,80,29,16,50,38,48,33,27,32,46,76,68,25,20,20,28,35,31,16,49,50,50,53,23,40,24
h-24-1980-chargers-4.iff,169,chargers,1980,1,41,Chargers,Quarterback,QB,16,placeholder,73,66,60,16,10,86,22,56,33,26,32,32,68,64,23,32,29,28,23,19,14,49,45,50,67,16,31,24
h-24-1980-chargers-4.iff,169,chargers,1980,1,42,Chargers,Safety,SS,22,placeholder,89,96,9,74,18,82,81,85,76,25,85,8,11,10,31,30,31,46,50,88,20,49,65,1,48,5,50,66
h-24-1980-chargers-4.iff,169,chargers,1980,1,43,Chargers,Tackle,T,63,placeholder,55,62,11,89,17,95,81,59,13,29,34,15,10,10,26,90,94,12,28,28,17,49,92,99,69,5,65,60
h-24-1980-chargers-4.iff,169,chargers,1980,1,44,Chargers,Tackle,T,60,placeholder,44,67,12,75,14,97,71,55,24,41,30,43,11,11,38,74,82,14,27,26,16,49,51,99,52,5,71,41
h-24-1980-chargers-4.iff,169,chargers,1980,1,45,Chargers,Tackle,T,79,placeholder,51,45,11,82,19,95,67,52,15,34,37,19,10,10,24,77,77,8,31,28,19,49,48,99,50,5,77,52
h-24-1980-chargers-4.iff,169,chargers,1980,1,46,Chargers,Tackle,T,65,placeholder,48,64,12,71,4,90,69,48,1,29,16,36,11,11,11,60,60,20,18,32,7,49,31,99,36,5,56,41
h-24-1980-chargers-4.iff,169,chargers,1980,1,47,Chargers,Tight End,TE,80,placeholder,78,79,11,99,17,99,53,73,14,95,14,80,12,12,92,63,69,78,15,7,19,49,77,99,89,5,99,99
h-24-1980-chargers-4.iff,169,chargers,1980,1,48,Chargers,Tight End,TE,81,placeholder,64,78,10,30,4,82,51,82,21,53,16,48,11,13,58,66,68,66,9,20,6,49,24,99,27,5,36,42
h-24-1980-chargers-4.iff,169,chargers,1980,1,49,Chargers,Receiver,WR,11,placeholder,98,92,15,70,11,87,34,76,9,98,9,75,16,15,98,30,37,90,7,10,16,49,89,1,86,5,99,20
h-24-1980-chargers-4.iff,169,chargers,1980,1,50,Chargers,Receiver,WR,86,placeholder,95,82,27,60,13,86,41,78,15,96,13,79,27,28,94,38,38,85,14,14,17,49,79,99,55,5,80,98
h-24-1980-chargers-4.iff,169,chargers,1980,1,51,Chargers,Receiver,WR,85,placeholder,93,90,25,49,18,86,37,92,10,86,7,70,21,19,84,32,45,76,10,7,20,49,43,99,53,5,79,48
h-24-1980-chargers-4.iff,169,chargers,1980,1,52,Chargers,Receiver,WR,83,placeholder,88,91,13,16,5,70,29,73,13,70,7,29,14,14,65,20,25,62,14,13,10,49,54,1,27,5,74,52
h-24-1994-chargers-0.iff,170,chargers,1994,0,0,Chargers,Center,C,56,placeholder,40,64,11,90,22,96,79,52,18,16,23,14,10,10,15,83,84,6,26,37,19,49,78,99,58,5,70,73
h-24-1994-chargers-0.iff,170,chargers,1994,0,1,Dave,Binn,C,50,unresolved_name,74,62,10,10,5,74,69,56,29,52,24,31,11,10,50,48,52,69,8,22,8,49,21,99,43,5,22,24
h-24-1994-chargers-0.iff,170,chargers,1994,0,2,Chargers,Center,C,65,placeholder,43,61,11,83,21,87,67,65,37,41,32,38,14,11,41,61,60,9,41,37,17,49,51,99,28,5,46,62
h-24-1994-chargers-0.iff,170,chargers,1994,0,3,Chargers,Cornerback,CB,21,placeholder,91,90,11,83,19,74,43,82,91,10,79,7,11,11,18,43,48,60,54,73,20,49,80,1,50,5,75,95
h-24-1994-chargers-0.iff,170,chargers,1994,0,4,Chargers,Cornerback,CB,28,placeholder,75,83,9,55,16,73,39,68,89,12,79,8,11,10,47,23,25,39,40,70,19,49,64,1,54,5,90,77
h-24-1994-chargers-0.iff,170,chargers,1994,0,5,Chargers,Cornerback,CB,24,placeholder,89,82,9,66,15,85,41,80,65,13,62,9,11,11,14,11,18,41,35,55,17,49,32,1,51,5,87,71
h-24-1994-chargers-0.iff,170,chargers,1994,0,6,Chargers,Cornerback,CB,38,placeholder,86,79,9,65,16,98,65,82,70,30,55,8,11,11,28,20,28,49,43,46,19,49,53,1,31,5,48,61
h-24-1994-chargers-0.iff,170,chargers,1994,0,7,Chargers,Def End,DE,91,placeholder,78,88,10,79,19,76,58,64,51,14,95,28,11,10,24,19,26,28,98,88,20,49,97,99,65,5,83,80
h-24-1994-chargers-0.iff,170,chargers,1994,0,8,Chargers,Def End,DE,95,placeholder,88,71,11,70,21,34,67,84,50,31,81,34,13,11,31,36,40,30,93,86,21,49,82,99,45,5,73,99
h-24-1994-chargers-0.iff,170,chargers,1994,0,9,Chargers,Def End,DE,75,placeholder,72,66,11,75,18,70,63,56,67,31,77,35,13,11,27,33,34,22,70,77,17,49,39,99,46,5,60,64
h-24-1994-chargers-0.iff,170,chargers,1994,0,10,Raylee,Johnson,DE,99,real_name_in_supplied_data,66,66,10,41,14,89,57,59,36,12,74,22,11,11,12,17,14,14,82,76,14,49,62,99,53,5,85,89
h-24-1994-chargers-0.iff,170,chargers,1994,0,11,Chargers,Def Tackle,DT,98,placeholder,60,59,11,69,21,87,67,47,18,18,89,28,11,11,22,27,22,12,76,88,20,49,69,99,64,5,76,73
h-24-1994-chargers-0.iff,170,chargers,1994,0,12,Chargers,Def Tackle,DT,96,placeholder,53,67,10,61,19,94,69,67,21,24,88,33,11,11,30,26,30,14,60,86,19,49,38,99,52,5,72,70
h-24-1994-chargers-0.iff,170,chargers,1994,0,13,Chargers,Def Tackle,DT,90,placeholder,59,67,10,88,23,85,60,58,24,29,85,34,11,11,38,31,36,14,76,70,22,49,78,99,54,5,45,80
h-24-1994-chargers-0.iff,170,chargers,1994,0,14,Chargers,Def Tackle,DT,93,placeholder,54,60,11,58,18,88,53,45,8,24,77,30,9,11,28,21,25,4,64,64,11,49,34,99,28,5,33,46
h-24-1994-chargers-0.iff,170,chargers,1994,0,15,Chargers,Full Back,FB,34,placeholder,77,82,16,82,19,84,59,55,9,58,9,58,14,15,59,75,74,78,13,6,20,49,57,99,56,5,24,73
h-24-1994-chargers-0.iff,170,chargers,1994,0,16,Chargers,Safety,FS,20,placeholder,86,90,12,83,19,86,47,76,86,8,88,6,12,11,35,29,26,34,49,88,21,49,84,1,63,5,75,52
h-24-1994-chargers-0.iff,170,chargers,1994,0,17,Rodney,Harrison,FS,37,real_name_in_supplied_data,83,81,10,99,14,53,69,67,76,40,81,10,11,10,19,23,22,49,54,80,19,49,79,1,64,5,77,76
h-24-1994-chargers-0.iff,170,chargers,1994,0,18,Chargers,Guard,G,61,placeholder,58,51,12,75,14,95,67,62,24,41,30,43,11,11,38,86,78,14,27,26,16,49,51,99,59,5,49,43
h-24-1994-chargers-0.iff,170,chargers,1994,0,19,Chargers,Guard,G,78,placeholder,50,51,12,71,19,94,63,48,6,24,22,9,10,10,10,76,87,8,16,27,15,49,69,99,56,5,49,42
h-24-1994-chargers-0.iff,170,chargers,1994,0,20,Chargers,Guard,G,79,placeholder,48,62,12,73,23,98,57,52,14,35,32,14,10,10,31,70,72,4,30,27,23,49,39,99,42,5,73,49
h-24-1994-chargers-0.iff,170,chargers,1994,0,21,Chargers,Guard,G,76,placeholder,41,44,11,50,22,96,73,58,11,30,23,16,10,10,13,70,63,1,23,28,19,49,37,99,47,5,45,14
h-24-1994-chargers-0.iff,170,chargers,1994,0,22,Chargers,Half Back,HB,29,placeholder,90,76,23,92,13,89,55,90,12,76,6,87,19,20,79,32,30,94,8,6,12,49,43,50,57,5,60,71
h-24-1994-chargers-0.iff,170,chargers,1994,0,23,Chargers,Half Back,HB,36,placeholder,89,72,23,82,13,94,57,92,12,50,6,77,19,20,61,38,30,72,8,6,12,49,43,99,36,24,41,60
h-24-1994-chargers-0.iff,170,chargers,1994,0,24,Chargers,Half Back,HB,32,placeholder,88,79,17,65,16,72,47,76,13,48,8,75,14,14,49,49,35,90,6,13,19,49,38,99,40,24,41,41
h-24-1994-chargers-0.iff,170,chargers,1994,0,25,Chargers,Half Back,HB,35,placeholder,79,57,17,69,14,89,47,70,10,50,6,74,15,16,41,33,30,91,6,14,15,49,43,50,35,5,66,24
h-24-1994-chargers-0.iff,170,chargers,1994,0,26,Chargers,Linebacker,ILB,52,placeholder,85,90,10,93,13,71,55,79,74,21,72,29,11,11,11,26,21,28,75,78,13,49,90,99,60,5,78,77
h-24-1994-chargers-0.iff,170,chargers,1994,0,27,Chargers,Linebacker,ILB,51,placeholder,72,69,10,94,14,89,55,65,76,22,83,30,11,10,26,34,27,30,73,77,14,49,69,99,54,5,72,63
h-24-1994-chargers-0.iff,170,chargers,1994,0,28,Chargers,Linebacker,ILB,41,placeholder,72,82,10,87,13,88,63,58,70,19,83,29,11,10,28,31,25,32,63,84,13,49,77,99,36,5,79,74
h-24-1994-chargers-0.iff,170,chargers,1994,0,29,John,Carney,K,3,real_name_in_supplied_data,38,43,11,43,95,96,34,39,19,21,42,17,11,12,20,26,21,33,16,12,97,99,62,50,99,5,89,22
h-24-1994-chargers-0.iff,170,chargers,1994,0,30,Chargers,Linebacker,OLB,92,placeholder,79,82,10,85,11,74,77,65,72,18,84,28,11,11,24,30,23,36,61,80,11,49,91,99,74,5,78,91
h-24-1994-chargers-0.iff,170,chargers,1994,0,31,Junior,Seau,OLB,55,real_name_in_supplied_data,80,85,10,99,11,99,77,65,75,18,91,28,11,11,24,30,23,36,94,89,11,49,91,99,95,5,99,91
h-24-1994-chargers-0.iff,170,chargers,1994,0,32,John,Parrella,OLB,97,real_name_in_supplied_data,75,68,10,67,19,87,61,76,61,23,67,35,11,11,27,26,34,18,73,69,19,49,34,99,32,5,50,46
h-24-1994-chargers-0.iff,170,chargers,1994,0,33,Chargers,Linebacker,OLB,46,placeholder,75,75,10,79,14,87,67,61,70,20,65,27,11,11,18,32,25,30,67,72,11,49,68,99,38,5,13,89
h-24-1994-chargers-0.iff,170,chargers,1994,0,34,Chargers,Punter,P,1,placeholder,85,46,20,60,91,98,32,49,19,22,31,16,26,20,15,13,12,24,16,12,87,1,8,50,70,5,88,24
h-24-1994-chargers-0.iff,170,chargers,1994,0,35,Chargers,Punter,P,19,placeholder,43,46,20,50,79,85,32,39,17,18,27,16,22,24,15,20,12,30,15,12,72,1,1,50,74,5,61,23
h-24-1994-chargers-0.iff,170,chargers,1994,0,36,Chargers,Quarterback,QB,12,placeholder,65,73,88,50,11,89,39,59,29,28,29,22,76,84,40,34,29,11,22,22,14,49,76,50,81,45,86,24
h-24-1994-chargers-0.iff,170,chargers,1994,0,37,Chargers,Quarterback,QB,16,placeholder,53,61,73,29,8,59,38,39,29,35,23,17,79,85,47,24,23,30,15,20,11,49,71,50,73,50,71,24
h-24-1994-chargers-0.iff,170,chargers,1994,0,38,Chargers,Safety,SS,25,placeholder,75,77,10,84,50,73,59,73,90,40,99,10,11,11,42,24,23,48,67,97,17,99,85,1,75,5,93,68
h-24-1994-chargers-0.iff,170,chargers,1994,0,39,Chargers,Safety,SS,45,placeholder,82,60,9,64,16,79,51,71,58,12,42,8,10,10,11,23,21,39,14,35,14,49,35,1,29,5,51,24
h-24-1994-chargers-0.iff,170,chargers,1994,0,40,Chargers,Tackle,T,77,placeholder,28,45,11,79,17,95,73,52,14,27,27,16,10,11,23,93,95,14,26,28,16,49,82,99,87,5,95,48
h-24-1994-chargers-0.iff,170,chargers,1994,0,41,Chargers,Tackle,T,62,placeholder,44,67,12,75,14,97,71,55,24,41,30,43,11,11,38,74,82,14,27,26,16,49,51,99,52,5,71,41
h-24-1994-chargers-0.iff,170,chargers,1994,0,42,Chargers,Tackle,T,74,placeholder,49,70,11,74,12,98,73,58,6,26,23,5,10,10,13,79,74,7,20,26,11,49,80,99,44,5,61,81
h-24-1994-chargers-0.iff,170,chargers,1994,0,43,Chargers,Tight End,TE,89,placeholder,73,64,10,13,5,87,49,66,28,81,19,58,11,10,86,67,66,76,8,22,8,49,13,99,51,5,86,60
h-24-1994-chargers-0.iff,170,chargers,1994,0,44,Chargers,Tight End,TE,82,placeholder,73,77,10,39,4,85,55,55,19,78,16,74,11,13,84,64,67,59,11,20,4,49,24,99,57,5,58,13
h-24-1994-chargers-0.iff,170,chargers,1994,0,45,Chargers,Tight End,TE,84,placeholder,82,71,13,37,5,76,55,79,6,69,4,56,14,14,75,52,55,70,4,9,10,49,26,99,39,5,56,58
h-24-1994-chargers-0.iff,170,chargers,1994,0,46,Chargers,Tight End,TE,81,placeholder,85,77,12,49,13,75,45,82,29,75,31,47,14,13,72,62,60,57,28,26,13,49,35,99,34,5,36,24
h-24-1994-chargers-0.iff,170,chargers,1994,0,47,Chargers,Tight End,TE,85,placeholder,66,81,10,44,5,80,65,67,20,54,20,41,11,13,52,63,62,67,9,20,7,49,25,99,25,5,29,51
h-24-1994-chargers-0.iff,170,chargers,1994,0,48,Chargers,Receiver,WR,88,placeholder,81,71,28,67,17,89,42,79,50,94,47,68,29,26,92,44,42,84,30,18,17,49,45,50,63,5,98,44
h-24-1994-chargers-0.iff,170,chargers,1994,0,49,Chargers,Receiver,WR,87,placeholder,93,90,25,49,18,86,37,92,10,86,7,70,21,19,84,32,45,76,10,7,20,49,43,99,53,5,79,48
h-24-1994-chargers-0.iff,170,chargers,1994,0,50,Chargers,Receiver,WR,80,placeholder,87,74,15,55,5,63,33,79,12,74,15,47,14,14,84,46,41,68,6,12,11,49,58,50,53,5,73,24
h-24-1994-chargers-0.iff,170,chargers,1994,0,51,Chargers,Receiver,WR,33,placeholder,89,81,15,56,12,71,11,76,9,75,13,40,15,15,72,30,37,72,5,8,17,49,45,50,57,5,76,42
h-24-1994-chargers-0.iff,170,chargers,1994,0,52,Chargers,Receiver,WR,86,placeholder,91,89,15,73,17,89,33,84,6,94,12,78,16,17,90,46,43,85,8,7,16,49,79,50,54,5,99,89
h-25-1981-49ers-3.iff,171,49ers,1981,1,0,49ers,Center,C,53,placeholder,50,70,14,71,18,94,69,70,14,37,29,32,14,11,34,80,72,10,27,24,13,49,42,99,51,5,65,46
h-25-1981-49ers-3.iff,171,49ers,1981,1,1,49ers,Cornerback,CB,42,placeholder,87,86,9,70,18,83,45,82,95,14,74,10,11,11,42,19,26,43,30,60,19,49,84,1,79,5,86,78
h-25-1981-49ers-3.iff,171,49ers,1981,1,2,49ers,Cornerback,CB,21,placeholder,91,86,9,85,16,54,35,89,88,13,77,9,12,10,29,14,21,41,33,54,19,49,80,1,61,5,85,64
h-25-1981-49ers-3.iff,171,49ers,1981,1,3,49ers,Cornerback,CB,20,placeholder,89,85,12,70,18,96,33,73,85,8,78,38,13,11,20,33,31,50,54,60,17,49,32,1,50,5,75,53
h-25-1981-49ers-3.iff,171,49ers,1981,1,4,49ers,Cornerback,CB,28,placeholder,92,99,11,71,19,72,39,92,80,19,44,39,11,11,48,34,39,51,29,36,21,49,36,1,45,5,55,42
h-25-1981-49ers-3.iff,171,49ers,1981,1,5,49ers,Cornerback,CB,25,placeholder,91,79,11,60,17,86,49,76,67,7,45,5,11,11,21,23,23,32,38,42,15,49,31,1,32,5,48,39
h-25-1981-49ers-3.iff,171,49ers,1981,1,6,49ers,Cornerback,CB,36,placeholder,76,72,8,99,28,75,37,85,54,20,56,7,10,10,50,38,43,46,68,45,29,49,50,1,20,5,55,58
h-25-1981-49ers-3.iff,171,49ers,1981,1,7,49ers,Def End,DE,73,placeholder,83,78,10,58,23,77,55,79,39,18,85,23,11,11,19,28,20,14,92,78,24,49,69,99,50,5,64,82
h-25-1981-49ers-3.iff,171,49ers,1981,1,8,49ers,Def End,DE,74,placeholder,78,88,10,79,19,76,58,64,51,14,95,28,11,10,24,19,26,28,98,88,20,49,97,99,65,5,83,80
h-25-1981-49ers-3.iff,171,49ers,1981,1,9,49ers,Def End,DE,70,placeholder,80,74,10,60,19,79,69,59,49,17,77,26,11,10,23,23,24,20,79,76,20,49,64,99,50,5,71,72
h-25-1981-49ers-3.iff,171,49ers,1981,1,10,49ers,Def End,DE,64,placeholder,67,72,11,61,16,45,67,73,39,25,58,30,13,11,20,27,28,14,73,80,14,49,27,99,35,5,34,55
h-25-1981-49ers-3.iff,171,49ers,1981,1,11,49ers,Def Tackle,DT,71,placeholder,50,63,11,57,22,85,77,64,18,14,77,31,11,11,24,29,26,22,78,78,20,49,62,99,63,5,72,74
h-25-1981-49ers-3.iff,171,49ers,1981,1,12,49ers,Def Tackle,DT,75,placeholder,63,68,11,63,15,89,73,56,54,28,82,33,13,11,20,25,29,22,74,79,17,49,31,99,42,5,60,66
h-25-1981-49ers-3.iff,171,49ers,1981,1,13,49ers,Def Tackle,DT,62,placeholder,59,69,10,76,22,89,63,58,24,25,81,33,11,11,31,24,33,14,74,80,19,49,70,99,36,5,65,80
h-25-1981-49ers-3.iff,171,49ers,1981,1,14,49ers,Full Back,FB,40,placeholder,80,75,16,79,19,94,69,57,42,53,29,50,14,14,62,82,68,89,37,35,21,49,27,99,43,5,30,70
h-25-1981-49ers-3.iff,171,49ers,1981,1,15,49ers,Safety,FS,27,placeholder,82,72,9,92,19,76,57,73,90,12,97,8,11,10,7,22,22,39,59,97,22,49,79,1,74,5,96,57
h-25-1981-49ers-3.iff,171,49ers,1981,1,16,49ers,Guard,G,58,placeholder,42,60,12,87,25,96,73,48,16,31,33,22,10,10,24,89,86,9,30,28,23,49,80,99,81,5,84,24
h-25-1981-49ers-3.iff,171,49ers,1981,1,17,49ers,Guard,G,61,placeholder,48,62,11,99,25,97,61,50,34,20,29,20,10,10,23,87,81,7,37,37,23,49,58,99,70,5,95,49
h-25-1981-49ers-3.iff,171,49ers,1981,1,18,49ers,Guard,G,67,placeholder,41,57,12,78,22,95,79,42,13,28,29,15,10,11,23,70,69,12,26,28,20,49,73,99,68,5,21,41
h-25-1981-49ers-3.iff,171,49ers,1981,1,19,49ers,Guard,G,60,placeholder,48,62,12,73,23,98,57,52,14,35,32,14,10,10,31,70,72,4,30,27,23,49,39,99,42,5,73,49
h-25-1981-49ers-3.iff,171,49ers,1981,1,20,49ers,Half Back,HB,37,placeholder,87,63,17,91,13,91,65,76,14,73,6,87,15,16,71,36,36,75,12,8,16,49,44,50,55,5,75,62
h-25-1981-49ers-3.iff,171,49ers,1981,1,21,49ers,Half Back,HB,31,placeholder,90,72,17,67,9,92,55,79,37,59,30,76,14,14,55,10,12,64,20,28,11,49,38,1,51,5,78,46
h-25-1981-49ers-3.iff,171,49ers,1981,1,22,49ers,Half Back,HB,33,placeholder,82,67,17,79,13,94,51,70,14,59,6,69,15,16,57,38,34,64,12,8,16,49,44,99,42,5,68,24
h-25-1981-49ers-3.iff,171,49ers,1981,1,23,49ers,Half Back,HB,38,placeholder,89,72,23,82,13,94,57,92,12,50,6,77,19,20,61,38,30,72,8,6,12,49,43,99,36,24,41,60
h-25-1981-49ers-3.iff,171,49ers,1981,1,24,49ers,Half Back,HB,30,placeholder,88,79,17,65,16,72,47,76,13,48,8,75,14,14,49,49,35,90,6,13,19,49,38,99,40,24,41,41
h-25-1981-49ers-3.iff,171,49ers,1981,1,25,49ers,Half Back,HB,34,placeholder,88,80,15,60,16,89,49,75,10,21,14,78,13,13,39,20,16,60,6,12,14,49,34,50,38,24,41,9
h-25-1981-49ers-3.iff,171,49ers,1981,1,26,49ers,Half Back,HB,29,placeholder,87,80,17,80,23,78,57,49,9,56,7,71,15,17,64,22,10,63,14,10,26,49,68,50,36,24,56,43
h-25-1981-49ers-3.iff,171,49ers,1981,1,27,49ers,Half Back,HB,49,placeholder,77,76,17,74,11,70,61,75,14,55,9,62,14,15,65,15,10,74,12,12,15,49,45,50,27,24,45,24
h-25-1981-49ers-3.iff,171,49ers,1981,1,28,49ers,Linebacker,ILB,65,placeholder,78,69,10,78,4,64,69,84,74,15,90,34,11,11,16,23,20,24,83,89,4,49,79,99,52,5,74,63
h-25-1981-49ers-3.iff,171,49ers,1981,1,29,49ers,Linebacker,ILB,56,placeholder,80,72,10,81,13,72,63,75,69,23,86,27,11,10,15,34,29,22,74,78,13,49,72,99,53,5,71,61
h-25-1981-49ers-3.iff,171,49ers,1981,1,30,49ers,Linebacker,ILB,50,placeholder,84,86,10,79,9,52,61,70,63,13,76,33,11,11,21,27,22,28,59,74,5,49,61,99,45,5,53,24
h-25-1981-49ers-3.iff,171,49ers,1981,1,31,49ers,Linebacker,ILB,59,placeholder,80,86,10,76,13,79,57,78,75,24,65,26,11,10,10,33,27,18,54,55,13,49,37,99,31,5,21,71
h-25-1981-49ers-3.iff,171,49ers,1981,1,32,49ers,Linebacker,ILB,54,placeholder,67,64,10,79,9,81,75,61,49,13,61,33,11,11,21,27,22,28,64,60,5,49,61,99,28,5,45,24
h-25-1981-49ers-3.iff,171,49ers,1981,1,33,49ers,Kicker,K,15,placeholder,38,44,11,46,85,81,33,42,23,23,27,19,11,12,27,34,28,35,20,12,70,99,39,50,63,5,79,24
h-25-1981-49ers-3.iff,171,49ers,1981,1,34,49ers,Kicker,K,1,placeholder,60,43,11,42,63,77,34,44,23,23,32,25,11,13,25,29,25,34,20,12,58,99,35,50,51,5,50,21
h-25-1981-49ers-3.iff,171,49ers,1981,1,35,49ers,Linebacker,OLB,52,placeholder,67,78,10,90,13,88,59,72,78,26,76,35,11,11,20,60,30,20,68,82,13,49,47,99,48,5,70,50
h-25-1981-49ers-3.iff,171,49ers,1981,1,36,49ers,Linebacker,OLB,51,placeholder,59,68,10,93,13,69,77,72,76,18,80,30,11,10,30,33,27,36,74,80,14,49,39,99,54,5,51,54
h-25-1981-49ers-3.iff,171,49ers,1981,1,37,49ers,Linebacker,OLB,57,placeholder,71,76,10,72,6,55,53,68,70,16,64,23,11,10,19,23,19,20,45,52,6,49,22,99,20,5,36,87
h-25-1981-49ers-3.iff,171,49ers,1981,1,38,49ers,Linebacker,OLB,90,placeholder,83,77,10,72,6,68,63,88,65,16,56,23,11,10,19,23,19,20,45,52,6,49,22,99,20,5,7,52
h-25-1981-49ers-3.iff,171,49ers,1981,1,39,49ers,Punter,P,8,placeholder,43,48,21,49,82,76,37,49,19,20,46,17,23,21,15,23,14,28,16,12,80,1,32,50,80,5,62,24
h-25-1981-49ers-3.iff,171,49ers,1981,1,40,49ers,Quarterback,QB,13,placeholder,64,70,82,99,7,99,39,52,29,23,28,10,96,95,16,28,25,25,18,19,12,49,90,50,99,40,99,80
h-25-1981-49ers-3.iff,171,49ers,1981,1,41,49ers,Quarterback,QB,7,placeholder,73,66,60,16,10,86,22,56,33,26,32,32,68,64,23,32,29,28,23,19,14,49,45,50,67,16,31,24
h-25-1981-49ers-3.iff,171,49ers,1981,1,42,49ers,Safety,SS,22,placeholder,89,90,10,99,12,99,80,80,85,35,99,40,11,10,35,18,18,49,65,96,16,49,99,25,99,5,99,74
h-25-1981-49ers-3.iff,171,49ers,1981,1,43,49ers,Tackle,T,55,placeholder,55,62,11,89,17,95,81,59,13,29,34,15,10,10,26,92,94,12,28,28,17,49,92,99,69,5,65,60
h-25-1981-49ers-3.iff,171,49ers,1981,1,44,49ers,Tackle,T,68,placeholder,44,67,12,75,14,97,71,55,24,41,30,43,11,11,38,74,82,14,27,26,16,49,51,99,52,5,71,41
h-25-1981-49ers-3.iff,171,49ers,1981,1,45,49ers,Tackle,T,63,placeholder,48,64,12,71,4,90,69,48,1,29,16,36,11,11,11,60,60,20,18,32,7,49,31,99,36,5,56,41
h-25-1981-49ers-3.iff,171,49ers,1981,1,46,49ers,Tight End,TE,83,placeholder,81,81,10,30,10,84,83,85,8,51,12,62,11,10,66,76,71,67,15,13,13,49,63,99,62,5,49,24
h-25-1981-49ers-3.iff,171,49ers,1981,1,47,49ers,Tight End,TE,80,placeholder,75,71,10,46,8,88,63,70,9,75,12,61,11,12,81,69,71,65,14,14,11,49,41,99,45,5,72,40
h-25-1981-49ers-3.iff,171,49ers,1981,1,48,49ers,Tight End,TE,87,placeholder,64,78,10,30,4,82,51,82,21,53,16,48,11,13,58,66,68,66,9,20,6,49,24,99,27,5,36,42
h-25-1981-49ers-3.iff,171,49ers,1981,1,49,49ers,Receiver,WR,82,placeholder,87,75,15,72,13,85,42,79,6,90,13,66,16,16,97,45,41,90,13,12,17,49,74,50,65,5,99,81
h-25-1981-49ers-3.iff,171,49ers,1981,1,50,49ers,Receiver,WR,81,placeholder,83,83,15,58,13,70,43,73,9,88,8,64,14,14,85,63,59,58,10,5,16,49,28,50,54,5,98,56
h-25-1981-49ers-3.iff,171,49ers,1981,1,51,49ers,Receiver,WR,84,placeholder,80,72,15,60,11,80,38,67,13,85,15,41,16,16,88,17,45,75,8,6,16,49,79,50,74,5,97,54
h-25-1981-49ers-3.iff,171,49ers,1981,1,52,49ers,Receiver,WR,85,placeholder,89,92,15,69,14,73,33,79,11,79,9,36,16,16,79,41,41,76,8,9,19,49,46,50,41,5,74,24
h-25-1989-49ers-3.iff,172,49ers,1989,1,0,49ers,Center,C,68,placeholder,41,59,11,95,23,94,77,52,28,17,26,16,10,10,20,72,70,8,30,37,20,49,86,99,64,5,60,48
h-25-1989-49ers-3.iff,172,49ers,1989,1,1,49ers,Cornerback,CB,20,placeholder,91,90,11,83,19,74,43,82,91,10,79,7,11,11,18,43,48,60,54,73,20,49,80,1,50,5,75,95
h-25-1989-49ers-3.iff,172,49ers,1989,1,2,49ers,Cornerback,CB,23,placeholder,85,86,9,58,16,33,41,82,86,13,80,9,11,11,29,19,18,41,32,64,17,49,90,1,76,5,84,60
h-25-1989-49ers-3.iff,172,49ers,1989,1,3,49ers,Cornerback,CB,27,placeholder,92,99,11,71,19,72,39,92,80,19,44,39,11,11,48,34,39,51,29,36,21,49,36,1,45,5,55,42
h-25-1989-49ers-3.iff,172,49ers,1989,1,4,49ers,Cornerback,CB,21,placeholder,86,84,9,60,17,74,47,73,73,10,70,7,11,10,15,19,20,37,38,62,19,49,20,1,50,5,88,55
h-25-1989-49ers-3.iff,172,49ers,1989,1,5,49ers,Cornerback,CB,49,placeholder,90,91,11,94,24,61,49,82,67,7,35,35,11,11,39,44,42,32,47,31,26,49,58,1,35,5,34,24
h-25-1989-49ers-3.iff,172,49ers,1989,1,6,49ers,Cornerback,CB,43,placeholder,76,72,8,99,28,75,37,85,54,20,56,7,10,10,50,38,43,46,68,45,29,49,50,1,20,5,55,58
h-25-1989-49ers-3.iff,172,49ers,1989,1,7,49ers,Def End,DE,71,placeholder,91,88,11,60,15,79,51,82,41,25,90,33,13,11,22,21,26,12,94,83,17,49,69,99,50,5,79,85
h-25-1989-49ers-3.iff,172,49ers,1989,1,8,49ers,Def End,DE,75,placeholder,61,71,10,72,22,88,57,73,68,24,87,37,11,11,32,23,30,24,76,77,21,49,36,99,36,5,55,85
h-25-1989-49ers-3.iff,172,49ers,1989,1,9,49ers,Def End,DE,93,placeholder,56,64,11,50,15,89,57,67,24,23,74,29,13,11,19,20,18,10,76,73,15,49,27,99,39,5,60,63
h-25-1989-49ers-3.iff,172,49ers,1989,1,10,49ers,Def End,DE,92,placeholder,75,72,10,50,17,83,57,58,42,18,73,24,11,10,19,21,20,10,74,74,19,49,21,99,38,5,42,75
h-25-1989-49ers-3.iff,172,49ers,1989,1,11,49ers,Def End,DE,97,placeholder,67,72,11,61,16,45,67,73,39,25,58,30,13,11,20,27,28,14,73,80,14,49,27,99,35,5,34,55
h-25-1989-49ers-3.iff,172,49ers,1989,1,12,49ers,Def Tackle,DT,94,placeholder,50,63,11,57,22,85,77,64,18,14,77,31,11,11,24,29,26,22,78,78,20,49,62,99,63,5,72,74
h-25-1989-49ers-3.iff,172,49ers,1989,1,13,49ers,Def Tackle,DT,62,placeholder,63,68,11,63,15,89,73,56,54,28,82,33,13,11,20,25,29,22,74,79,17,49,31,99,42,5,60,66
h-25-1989-49ers-3.iff,172,49ers,1989,1,14,49ers,Def Tackle,DT,70,placeholder,56,70,10,69,18,90,61,59,13,22,85,29,11,11,26,21,25,14,60,84,15,49,34,99,48,5,65,42
h-25-1989-49ers-3.iff,172,49ers,1989,1,15,49ers,Def Tackle,DT,91,placeholder,59,69,10,76,22,89,63,58,24,25,81,33,11,11,31,24,33,14,74,80,19,49,70,99,36,5,65,80
h-25-1989-49ers-3.iff,172,49ers,1989,1,16,49ers,Full Back,FB,44,placeholder,79,80,16,99,26,93,47,78,9,52,18,88,14,14,62,79,47,72,13,17,27,49,49,99,54,5,83,53
h-25-1989-49ers-3.iff,172,49ers,1989,1,17,49ers,Safety,FS,42,placeholder,82,72,9,92,19,76,57,73,90,12,97,8,11,10,7,22,22,39,59,97,22,49,79,1,74,5,96,57
h-25-1989-49ers-3.iff,172,49ers,1989,1,18,49ers,Guard,G,67,placeholder,42,60,12,87,25,96,73,48,16,31,33,22,10,10,24,88,85,9,30,28,23,49,80,99,81,5,84,24
h-25-1989-49ers-3.iff,172,49ers,1989,1,19,49ers,Guard,G,69,placeholder,48,62,11,99,25,97,61,50,34,20,29,20,10,10,23,87,81,7,37,37,23,49,58,99,70,5,95,49
h-25-1989-49ers-3.iff,172,49ers,1989,1,20,49ers,Guard,G,60,placeholder,49,64,12,94,28,96,77,52,19,33,34,24,10,10,31,73,70,11,34,28,25,49,74,99,60,5,56,24
h-25-1989-49ers-3.iff,172,49ers,1989,1,21,49ers,Guard,G,64,placeholder,41,57,12,78,22,95,79,42,13,28,29,15,10,11,23,70,69,12,26,28,20,49,73,99,68,5,21,41
h-25-1989-49ers-3.iff,172,49ers,1989,1,22,49ers,Half Back,HB,36,placeholder,90,72,24,90,14,82,37,78,15,86,15,89,22,24,87,38,51,99,9,8,18,49,84,1,66,5,58,73
h-25-1989-49ers-3.iff,172,49ers,1989,1,23,49ers,Half Back,HB,25,placeholder,90,72,17,67,9,92,55,79,37,59,30,76,14,14,55,10,12,64,20,28,11,49,38,1,51,5,78,46
h-25-1989-49ers-3.iff,172,49ers,1989,1,24,49ers,Half Back,HB,37,placeholder,82,67,17,79,13,94,51,70,14,59,6,69,15,16,57,38,34,64,12,8,16,49,44,99,42,5,68,24
h-25-1989-49ers-3.iff,172,49ers,1989,1,25,49ers,Half Back,HB,30,placeholder,83,74,15,63,13,94,55,88,34,49,28,69,15,14,54,32,39,81,20,19,16,49,38,50,38,5,60,69
h-25-1989-49ers-3.iff,172,49ers,1989,1,26,49ers,Half Back,HB,26,placeholder,88,79,17,65,16,72,47,76,13,48,8,75,14,14,49,49,35,90,6,13,19,49,38,99,40,24,41,41
h-25-1989-49ers-3.iff,172,49ers,1989,1,27,49ers,Linebacker,ILB,90,placeholder,66,64,11,63,1,86,55,78,76,16,93,30,10,11,9,14,7,5,72,93,1,49,21,99,51,5,74,48
h-25-1989-49ers-3.iff,172,49ers,1989,1,28,49ers,Linebacker,ILB,54,placeholder,80,72,10,81,13,72,63,75,69,23,86,27,11,10,15,34,29,22,74,78,13,49,72,99,53,5,71,61
h-25-1989-49ers-3.iff,172,49ers,1989,1,29,49ers,Linebacker,ILB,58,placeholder,80,86,10,76,13,79,57,78,75,24,65,26,11,10,10,33,27,18,54,55,13,49,37,99,31,5,21,71
h-25-1989-49ers-3.iff,172,49ers,1989,1,30,49ers,Linebacker,ILB,55,placeholder,67,64,10,79,9,81,75,61,49,13,61,33,11,11,21,27,22,28,64,60,5,49,61,99,28,5,45,24
h-25-1989-49ers-3.iff,172,49ers,1989,1,31,49ers,Kicker,K,4,placeholder,38,43,11,43,95,96,34,39,19,21,42,17,11,12,20,26,21,33,16,12,97,99,62,50,99,5,89,22
h-25-1989-49ers-3.iff,172,49ers,1989,1,32,49ers,Linebacker,OLB,95,placeholder,78,81,10,72,8,72,63,72,70,14,74,26,11,10,38,16,18,28,85,74,9,49,67,99,58,5,79,88
h-25-1989-49ers-3.iff,172,49ers,1989,1,33,49ers,Linebacker,OLB,56,placeholder,76,81,10,98,13,78,69,59,76,17,83,31,11,11,18,30,24,39,76,78,11,49,75,99,78,5,65,89
h-25-1989-49ers-3.iff,172,49ers,1989,1,34,49ers,Linebacker,OLB,51,placeholder,81,70,10,83,10,65,51,72,70,18,77,25,11,10,16,30,26,24,60,78,10,49,29,99,31,5,59,85
h-25-1989-49ers-3.iff,172,49ers,1989,1,35,49ers,Linebacker,OLB,50,placeholder,71,76,10,72,6,55,53,68,70,16,64,23,11,10,19,23,19,20,45,52,6,49,22,99,20,5,36,87
h-25-1989-49ers-3.iff,172,49ers,1989,1,36,49ers,Punter,P,1,placeholder,43,48,21,49,82,76,37,49,19,20,46,17,23,21,15,23,14,28,16,12,80,1,32,50,80,5,62,24
h-25-1989-49ers-3.iff,172,49ers,1989,1,37,49ers,Quarterback,QB,13,placeholder,64,76,82,99,7,99,39,52,29,23,28,10,96,95,16,28,25,25,18,19,12,49,90,50,99,40,99,80
h-25-1989-49ers-3.iff,172,49ers,1989,1,38,49ers,Quarterback,QB,3,placeholder,88,85,80,38,19,84,41,75,39,33,41,46,88,79,35,24,24,30,38,27,22,49,83,50,80,80,70,24
h-25-1989-49ers-3.iff,172,49ers,1989,1,39,49ers,Quarterback,QB,16,placeholder,63,74,83,26,8,78,31,59,26,22,29,36,86,85,14,17,16,28,8,32,13,49,78,50,79,45,75,24
h-25-1989-49ers-3.iff,172,49ers,1989,1,40,49ers,Safety,SS,38,placeholder,89,90,10,99,12,99,80,80,85,35,99,40,11,10,35,18,18,49,65,96,16,49,99,25,99,5,99,74
h-25-1989-49ers-3.iff,172,49ers,1989,1,41,49ers,Safety,SS,45,placeholder,88,70,12,90,23,92,59,76,69,6,68,38,13,11,20,35,36,50,40,46,22,49,54,1,46,5,51,24
h-25-1989-49ers-3.iff,172,49ers,1989,1,42,49ers,Tackle,T,72,placeholder,55,62,11,89,17,95,81,59,13,29,34,15,10,10,26,90,94,12,28,28,17,49,92,99,69,5,65,60
h-25-1989-49ers-3.iff,172,49ers,1989,1,43,49ers,Tackle,T,79,placeholder,48,58,11,82,16,97,77,50,24,32,32,47,11,17,43,77,77,19,23,23,16,49,55,99,52,5,48,39
h-25-1989-49ers-3.iff,172,49ers,1989,1,44,49ers,Tackle,T,74,placeholder,49,70,11,74,12,98,73,58,6,26,23,5,10,10,13,79,74,7,20,26,11,49,80,99,44,5,61,81
h-25-1989-49ers-3.iff,172,49ers,1989,1,45,49ers,Tackle,T,61,placeholder,48,64,12,71,4,90,69,48,1,29,16,36,11,11,11,60,60,20,18,32,7,49,31,99,36,5,56,41
h-25-1989-49ers-3.iff,172,49ers,1989,1,46,49ers,Tight End,TE,85,placeholder,83,82,10,45,5,60,51,67,14,94,8,89,11,13,88,75,77,59,12,11,11,49,26,99,46,5,68,95
h-25-1989-49ers-3.iff,172,49ers,1989,1,47,Wesley,Walls,TE,89,real_name_in_supplied_data,75,75,10,55,11,54,43,70,12,72,10,47,11,11,79,70,72,88,6,12,15,49,80,99,84,5,64,21
h-25-1989-49ers-3.iff,172,49ers,1989,1,48,49ers,Tight End,TE,81,placeholder,64,78,10,30,4,82,51,82,21,53,16,48,11,13,58,66,68,66,9,20,6,49,24,99,27,5,36,42
h-25-1989-49ers-3.iff,172,49ers,1989,1,49,Jerry,Rice,WR,80,real_name_in_supplied_data,91,94,20,99,14,99,45,70,11,97,7,65,18,19,99,58,55,94,14,15,19,49,87,50,98,5,99,26
h-25-1989-49ers-3.iff,172,49ers,1989,1,50,49ers,Receiver,WR,87,placeholder,87,82,15,65,11,83,47,73,5,94,7,57,16,16,90,41,38,80,9,12,15,49,68,50,72,5,99,47
h-25-1989-49ers-3.iff,172,49ers,1989,1,51,49ers,Receiver,WR,88,placeholder,80,72,15,60,11,80,38,67,13,85,15,41,16,16,88,17,45,75,8,6,16,49,79,50,74,5,97,54
h-25-1989-49ers-3.iff,172,49ers,1989,1,52,49ers,Receiver,WR,86,placeholder,88,91,13,16,5,70,29,73,13,70,7,29,14,14,65,20,25,62,14,13,10,49,54,1,27,5,74,52
h-25-1994-49ers-2.iff,173,49ers,1994,0,0,49ers,Center,C,66,placeholder,40,64,11,90,22,96,79,52,18,16,23,14,10,10,15,83,84,6,26,37,19,49,78,99,58,5,70,73
h-25-1994-49ers-2.iff,173,49ers,1994,0,1,49ers,Cornerback,CB,21,placeholder,99,99,9,83,20,89,12,84,99,10,35,62,11,10,39,30,33,37,19,12,22,49,66,50,35,5,99,99
h-25-1994-49ers-2.iff,173,49ers,1994,0,2,49ers,Cornerback,CB,25,placeholder,91,86,9,85,16,54,35,89,88,13,77,9,12,10,29,14,21,41,33,54,19,49,80,1,61,5,85,64
h-25-1994-49ers-2.iff,173,49ers,1994,0,3,49ers,Cornerback,CB,48,placeholder,92,99,11,71,19,72,39,92,80,19,44,39,11,11,48,34,39,51,29,36,21,49,36,1,45,5,55,42
h-25-1994-49ers-2.iff,173,49ers,1994,0,4,49ers,Cornerback,CB,27,placeholder,87,89,9,75,16,79,39,81,71,14,79,10,12,11,20,13,17,43,38,67,19,49,45,1,69,5,67,52
h-25-1994-49ers-2.iff,173,49ers,1994,0,5,49ers,Cornerback,CB,44,placeholder,90,91,11,94,24,61,49,82,67,7,35,35,11,11,39,44,42,32,47,31,26,49,58,1,35,5,34,24
h-25-1994-49ers-2.iff,173,49ers,1994,0,6,49ers,Cornerback,CB,28,placeholder,76,72,8,99,28,75,37,85,54,20,56,7,10,10,50,38,43,46,68,45,29,49,50,1,20,5,55,58
h-25-1994-49ers-2.iff,173,49ers,1994,0,7,49ers,Def End,DE,93,placeholder,83,78,10,58,23,77,55,79,39,18,85,23,11,11,19,28,20,14,92,78,24,49,69,99,50,5,64,82
h-25-1994-49ers-2.iff,173,49ers,1994,0,8,49ers,Def End,DE,52,placeholder,80,74,10,60,19,79,69,59,49,17,77,26,11,10,23,23,24,20,79,76,20,49,64,99,50,5,71,72
h-25-1994-49ers-2.iff,173,49ers,1994,0,9,49ers,Def End,DE,59,placeholder,78,72,11,75,18,80,65,58,42,30,77,35,13,11,26,33,34,22,76,70,16,49,39,99,46,5,45,24
h-25-1994-49ers-2.iff,173,49ers,1994,0,10,49ers,Def End,DE,51,placeholder,65,62,11,49,12,38,67,88,10,19,89,27,13,11,14,18,20,10,83,82,13,49,26,99,40,5,50,46
h-25-1994-49ers-2.iff,173,49ers,1994,0,11,49ers,Def End,DE,94,placeholder,72,60,11,55,12,87,57,60,47,25,67,32,13,11,19,22,25,22,74,58,13,49,29,99,36,5,83,73
h-25-1994-49ers-2.iff,173,49ers,1994,0,12,49ers,Def End,DE,77,placeholder,67,72,11,61,16,45,67,73,39,25,58,30,13,11,20,27,28,14,73,80,14,49,27,99,35,5,34,55
h-25-1994-49ers-2.iff,173,49ers,1994,0,13,49ers,Def End,DE,90,placeholder,68,79,11,63,20,76,91,67,41,28,63,33,13,11,27,28,27,16,70,51,20,49,31,99,38,5,8,24
h-25-1994-49ers-2.iff,173,49ers,1994,0,14,49ers,Def End,DE,92,placeholder,66,77,10,67,19,80,71,55,58,23,72,35,11,11,27,26,34,18,71,64,19,49,34,99,42,5,29,24
h-25-1994-49ers-2.iff,173,49ers,1994,0,15,49ers,Def Tackle,DT,95,placeholder,61,69,11,90,24,85,69,52,24,21,89,34,11,10,24,25,25,10,79,85,25,49,82,99,63,5,81,85
h-25-1994-49ers-2.iff,173,49ers,1994,0,16,Bryant,Young,DT,97,real_name_in_supplied_data,50,63,11,57,22,85,77,64,18,14,77,31,11,11,24,29,26,22,78,78,20,49,62,99,63,5,72,74
h-25-1994-49ers-2.iff,173,49ers,1994,0,17,49ers,Def Tackle,DT,91,placeholder,61,66,11,60,23,89,75,52,21,22,73,29,10,11,26,33,29,4,71,82,23,49,80,99,48,5,41,88
h-25-1994-49ers-2.iff,173,49ers,1994,0,18,49ers,Full Back,FB,49,placeholder,59,64,16,70,19,72,51,52,44,55,30,35,14,14,56,90,78,81,37,35,20,49,43,99,59,5,90,37
h-25-1994-49ers-2.iff,173,49ers,1994,0,19,49ers,Safety,FS,43,placeholder,78,79,9,88,18,81,43,62,86,13,80,9,11,11,22,23,20,40,29,80,20,49,92,1,68,5,95,70
h-25-1994-49ers-2.iff,173,49ers,1994,0,20,Derrick,Deese,G,63,real_name_in_supplied_data,58,51,12,75,14,95,67,62,24,41,30,43,11,11,38,86,78,14,27,26,16,49,51,99,59,5,49,43
h-25-1994-49ers-2.iff,173,49ers,1994,0,21,49ers,Guard,G,68,placeholder,48,62,11,99,25,97,61,50,34,20,29,20,10,10,23,87,81,7,37,37,23,49,58,99,70,5,95,49
h-25-1994-49ers-2.iff,173,49ers,1994,0,22,49ers,Guard,G,78,placeholder,49,49,12,99,14,95,77,62,6,29,28,22,11,10,23,71,78,10,28,28,13,49,37,99,50,5,62,24
h-25-1994-49ers-2.iff,173,49ers,1994,0,23,49ers,Guard,G,62,placeholder,50,51,12,71,19,94,63,48,6,24,22,9,10,10,10,76,87,8,16,27,15,49,69,99,56,5,49,42
h-25-1994-49ers-2.iff,173,49ers,1994,0,24,49ers,Guard,G,65,placeholder,48,62,12,73,23,98,57,52,14,35,32,14,10,10,31,70,72,4,30,27,23,49,39,99,42,5,73,49
h-25-1994-49ers-2.iff,173,49ers,1994,0,25,49ers,Half Back,HB,37,placeholder,90,72,24,90,14,82,37,78,15,86,15,89,22,24,87,38,51,89,9,8,18,49,84,1,66,5,58,73
h-25-1994-49ers-2.iff,173,49ers,1994,0,26,49ers,Half Back,HB,46,placeholder,90,72,17,67,9,92,55,79,37,59,30,76,14,14,55,10,12,64,20,28,11,49,38,1,51,5,78,46
h-25-1994-49ers-2.iff,173,49ers,1994,0,27,49ers,Half Back,HB,22,placeholder,82,63,12,44,16,95,63,67,38,45,41,63,14,14,52,26,25,81,30,33,17,49,20,99,23,5,66,91
h-25-1994-49ers-2.iff,173,49ers,1994,0,28,49ers,Half Back,HB,29,placeholder,82,67,17,79,13,94,51,70,14,59,6,69,15,16,57,38,34,64,12,8,16,49,44,99,42,5,68,24
h-25-1994-49ers-2.iff,173,49ers,1994,0,29,49ers,Half Back,HB,34,placeholder,83,74,15,63,13,94,55,88,34,49,28,69,15,14,54,32,39,81,20,19,16,49,38,50,38,5,60,69
h-25-1994-49ers-2.iff,173,49ers,1994,0,30,49ers,Linebacker,ILB,50,placeholder,66,64,11,63,1,86,55,78,76,16,93,30,10,11,9,14,7,5,72,93,1,49,21,99,51,5,74,48
h-25-1994-49ers-2.iff,173,49ers,1994,0,31,49ers,Linebacker,ILB,71,placeholder,77,76,10,79,11,87,65,68,74,21,82,25,11,10,19,30,23,16,71,76,11,49,28,99,44,5,65,74
h-25-1994-49ers-2.iff,173,49ers,1994,0,32,Kevin,Mitchell,ILB,55,real_name_in_supplied_data,66,77,10,85,14,75,51,52,71,23,76,29,11,10,22,34,26,28,48,66,14,49,52,99,39,5,55,80
h-25-1994-49ers-2.iff,173,49ers,1994,0,33,49ers,Linebacker,ILB,98,placeholder,80,86,10,76,13,79,57,78,75,24,65,26,11,10,10,33,27,18,54,55,13,49,37,99,31,5,21,71
h-25-1994-49ers-2.iff,173,49ers,1994,0,34,Doug,Brien,K,4,real_name_in_supplied_data,39,36,28,45,74,98,21,34,26,23,29,16,31,31,25,11,10,39,20,28,77,99,37,50,45,5,90,41
h-25-1994-49ers-2.iff,173,49ers,1994,0,35,49ers,Linebacker,OLB,58,placeholder,59,68,10,93,13,69,77,72,76,18,80,30,11,10,30,33,27,36,74,80,14,49,39,99,54,5,51,54
h-25-1994-49ers-2.iff,173,49ers,1994,0,36,49ers,Linebacker,OLB,54,placeholder,82,71,10,97,10,85,53,72,72,19,86,28,11,10,21,25,20,26,54,84,11,49,65,99,52,5,90,82
h-25-1994-49ers-2.iff,173,49ers,1994,0,37,49ers,Linebacker,OLB,99,placeholder,79,74,10,81,13,88,75,67,74,20,66,26,11,10,15,36,29,26,52,58,13,49,34,99,24,5,3,74
h-25-1994-49ers-2.iff,173,49ers,1994,0,38,49ers,Punter,P,19,placeholder,43,48,21,49,82,76,37,49,19,20,46,17,23,21,15,23,14,28,16,12,80,1,32,50,80,5,62,24
h-25-1994-49ers-2.iff,173,49ers,1994,0,39,49ers,Quarterback,QB,3,placeholder,85,72,85,49,17,54,49,72,41,29,44,70,92,88,32,28,32,34,20,43,20,49,88,50,98,96,74,24
h-25-1994-49ers-2.iff,173,49ers,1994,0,40,49ers,Quarterback,QB,11,placeholder,62,77,79,43,9,82,39,58,27,20,27,24,72,71,9,14,21,15,16,20,12,49,81,50,76,79,87,24
h-25-1994-49ers-2.iff,173,49ers,1994,0,41,49ers,Safety,SS,33,placeholder,75,77,10,84,50,73,59,73,90,40,99,10,11,11,42,24,23,48,67,97,17,99,85,1,75,5,93,68
h-25-1994-49ers-2.iff,173,49ers,1994,0,42,49ers,Tackle,T,70,placeholder,55,62,11,89,17,95,81,59,13,29,34,15,10,10,26,90,94,12,28,28,17,49,92,99,69,5,65,60
h-25-1994-49ers-2.iff,173,49ers,1994,0,43,49ers,Tackle,T,74,placeholder,48,58,11,89,25,95,67,47,20,36,32,30,11,11,24,87,85,11,35,28,22,49,86,99,71,5,93,60
h-25-1994-49ers-2.iff,173,49ers,1994,0,44,49ers,Tackle,T,64,placeholder,48,58,11,82,16,97,77,50,24,32,32,47,11,17,43,77,77,19,23,23,16,49,55,99,52,5,48,39
h-25-1994-49ers-2.iff,173,49ers,1994,0,45,49ers,Tackle,T,72,placeholder,49,70,11,74,12,98,73,58,6,26,23,5,10,10,13,79,74,7,20,26,11,49,80,99,44,5,61,81
h-25-1994-49ers-2.iff,173,49ers,1994,0,46,49ers,Tight End,TE,85,placeholder,77,88,24,79,14,86,45,68,10,96,14,90,26,24,92,82,83,78,15,8,18,49,81,99,66,5,77,76
h-25-1994-49ers-2.iff,173,49ers,1994,0,47,49ers,Tight End,TE,84,placeholder,81,81,10,30,10,84,83,85,8,51,12,62,11,10,66,76,71,67,15,13,13,49,63,99,62,5,49,24
h-25-1994-49ers-2.iff,173,49ers,1994,0,48,49ers,Tight End,TE,83,placeholder,64,78,10,30,4,82,51,82,21,53,16,48,11,13,58,66,68,66,9,20,6,49,24,99,27,5,36,42
h-25-1994-49ers-2.iff,173,49ers,1994,0,49,Jerry,Rice,WR,80,real_name_in_supplied_data,91,94,20,99,14,99,45,70,11,97,7,65,18,19,99,58,55,94,14,15,19,49,87,50,98,5,99,26
h-25-1994-49ers-2.iff,173,49ers,1994,0,50,49ers,Receiver,WR,87,placeholder,86,76,15,65,11,89,51,78,9,86,8,66,14,14,89,36,45,63,5,6,15,49,79,50,70,5,94,55
h-25-1994-49ers-2.iff,173,49ers,1994,0,51,49ers,Receiver,WR,81,placeholder,88,84,20,59,9,79,39,88,5,86,7,61,20,21,86,22,31,60,12,14,13,49,49,50,60,5,96,62
h-25-1994-49ers-2.iff,173,49ers,1994,0,52,49ers,Receiver,WR,88,placeholder,79,79,15,60,11,53,56,67,13,86,13,74,16,16,90,54,54,61,12,8,16,49,83,50,89,5,80,21
h-25-2003-49ers-0.iff,174,49ers,2003,1,0,Jeremy,Newberry,C,62,real_name_in_supplied_data,36,54,11,92,26,82,73,50,31,18,30,20,10,10,29,91,86,8,41,37,23,49,45,99,22,5,65,44
h-25-2003-49ers-0.iff,174,49ers,2003,1,1,49ers,Center,C,60,placeholder,54,52,11,79,26,70,69,47,40,40,37,16,10,10,35,56,60,4,48,33,24,49,49,39,24,5,75,26
h-25-2003-49ers-0.iff,174,49ers,2003,1,2,49ers,Center,C,71,placeholder,47,54,11,69,16,86,69,47,12,13,20,1,10,10,12,36,30,4,13,30,13,49,27,42,37,5,75,30
h-25-2003-49ers-0.iff,174,49ers,2003,1,3,Ahmed,Plummer,CB,29,real_name_in_supplied_data,90,90,11,72,19,67,41,85,87,8,74,6,11,11,32,33,38,34,60,62,20,49,83,1,22,5,68,52
h-25-2003-49ers-0.iff,174,49ers,2003,1,4,Jason,Webster,CB,36,real_name_in_supplied_data,87,92,12,72,17,75,37,75,74,10,78,38,12,11,27,33,29,50,53,67,19,49,32,1,25,5,76,51
h-25-2003-49ers-0.iff,174,49ers,2003,1,5,Mike,Rumph,CB,24,real_name_in_supplied_data,87,88,11,66,20,71,45,73,74,8,44,6,11,11,36,34,35,34,37,43,21,49,36,1,22,5,56,77
h-25-2003-49ers-0.iff,174,49ers,2003,1,6,Rashad,Holman,CB,26,real_name_in_supplied_data,84,99,12,51,12,75,31,95,65,7,45,5,13,11,11,20,20,32,41,42,11,49,25,1,10,5,27,41
h-25-2003-49ers-0.iff,174,49ers,2003,1,7,Jimmy,Williams,CB,23,real_name_in_supplied_data,85,68,11,41,16,68,41,76,48,6,32,4,11,11,11,19,20,1,40,32,13,49,23,1,11,5,45,47
h-25-2003-49ers-0.iff,174,49ers,2003,1,8,Chike,Okeafor,DE,91,real_name_in_supplied_data,74,81,11,72,22,77,53,78,36,31,70,35,13,11,23,26,29,10,76,47,19,49,38,99,19,5,79,78
h-25-2003-49ers-0.iff,174,49ers,2003,1,9,Andre,Carter,DE,96,real_name_in_supplied_data,85,79,11,75,12,80,59,84,67,31,78,35,13,11,27,33,34,22,80,65,13,49,69,99,24,5,73,85
h-25-2003-49ers-0.iff,174,49ers,2003,1,10,John,Engelberger,DE,95,real_name_in_supplied_data,84,77,11,49,19,78,67,70,36,21,65,31,13,11,15,15,20,12,75,54,17,49,25,99,68,5,70,70
h-25-2003-49ers-0.iff,174,49ers,2003,1,11,Sean,Moran,DE,99,real_name_in_supplied_data,66,87,10,50,20,72,59,68,5,17,54,25,11,10,20,26,22,35,66,46,19,49,27,99,22,5,64,73
h-25-2003-49ers-0.iff,174,49ers,2003,1,12,Bryant,Young,DT,97,real_name_in_supplied_data,59,67,11,90,23,67,67,50,24,21,82,34,11,10,24,25,25,10,78,84,25,49,82,99,89,5,84,85
h-25-2003-49ers-0.iff,174,49ers,2003,1,13,49ers,Def Tackle,DT,94,placeholder,61,66,11,60,23,65,73,58,21,22,68,29,10,11,26,33,29,4,65,75,23,49,80,43,73,5,75,57
h-25-2003-49ers-0.iff,174,49ers,2003,1,14,49ers,Def Tackle,DT,75,placeholder,65,79,11,72,22,80,75,59,20,18,66,31,11,10,19,25,20,10,78,80,21,49,72,99,54,5,20,63
h-25-2003-49ers-0.iff,174,49ers,2003,1,15,Josh,Shaw,DT,93,real_name_in_supplied_data,64,63,10,53,17,5,63,61,16,22,67,31,11,11,26,19,28,14,52,65,16,49,33,99,14,5,49,24
h-25-2003-49ers-0.iff,174,49ers,2003,1,16,Brandon,Moore,DT,56,real_name_in_supplied_data,49,60,10,99,23,72,83,42,47,48,59,47,11,10,50,49,46,42,52,37,23,49,49,99,33,5,33,51
h-25-2003-49ers-0.iff,174,49ers,2003,1,17,Fred,Beasley,FB,40,real_name_in_supplied_data,67,81,16,79,20,89,57,79,8,56,8,43,14,14,62,88,74,75,11,13,19,49,37,99,14,5,92,50
h-25-2003-49ers-0.iff,174,49ers,2003,1,18,Paul,Smith,FB,27,real_name_in_supplied_data,82,77,14,55,13,72,69,75,30,40,46,51,14,14,45,22,45,82,20,16,15,49,32,99,21,5,71,44
h-25-2003-49ers-0.iff,174,49ers,2003,1,19,Zack,Bronson,FS,31,real_name_in_supplied_data,80,74,9,84,20,74,37,68,87,12,67,8,11,10,21,21,29,39,32,50,22,49,77,1,43,5,88,72
h-25-2003-49ers-0.iff,174,49ers,2003,1,20,49ers,Safety,FS,35,placeholder,87,97,9,65,17,5,55,76,56,12,57,8,11,10,14,26,23,39,16,40,17,49,30,26,17,5,75,57
h-25-2003-49ers-0.iff,174,49ers,2003,1,21,Ronnie,Heard,FS,38,real_name_in_supplied_data,88,87,9,71,18,73,55,79,39,12,38,8,10,10,14,29,27,6,23,30,17,49,41,1,27,5,40,76
h-25-2003-49ers-0.iff,174,49ers,2003,1,22,Eric,Heitmann,G,66,real_name_in_supplied_data,46,62,12,72,19,81,85,52,6,22,21,11,10,10,10,43,48,8,16,27,15,49,28,99,35,5,48,20
h-25-2003-49ers-0.iff,174,49ers,2003,1,23,Ron,Stone,G,65,real_name_in_supplied_data,41,55,12,89,26,78,75,39,19,34,32,19,10,11,32,85,84,11,32,28,24,49,76,99,14,5,79,44
h-25-2003-49ers-0.iff,174,49ers,2003,1,24,Kyle,Kosier,G,72,real_name_in_supplied_data,55,67,12,62,10,89,67,55,18,35,23,36,11,11,26,52,47,14,19,26,12,49,42,99,19,5,46,3
h-25-2003-49ers-0.iff,174,49ers,2003,1,25,Garrison,Hearst,HB,20,real_name_in_supplied_data,80,68,15,94,16,60,55,77,9,65,10,81,16,16,61,15,10,84,13,12,19,49,74,50,83,5,72,70
h-25-2003-49ers-0.iff,174,49ers,2003,1,26,Kevan,Barlow,HB,32,real_name_in_supplied_data,86,76,17,74,11,84,59,79,14,50,9,79,14,15,35,14,10,92,12,12,15,49,45,99,13,5,50,65
h-25-2003-49ers-0.iff,174,49ers,2003,1,27,Jamal,Robertson,HB,25,real_name_in_supplied_data,82,71,26,67,9,62,77,76,33,41,24,62,17,20,25,13,25,75,18,27,11,49,40,50,16,5,23,24
h-25-2003-49ers-0.iff,174,49ers,2003,1,28,Derek,Smith,ILB,50,real_name_in_supplied_data,80,72,10,92,7,88,67,72,75,16,88,26,11,10,15,24,19,30,51,88,9,49,36,99,35,5,79,69
h-25-2003-49ers-0.iff,174,49ers,2003,1,29,Jamie,Winborn,ILB,55,real_name_in_supplied_data,84,76,10,79,13,80,65,75,74,23,67,26,11,10,12,32,26,18,54,53,13,49,45,99,35,5,61,59
h-25-2003-49ers-0.iff,174,49ers,2003,1,30,Quincy,Stewart,ILB,54,real_name_in_supplied_data,82,74,10,86,8,78,67,68,61,23,67,37,11,11,16,28,24,12,65,66,13,49,43,99,24,5,31,24
h-25-2003-49ers-0.iff,174,49ers,2003,1,31,49ers,Linebacker,ILB,57,placeholder,78,71,10,62,9,81,67,88,67,19,56,24,10,11,9,27,23,42,47,45,9,49,50,27,54,5,75,43
h-25-2003-49ers-0.iff,174,49ers,2003,1,32,Jeff,Chandler,K,3,real_name_in_supplied_data,56,43,11,42,69,63,34,44,23,23,32,25,11,13,25,29,25,34,20,12,67,99,35,50,62,5,37,22
h-25-2003-49ers-0.iff,174,49ers,2003,1,33,Julian,Peterson,OLB,98,real_name_in_supplied_data,77,78,10,80,8,78,63,78,73,21,81,34,11,11,23,24,19,22,72,74,5,49,81,99,21,5,93,66
h-25-2003-49ers-0.iff,174,49ers,2003,1,34,Jeff,Ulbrich,OLB,53,real_name_in_supplied_data,77,76,10,88,11,72,67,64,65,23,79,35,11,11,20,31,28,24,51,79,10,49,57,99,25,5,68,67
h-25-2003-49ers-0.iff,174,49ers,2003,1,35,Saleem,Rasheed,OLB,51,real_name_in_supplied_data,84,78,10,95,14,81,71,82,65,24,67,28,11,10,24,37,32,26,56,44,15,49,57,99,44,5,42,48
h-25-2003-49ers-0.iff,174,49ers,2003,1,36,Billy,Lafleur,P,4,unresolved_name,60,58,19,83,71,70,41,35,29,28,60,33,22,17,50,28,21,34,23,8,72,1,29,50,53,5,65,14
h-25-2003-49ers-0.iff,174,49ers,2003,1,37,Jeff,Garcia,QB,5,real_name_in_supplied_data,79,86,82,78,26,51,39,59,17,32,32,61,88,88,33,17,13,62,15,5,23,49,89,50,73,86,71,24
h-25-2003-49ers-0.iff,174,49ers,2003,1,38,Tim,Rattay,QB,13,real_name_in_supplied_data,64,81,70,26,7,47,13,44,27,22,27,7,65,59,16,24,24,28,16,19,11,49,56,50,69,34,66,24
h-25-2003-49ers-0.iff,174,49ers,2003,1,39,Brandon,Doman,QB,11,real_name_in_supplied_data,67,77,61,13,11,44,26,64,26,22,27,33,31,63,12,10,12,28,20,26,13,49,40,50,52,48,50,20
h-25-2003-49ers-0.iff,174,49ers,2003,1,40,Tony,Parrish,SS,33,real_name_in_supplied_data,86,79,9,30,11,73,71,84,54,35,69,9,11,10,16,18,19,49,50,59,14,49,30,1,33,5,83,70
h-25-2003-49ers-0.iff,174,49ers,2003,1,41,49ers,Safety,SS,28,placeholder,81,75,13,58,16,75,51,85,41,10,59,6,12,11,30,13,13,8,38,56,19,49,32,29,16,5,75,16
h-25-2003-49ers-0.iff,174,49ers,2003,1,42,Derrick,Deese,T,63,real_name_in_supplied_data,44,54,11,89,25,72,63,43,20,36,32,30,11,11,24,96,89,11,35,28,22,49,86,99,41,5,98,60
h-25-2003-49ers-0.iff,174,49ers,2003,1,43,Scott,Gragg,T,78,real_name_in_supplied_data,40,44,11,89,19,80,67,44,16,31,36,18,10,10,34,90,84,13,32,28,19,49,55,99,33,5,92,43
h-25-2003-49ers-0.iff,174,49ers,2003,1,44,49ers,Tackle,T,77,placeholder,32,54,11,50,17,70,65,48,14,28,29,16,10,11,26,55,67,10,28,27,17,49,52,43,48,5,75,23
h-25-2003-49ers-0.iff,174,49ers,2003,1,45,49ers,Tight End,TE,88,placeholder,69,79,10,45,9,75,53,58,18,72,26,43,11,12,66,56,63,60,20,24,11,49,28,61,17,5,75,23
h-25-2003-49ers-0.iff,174,49ers,2003,1,46,Eric,Johnson,TE,82,real_name_in_supplied_data,75,82,9,39,7,72,47,78,25,73,19,40,11,11,77,55,60,60,9,16,9,49,24,99,16,5,75,45
h-25-2003-49ers-0.iff,174,49ers,2003,1,47,Brian,Jennings,TE,86,real_name_in_supplied_data,75,56,10,28,3,69,62,58,13,57,13,41,11,11,44,50,54,58,11,24,7,49,22,99,5,5,32,45
h-25-2003-49ers-0.iff,174,49ers,2003,1,48,Terrell,Owens,WR,81,real_name_in_supplied_data,84,80,15,80,15,90,70,76,6,98,15,67,16,16,91,53,53,90,11,5,18,49,70,99,89,5,75,99
h-25-2003-49ers-0.iff,174,49ers,2003,1,49,J.J.,Stokes,WR,83,real_name_in_supplied_data,83,79,15,70,13,72,45,67,9,74,6,40,15,16,84,69,58,81,6,11,18,49,60,50,75,5,64,63
h-25-2003-49ers-0.iff,174,49ers,2003,1,50,Tai,Streets,WR,89,real_name_in_supplied_data,87,85,15,51,14,61,38,79,7,64,6,41,14,14,70,45,36,80,6,7,13,49,33,50,19,5,88,49
h-25-2003-49ers-0.iff,174,49ers,2003,1,51,Cedrick,Wilson,WR,84,real_name_in_supplied_data,91,87,12,37,11,62,32,82,36,35,32,12,14,14,78,56,46,65,22,14,16,49,29,1,46,5,90,56
h-25-2003-49ers-0.iff,174,49ers,2003,1,52,James,Jordan,WR,18,real_name_in_supplied_data,81,77,15,49,4,56,46,79,5,33,3,39,14,14,63,24,28,72,3,9,9,49,18,50,56,5,63,57
h-26-1984-seahawks-1.iff,175,seahawks,1984,0,0,Seahawks,Center,C,50,placeholder,37,53,10,82,23,97,57,41,31,21,33,14,10,10,33,88,90,6,39,27,22,49,40,99,54,5,65,50
h-26-1984-seahawks-1.iff,175,seahawks,1984,0,1,Seahawks,Center,C,67,placeholder,43,61,11,83,21,87,67,65,37,41,32,38,14,11,41,61,60,9,41,37,17,49,51,99,28,5,46,62
h-26-1984-seahawks-1.iff,175,seahawks,1984,0,2,Seahawks,Center,C,75,placeholder,52,58,11,76,17,99,91,67,6,8,16,7,10,10,9,54,52,8,11,33,13,49,27,99,42,5,35,22
h-26-1984-seahawks-1.iff,175,seahawks,1984,0,3,Seahawks,Cornerback,CB,27,placeholder,95,90,13,70,18,88,41,96,94,11,76,38,13,11,59,41,40,50,40,72,22,49,59,1,74,5,58,24
h-26-1984-seahawks-1.iff,175,seahawks,1984,0,4,Seahawks,Cornerback,CB,42,placeholder,87,97,9,53,14,87,35,68,90,10,74,7,11,10,11,15,18,37,55,63,15,49,15,1,55,5,85,67
h-26-1984-seahawks-1.iff,175,seahawks,1984,0,5,Seahawks,Cornerback,CB,25,placeholder,81,77,9,60,18,95,53,64,68,11,71,8,11,10,26,22,27,37,32,55,19,49,24,1,47,5,86,45
h-26-1984-seahawks-1.iff,175,seahawks,1984,0,6,Seahawks,Cornerback,CB,29,placeholder,88,82,11,94,24,66,41,88,73,7,64,35,11,11,39,44,42,32,47,50,26,49,58,1,43,5,55,24
h-26-1984-seahawks-1.iff,175,seahawks,1984,0,7,Seahawks,Cornerback,CB,34,placeholder,87,75,12,60,18,64,45,84,89,6,60,4,13,11,27,23,26,30,37,61,19,49,31,1,40,5,60,79
h-26-1984-seahawks-1.iff,175,seahawks,1984,0,8,Seahawks,Def End,DE,72,placeholder,76,64,10,70,20,79,73,64,46,18,85,29,11,10,19,27,20,18,93,80,20,49,70,99,66,5,75,81
h-26-1984-seahawks-1.iff,175,seahawks,1984,0,9,Seahawks,Def End,DE,70,placeholder,88,71,11,70,21,34,67,84,50,31,81,34,13,11,31,36,40,30,93,86,21,49,82,99,45,5,73,99
h-26-1984-seahawks-1.iff,175,seahawks,1984,0,10,Seahawks,Def End,DE,61,placeholder,65,85,10,63,19,79,65,85,55,18,79,26,11,10,23,17,21,12,83,83,20,49,31,99,44,5,45,83
h-26-1984-seahawks-1.iff,175,seahawks,1984,0,11,Seahawks,Def Tackle,DT,77,placeholder,59,83,10,88,23,85,89,58,24,29,85,34,11,11,38,31,36,14,84,80,22,49,78,99,54,5,71,80
h-26-1984-seahawks-1.iff,175,seahawks,1984,0,12,Seahawks,Def Tackle,DT,90,placeholder,59,56,10,63,22,73,67,56,50,19,88,28,11,10,27,35,27,22,75,84,23,49,48,99,64,5,75,58
h-26-1984-seahawks-1.iff,175,seahawks,1984,0,13,Seahawks,Def Tackle,DT,74,placeholder,67,42,10,73,19,78,79,58,23,28,79,34,11,11,30,28,36,16,76,77,21,49,41,99,50,5,41,24
h-26-1984-seahawks-1.iff,175,seahawks,1984,0,14,Seahawks,Def Tackle,DT,73,placeholder,64,67,11,58,11,78,61,38,10,23,64,31,11,11,18,21,27,10,51,58,13,49,33,99,34,5,50,24
h-26-1984-seahawks-1.iff,175,seahawks,1984,0,15,Seahawks,Full Back,FB,38,placeholder,68,75,16,82,16,95,59,55,11,50,12,58,13,13,61,69,65,72,11,8,15,49,37,99,44,5,70,60
h-26-1984-seahawks-1.iff,175,seahawks,1984,0,16,Seahawks,Full Back,FB,37,placeholder,76,78,16,79,16,96,65,64,11,41,6,66,13,13,47,78,79,72,10,14,15,49,36,99,52,5,24,9
h-26-1984-seahawks-1.iff,175,seahawks,1984,0,17,Seahawks,Safety,FS,44,placeholder,82,72,9,92,19,76,57,73,90,12,97,8,11,10,7,22,22,39,59,97,22,49,79,1,74,5,96,57
h-26-1984-seahawks-1.iff,175,seahawks,1984,0,18,Seahawks,Guard,G,68,placeholder,32,61,12,83,22,94,79,58,13,29,26,15,10,10,21,83,86,8,24,28,19,49,80,99,74,5,45,39
h-26-1984-seahawks-1.iff,175,seahawks,1984,0,19,Seahawks,Guard,G,64,placeholder,53,48,14,72,19,96,67,58,26,40,29,41,11,11,39,81,83,14,26,26,20,49,49,99,58,5,65,44
h-26-1984-seahawks-1.iff,175,seahawks,1984,0,20,Seahawks,Guard,G,78,placeholder,42,66,14,85,22,94,71,45,33,41,32,49,11,11,48,70,70,20,41,32,21,49,54,99,48,5,38,24
h-26-1984-seahawks-1.iff,175,seahawks,1984,0,21,Seahawks,Guard,G,62,placeholder,47,56,12,75,19,80,75,55,7,28,26,5,10,10,13,57,53,2,19,26,14,49,27,99,31,5,28,48
h-26-1984-seahawks-1.iff,175,seahawks,1984,0,22,Seahawks,Half Back,HB,28,placeholder,90,72,24,90,14,82,37,78,15,86,15,89,22,24,87,38,51,89,9,8,18,49,84,1,66,5,58,73
h-26-1984-seahawks-1.iff,175,seahawks,1984,0,23,Seahawks,Half Back,HB,43,placeholder,80,76,23,82,13,96,73,95,12,32,6,86,19,20,52,61,59,86,8,6,12,49,43,50,45,5,42,68
h-26-1984-seahawks-1.iff,175,seahawks,1984,0,24,Seahawks,Half Back,HB,35,placeholder,89,72,23,82,13,94,57,92,12,50,6,77,19,20,61,38,30,72,8,6,12,49,43,99,36,24,41,60
h-26-1984-seahawks-1.iff,175,seahawks,1984,0,25,Seahawks,Half Back,HB,32,placeholder,88,79,17,65,16,72,47,76,13,48,8,75,14,14,49,49,35,90,6,13,19,49,38,99,40,24,41,41
h-26-1984-seahawks-1.iff,175,seahawks,1984,0,26,Seahawks,Half Back,HB,36,placeholder,88,80,15,60,16,89,49,75,10,21,14,78,13,13,39,20,16,60,6,12,14,49,34,50,38,24,41,9
h-26-1984-seahawks-1.iff,175,seahawks,1984,0,27,Seahawks,Half Back,HB,46,placeholder,83,68,15,67,16,90,71,79,11,31,6,61,13,13,61,48,50,75,10,14,15,49,36,50,39,5,36,9
h-26-1984-seahawks-1.iff,175,seahawks,1984,0,28,Seahawks,Linebacker,ILB,56,placeholder,72,82,10,87,13,88,63,58,70,19,83,29,11,10,28,31,25,32,63,84,13,49,77,99,36,5,79,74
h-26-1984-seahawks-1.iff,175,seahawks,1984,0,29,Seahawks,Linebacker,ILB,53,placeholder,72,69,10,94,14,89,55,65,76,22,83,30,11,10,26,34,27,30,73,77,14,49,69,99,54,5,72,63
h-26-1984-seahawks-1.iff,175,seahawks,1984,0,30,Seahawks,Kicker,K,1,placeholder,38,43,11,43,95,96,34,39,19,21,42,17,11,12,20,26,21,33,16,12,97,99,62,50,99,5,89,22
h-26-1984-seahawks-1.iff,175,seahawks,1984,0,31,Seahawks,Linebacker,OLB,51,placeholder,81,83,10,81,9,57,51,79,76,20,75,24,11,10,20,28,19,20,52,74,10,49,32,99,45,5,89,73
h-26-1984-seahawks-1.iff,175,seahawks,1984,0,32,Seahawks,Linebacker,OLB,55,placeholder,67,78,10,90,13,88,59,72,78,26,76,35,11,11,20,60,30,20,68,82,13,49,47,99,48,5,70,50
h-26-1984-seahawks-1.iff,175,seahawks,1984,0,33,Seahawks,Linebacker,OLB,59,placeholder,79,79,10,77,6,83,65,81,56,19,66,33,11,11,13,22,17,22,61,69,4,49,33,99,24,5,22,66
h-26-1984-seahawks-1.iff,175,seahawks,1984,0,34,Seahawks,Linebacker,OLB,52,placeholder,79,78,10,76,7,82,59,73,75,15,63,24,11,11,14,22,18,30,65,61,7,49,44,99,26,5,61,76
h-26-1984-seahawks-1.iff,175,seahawks,1984,0,35,Seahawks,Punter,P,3,placeholder,45,46,22,43,82,45,36,38,23,23,34,17,22,27,19,19,14,32,19,12,83,1,70,50,88,5,82,23
h-26-1984-seahawks-1.iff,175,seahawks,1984,0,36,Seahawks,Quarterback,QB,17,placeholder,84,77,86,38,19,84,41,75,39,33,41,46,78,79,35,24,24,30,38,27,22,49,83,50,80,80,70,24
h-26-1984-seahawks-1.iff,175,seahawks,1984,0,37,Seahawks,Quarterback,QB,19,placeholder,66,69,82,44,16,78,40,56,33,25,36,42,75,74,26,25,26,30,14,38,17,49,80,50,78,45,75,71
h-26-1984-seahawks-1.iff,175,seahawks,1984,0,38,Seahawks,Safety,SS,45,placeholder,84,84,10,91,16,47,61,68,72,30,79,8,11,11,14,22,18,47,55,77,19,49,77,1,59,5,93,79
h-26-1984-seahawks-1.iff,175,seahawks,1984,0,39,Seahawks,Tackle,T,71,placeholder,43,55,11,87,17,99,67,52,11,29,29,15,10,10,26,88,90,10,28,28,16,49,80,99,65,5,79,50
h-26-1984-seahawks-1.iff,175,seahawks,1984,0,40,Seahawks,Tackle,T,69,placeholder,43,56,11,86,19,94,69,41,15,29,29,20,10,10,26,93,91,13,30,28,18,49,80,99,69,5,76,49
h-26-1984-seahawks-1.iff,175,seahawks,1984,0,41,Seahawks,Tackle,T,76,placeholder,51,45,11,82,19,95,67,52,15,34,37,19,10,10,24,77,77,8,31,28,19,49,48,99,50,5,77,52
h-26-1984-seahawks-1.iff,175,seahawks,1984,0,42,Seahawks,Tackle,T,65,placeholder,55,50,12,80,10,70,65,39,9,41,32,43,13,11,30,56,69,22,30,32,13,49,44,99,31,5,8,8
h-26-1984-seahawks-1.iff,175,seahawks,1984,0,43,Seahawks,Tight End,TE,86,placeholder,68,68,10,37,16,81,49,61,10,83,6,65,11,10,79,79,78,47,7,7,18,49,32,99,70,5,82,24
h-26-1984-seahawks-1.iff,175,seahawks,1984,0,44,Seahawks,Tight End,TE,85,placeholder,68,82,10,65,14,57,63,70,8,58,14,42,11,11,70,80,85,76,7,15,16,49,35,99,64,5,29,24
h-26-1984-seahawks-1.iff,175,seahawks,1984,0,45,Seahawks,Tight End,TE,81,placeholder,67,56,10,10,7,88,58,56,29,38,31,34,11,10,45,47,50,72,12,22,11,49,22,99,38,5,50,23
h-26-1984-seahawks-1.iff,175,seahawks,1984,0,46,Seahawks,Receiver,WR,80,placeholder,81,83,15,99,14,90,76,89,6,96,15,89,16,16,94,53,53,90,11,5,18,49,90,38,89,5,99,99
h-26-1984-seahawks-1.iff,175,seahawks,1984,0,47,Seahawks,Receiver,WR,88,placeholder,89,82,15,59,10,79,38,73,5,75,11,44,13,15,83,39,36,77,15,7,15,49,35,1,50,5,91,47
h-26-1984-seahawks-1.iff,175,seahawks,1984,0,48,Seahawks,Receiver,WR,89,placeholder,98,88,17,59,14,74,45,92,6,84,7,71,15,16,81,21,23,67,12,14,15,49,38,50,33,5,52,81
h-26-1984-seahawks-1.iff,175,seahawks,1984,0,49,Seahawks,Receiver,WR,84,placeholder,95,88,17,59,14,95,37,85,6,82,7,46,15,16,83,34,23,67,12,14,15,49,38,50,35,5,73,81
h-26-1984-seahawks-1.iff,175,seahawks,1984,0,50,Seahawks,Receiver,WR,83,placeholder,90,88,22,59,14,86,29,87,6,57,7,25,25,24,70,45,39,67,12,14,15,49,38,50,34,5,90,52
h-26-1984-seahawks-1.iff,175,seahawks,1984,0,51,Seahawks,Receiver,WR,82,placeholder,89,92,15,69,14,73,33,79,11,79,9,36,16,16,79,41,41,76,8,9,19,49,46,50,41,5,74,24
h-26-1984-seahawks-1.iff,175,seahawks,1984,0,52,Seahawks,Receiver,WR,87,placeholder,89,75,13,34,9,60,22,67,38,43,29,32,14,14,51,26,21,65,20,16,14,49,24,50,20,5,71,72
h-26-1999-seahawks-1.iff,176,seahawks,1999,0,0,Seahawks,Center,C,56,placeholder,84,51,12,93,23,95,71,42,25,14,26,19,10,10,18,79,79,10,26,40,20,49,48,99,72,5,61,41
h-26-1999-seahawks-1.iff,176,seahawks,1999,0,1,Seahawks,Center,C,63,placeholder,61,77,12,75,14,81,69,76,12,20,21,42,11,11,26,70,63,20,28,47,14,49,38,99,35,5,40,55
h-26-1999-seahawks-1.iff,176,seahawks,1999,0,2,Seahawks,Center,C,68,placeholder,43,61,11,83,21,87,67,65,37,41,32,38,14,11,41,61,60,9,41,37,17,49,51,99,28,5,46,62
h-26-1999-seahawks-1.iff,176,seahawks,1999,0,3,Shawn,Springs,CB,24,real_name_in_supplied_data,91,86,9,85,16,54,35,89,88,13,77,9,12,10,29,14,21,41,33,54,19,49,80,1,61,5,85,64
h-26-1999-seahawks-1.iff,176,seahawks,1999,0,4,Seahawks,Cornerback,CB,27,placeholder,85,86,9,58,16,33,41,82,86,13,80,9,11,11,29,19,18,41,32,64,17,49,90,1,76,5,84,60
h-26-1999-seahawks-1.iff,176,seahawks,1999,0,5,Seahawks,Cornerback,CB,23,placeholder,92,99,11,71,19,72,39,92,80,19,44,39,11,11,48,34,39,51,29,36,21,49,36,1,45,5,55,42
h-26-1999-seahawks-1.iff,176,seahawks,1999,0,6,Seahawks,Cornerback,CB,33,placeholder,90,79,9,77,16,77,47,72,72,12,75,8,11,11,11,10,19,39,32,60,20,49,43,1,61,5,95,58
h-26-1999-seahawks-1.iff,176,seahawks,1999,0,7,Seahawks,Cornerback,CB,21,placeholder,86,82,12,70,20,78,47,81,82,9,70,6,13,11,26,28,34,35,48,52,17,49,32,1,44,5,52,51
h-26-1999-seahawks-1.iff,176,seahawks,1999,0,8,Fred,Thomas,CB,22,real_name_in_supplied_data,87,91,9,47,15,82,39,73,82,10,79,7,11,10,18,5,9,37,33,59,17,49,17,1,58,5,86,52
h-26-1999-seahawks-1.iff,176,seahawks,1999,0,9,Seahawks,Cornerback,CB,46,placeholder,83,81,9,66,17,87,53,58,74,14,73,10,11,11,26,19,23,43,30,58,20,49,49,1,58,5,64,52
h-26-1999-seahawks-1.iff,176,seahawks,1999,0,10,Phillip,Daniels,DE,93,real_name_in_supplied_data,80,74,10,60,19,79,69,59,49,17,77,26,11,10,23,23,24,20,79,76,20,49,64,99,50,5,71,72
h-26-1999-seahawks-1.iff,176,seahawks,1999,0,11,Seahawks,Def End,DE,70,placeholder,76,64,10,70,20,79,73,64,46,18,85,29,11,10,19,27,20,18,93,80,20,49,70,99,66,5,75,81
h-26-1999-seahawks-1.iff,176,seahawks,1999,0,12,Seahawks,Def End,DE,97,placeholder,72,66,11,75,18,70,63,56,67,31,77,35,13,11,27,33,34,22,70,77,17,49,39,99,46,5,60,64
h-26-1999-seahawks-1.iff,176,seahawks,1999,0,13,Seahawks,Def End,DE,90,placeholder,57,66,10,49,19,83,59,59,15,17,66,25,11,10,20,20,21,4,63,62,19,49,21,99,30,5,68,88
h-26-1999-seahawks-1.iff,176,seahawks,1999,0,14,Seahawks,Def Tackle,DT,98,placeholder,49,58,11,69,23,87,85,52,21,18,85,32,11,10,27,33,28,10,69,80,23,49,48,99,57,5,78,72
h-26-1999-seahawks-1.iff,176,seahawks,1999,0,15,Sam,Adams,DT,95,real_name_in_supplied_data,57,63,11,65,24,72,51,56,28,21,85,31,11,10,28,35,27,12,69,87,23,49,41,99,62,5,95,74
h-26-1999-seahawks-1.iff,176,seahawks,1999,0,16,Seahawks,Def Tackle,DT,92,placeholder,49,61,11,52,24,82,57,48,15,19,78,31,10,10,32,43,34,10,69,68,24,49,33,99,43,5,86,69
h-26-1999-seahawks-1.iff,176,seahawks,1999,0,17,Mack,Strong,FB,38,real_name_in_supplied_data,69,63,16,91,23,93,71,61,11,49,10,49,14,14,51,89,71,94,7,10,24,49,52,99,71,5,47,50
h-26-1999-seahawks-1.iff,176,seahawks,1999,0,18,Seahawks,Full Back,FB,35,placeholder,84,79,18,84,16,98,85,72,13,32,8,45,14,14,56,79,68,71,6,13,19,49,38,99,48,5,13,44
h-26-1999-seahawks-1.iff,176,seahawks,1999,0,19,Seahawks,Full Back,FB,45,placeholder,82,74,18,72,7,64,63,72,8,51,13,52,14,14,60,57,47,69,8,10,11,49,37,99,42,5,36,14
h-26-1999-seahawks-1.iff,176,seahawks,1999,0,20,Seahawks,Safety,FS,36,placeholder,81,88,12,93,22,84,39,76,78,8,82,6,12,11,14,30,31,34,48,68,25,49,54,1,53,5,65,46
h-26-1999-seahawks-1.iff,176,seahawks,1999,0,21,Pete,Kendall,G,66,real_name_in_supplied_data,52,59,12,99,26,96,71,56,17,33,34,22,10,10,31,87,89,10,32,28,24,49,70,99,67,5,72,50
h-26-1999-seahawks-1.iff,176,seahawks,1999,0,22,Seahawks,Guard,G,61,placeholder,50,51,12,71,19,94,63,48,6,24,22,9,10,10,10,76,87,8,16,27,15,49,69,99,56,5,49,42
h-26-1999-seahawks-1.iff,176,seahawks,1999,0,23,Chris,Gray,G,62,real_name_in_supplied_data,60,55,14,79,19,96,59,45,26,38,39,46,11,11,45,76,77,17,32,31,22,49,75,99,64,5,77,46
h-26-1999-seahawks-1.iff,176,seahawks,1999,0,24,Seahawks,Half Back,HB,37,placeholder,90,72,24,90,14,82,37,78,15,86,15,89,22,24,87,38,51,89,9,8,18,49,84,1,66,5,58,73
h-26-1999-seahawks-1.iff,176,seahawks,1999,0,25,Ahman,Green,HB,30,real_name_in_supplied_data,89,75,15,80,18,90,45,84,11,65,13,84,16,14,72,25,29,88,8,14,21,49,41,50,71,5,69,20
h-26-1999-seahawks-1.iff,176,seahawks,1999,0,26,Seahawks,Half Back,HB,48,placeholder,84,71,17,73,16,92,53,72,14,45,9,51,16,15,51,26,26,75,9,12,19,49,41,50,24,5,64,68
h-26-1999-seahawks-1.iff,176,seahawks,1999,0,27,Anthony,Simmons,ILB,51,real_name_in_supplied_data,85,90,10,93,13,71,55,79,74,21,72,29,11,11,11,26,21,28,75,78,13,49,90,99,60,5,78,77
h-26-1999-seahawks-1.iff,176,seahawks,1999,0,28,Todd,Peterson,K,2,real_name_in_supplied_data,39,45,10,30,73,54,30,36,13,18,17,13,11,12,6,5,1,29,7,9,56,99,11,50,34,5,74,37
h-26-1999-seahawks-1.iff,176,seahawks,1999,0,29,Seahawks,Linebacker,OLB,43,placeholder,80,80,10,71,4,86,63,79,77,15,85,31,11,11,12,15,11,12,80,86,5,49,26,99,55,5,72,62
h-26-1999-seahawks-1.iff,176,seahawks,1999,0,30,Darrin,Smith,OLB,59,real_name_in_supplied_data,86,92,10,97,13,43,63,72,74,22,80,27,11,10,14,27,23,24,69,79,13,49,37,99,45,5,86,79
h-26-1999-seahawks-1.iff,176,seahawks,1999,0,31,Chad,Brown,OLB,94,real_name_in_supplied_data,73,76,10,92,10,40,87,67,73,15,83,29,11,11,25,23,18,32,84,82,9,49,81,99,63,5,33,72
h-26-1999-seahawks-1.iff,176,seahawks,1999,0,32,Seahawks,Linebacker,OLB,50,placeholder,72,84,11,72,17,76,67,67,57,32,61,36,13,11,30,31,35,22,77,78,19,49,48,99,38,5,55,63
h-26-1999-seahawks-1.iff,176,seahawks,1999,0,33,Seahawks,Linebacker,OLB,96,placeholder,76,73,10,80,13,79,59,65,75,22,73,26,11,10,18,32,27,20,61,63,13,49,31,99,28,5,65,73
h-26-1999-seahawks-1.iff,176,seahawks,1999,0,34,Jeff,Feagles,P,10,real_name_in_supplied_data,45,49,26,48,84,82,32,52,20,21,29,17,27,25,13,19,12,30,16,12,88,1,39,50,82,5,95,24
h-26-1999-seahawks-1.iff,176,seahawks,1999,0,35,Jon,Kitna,QB,7,real_name_in_supplied_data,63,73,88,50,11,85,39,48,31,30,29,18,79,84,46,27,26,70,22,20,14,49,71,50,79,67,60,24
h-26-1999-seahawks-1.iff,176,seahawks,1999,0,36,Seahawks,Quarterback,QB,16,placeholder,58,65,81,35,7,83,22,67,26,19,26,8,84,86,18,26,26,28,16,19,11,49,68,50,70,60,89,24
h-26-1999-seahawks-1.iff,176,seahawks,1999,0,37,Jay,Bellamy,SS,20,real_name_in_supplied_data,76,75,10,99,21,88,55,61,83,13,85,9,11,10,18,24,25,40,50,85,23,49,51,1,62,5,93,66
h-26-1999-seahawks-1.iff,176,seahawks,1999,0,38,Seahawks,Safety,SS,28,placeholder,91,85,13,66,17,53,43,73,69,8,69,6,13,11,27,28,30,34,43,68,17,49,48,1,43,5,64,56
h-26-1999-seahawks-1.iff,176,seahawks,1999,0,39,Brian,Walker,SS,25,real_name_in_supplied_data,87,82,9,74,20,80,37,82,64,11,71,8,11,10,17,29,26,37,38,71,21,49,44,1,48,5,86,63
h-26-1999-seahawks-1.iff,176,seahawks,1999,0,40,Walter,Jones,T,71,real_name_in_supplied_data,57,57,11,94,18,97,75,59,13,29,27,18,10,10,19,98,99,10,26,28,16,49,77,99,75,5,90,48
h-26-1999-seahawks-1.iff,176,seahawks,1999,0,41,Grant,Williams,T,79,real_name_in_supplied_data,28,52,11,75,16,87,65,38,13,30,33,11,10,10,28,65,58,9,27,27,16,49,41,99,40,5,80,48
h-26-1999-seahawks-1.iff,176,seahawks,1999,0,42,Todd,Weiner,T,74,real_name_in_supplied_data,55,65,11,70,8,97,73,68,4,23,19,1,10,10,4,73,79,4,14,24,9,49,21,99,38,5,60,76
h-26-1999-seahawks-1.iff,176,seahawks,1999,0,43,Christian,Fauria,TE,86,real_name_in_supplied_data,68,68,10,37,16,81,49,61,10,83,6,65,11,10,79,79,78,47,7,7,18,49,32,99,70,5,82,24
h-26-1999-seahawks-1.iff,176,seahawks,1999,0,44,Itula,Mili,TE,49,real_name_in_supplied_data,71,77,10,32,13,87,51,61,38,76,30,65,11,10,79,59,66,75,24,23,16,49,29,99,63,5,84,16
h-26-1999-seahawks-1.iff,176,seahawks,1999,0,45,Seahawks,Tight End,TE,81,placeholder,78,70,12,49,13,51,47,82,29,68,31,46,14,13,69,70,67,57,28,26,13,49,35,99,50,5,58,3
h-26-1999-seahawks-1.iff,176,seahawks,1999,0,46,Seahawks,Receiver,WR,88,placeholder,81,71,28,67,17,89,42,79,50,94,47,68,29,26,92,44,42,84,30,18,17,49,45,50,63,5,98,44
h-26-1999-seahawks-1.iff,176,seahawks,1999,0,47,Seahawks,Receiver,WR,82,placeholder,83,83,15,58,13,70,43,73,9,88,8,64,14,14,85,63,59,58,10,5,16,49,28,50,54,5,98,56
h-26-1999-seahawks-1.iff,176,seahawks,1999,0,48,Seahawks,Receiver,WR,85,placeholder,88,84,20,59,9,79,39,88,5,86,7,61,20,21,86,22,31,60,12,14,13,49,49,50,60,5,96,62
h-26-1999-seahawks-1.iff,176,seahawks,1999,0,49,Joey,Galloway,WR,84,real_name_in_supplied_data,88,86,17,51,10,77,53,81,7,79,15,41,14,16,83,30,23,60,8,9,10,49,32,50,51,5,90,44
h-26-1999-seahawks-1.iff,176,seahawks,1999,0,50,Seahawks,Receiver,WR,19,placeholder,80,81,15,59,14,63,37,64,6,77,15,59,16,17,77,54,53,80,15,7,18,49,80,50,86,5,91,51
h-26-1999-seahawks-1.iff,176,seahawks,1999,0,51,Seahawks,Receiver,WR,87,placeholder,87,83,15,42,10,87,33,76,7,55,6,38,14,15,60,34,27,60,6,10,11,49,28,50,23,5,93,62
h-26-1999-seahawks-1.iff,176,seahawks,1999,0,52,Seahawks,Receiver,WR,31,placeholder,84,83,15,74,12,58,47,67,14,83,10,60,16,15,84,47,46,78,15,10,16,49,58,50,61,5,95,55
h-27-1979-buccaneers-3.iff,177,buccaneers,1979,1,0,Buccanneers,Center,C,71,placeholder,43,51,12,95,25,97,53,39,28,16,24,23,11,11,18,87,86,9,30,40,22,49,75,99,74,5,95,43
h-27-1979-buccaneers-3.iff,177,buccaneers,1979,1,1,Buccanneers,Center,C,64,placeholder,52,57,11,85,20,95,67,45,15,13,22,9,10,10,17,64,69,9,22,30,17,49,80,99,56,5,72,41
h-27-1979-buccaneers-3.iff,177,buccaneers,1979,1,2,Buccanneers,Cornerback,CB,49,placeholder,81,86,9,96,18,85,47,72,89,11,80,8,12,10,40,14,20,37,59,72,21,49,76,1,54,5,90,80
h-27-1979-buccaneers-3.iff,177,buccaneers,1979,1,3,Buccanneers,Cornerback,CB,44,placeholder,87,97,9,53,14,87,35,68,90,10,74,7,11,10,11,15,18,37,55,63,15,49,15,1,55,5,85,67
h-27-1979-buccaneers-3.iff,177,buccaneers,1979,1,4,Buccanneers,Cornerback,CB,43,placeholder,83,88,9,55,16,87,45,64,89,10,76,7,11,10,39,14,18,37,38,65,16,49,79,1,63,5,90,56
h-27-1979-buccaneers-3.iff,177,buccaneers,1979,1,5,Buccanneers,Cornerback,CB,45,placeholder,91,74,11,72,21,76,35,77,83,8,75,6,11,11,35,46,43,34,53,62,22,49,35,1,32,5,55,76
h-27-1979-buccaneers-3.iff,177,buccaneers,1979,1,6,Buccanneers,Cornerback,CB,24,placeholder,86,74,9,45,19,79,31,73,65,12,57,8,11,10,12,25,29,39,32,45,19,49,27,1,22,5,55,54
h-27-1979-buccaneers-3.iff,177,buccaneers,1979,1,7,Buccanneers,Def End,DE,66,placeholder,75,82,10,75,19,86,71,79,46,14,88,28,11,10,22,18,23,26,96,78,19,49,59,99,66,5,88,80
h-27-1979-buccaneers-3.iff,177,buccaneers,1979,1,8,Buccanneers,Def End,DE,60,placeholder,54,66,11,49,19,89,73,58,3,16,75,26,11,10,19,27,23,4,79,70,19,49,20,99,53,5,73,61
h-27-1979-buccaneers-3.iff,177,buccaneers,1979,1,9,Buccanneers,Def End,DE,70,placeholder,67,65,10,72,18,85,59,56,67,25,86,28,11,10,34,41,33,22,75,81,17,49,31,99,51,5,38,80
h-27-1979-buccaneers-3.iff,177,buccaneers,1979,1,10,Buccanneers,Def End,DE,91,placeholder,74,61,10,46,14,88,69,72,49,8,75,24,11,10,9,12,12,24,77,74,13,49,48,99,36,5,74,89
h-27-1979-buccaneers-3.iff,177,buccaneers,1979,1,11,Buccanneers,Def Tackle,DT,78,placeholder,72,60,11,63,22,75,71,61,20,18,98,31,11,10,20,23,22,10,97,90,21,49,92,99,65,5,98,99
h-27-1979-buccaneers-3.iff,177,buccaneers,1979,1,12,Buccanneers,Def Tackle,DT,72,placeholder,63,77,10,70,22,57,69,53,31,24,89,38,11,11,24,33,36,26,76,94,20,49,56,99,63,5,73,51
h-27-1979-buccaneers-3.iff,177,buccaneers,1979,1,13,Buccanneers,Def Tackle,DT,73,placeholder,58,75,10,60,15,80,77,58,20,19,75,34,11,11,23,23,27,20,80,76,19,49,29,99,32,5,35,76
h-27-1979-buccaneers-3.iff,177,buccaneers,1979,1,14,Buccanneers,Def Tackle,DT,74,placeholder,67,42,10,73,19,78,79,58,23,28,79,34,11,11,30,28,36,16,76,77,21,49,41,99,50,5,41,24
h-27-1979-buccaneers-3.iff,177,buccaneers,1979,1,15,Buccanneers,Full Back,FB,42,placeholder,77,83,18,92,22,91,67,67,6,65,5,91,14,16,76,67,65,65,10,14,21,49,74,99,68,5,66,66
h-27-1979-buccaneers-3.iff,177,buccaneers,1979,1,16,Buccanneers,Full Back,FB,48,placeholder,76,58,16,67,25,93,81,83,49,19,40,37,14,14,45,55,48,75,46,38,26,49,39,99,26,5,31,52
h-27-1979-buccaneers-3.iff,177,buccaneers,1979,1,17,Buccanneers,Safety,FS,36,placeholder,84,85,10,93,20,87,41,70,77,13,80,9,11,10,26,22,24,40,44,72,23,49,50,1,58,5,63,68
h-27-1979-buccaneers-3.iff,177,buccaneers,1979,1,18,Buccanneers,Safety,FS,25,placeholder,82,80,12,70,20,59,55,61,50,9,47,6,13,11,24,28,34,36,40,42,17,49,32,1,20,5,21,41
h-27-1979-buccaneers-3.iff,177,buccaneers,1979,1,19,Buccanneers,Guard,G,68,placeholder,58,51,12,75,14,95,67,62,24,41,30,43,11,11,38,86,78,14,27,26,16,49,51,99,59,5,49,43
h-27-1979-buccaneers-3.iff,177,buccaneers,1979,1,20,Buccanneers,Guard,G,65,placeholder,50,51,12,71,19,94,63,48,6,24,22,9,10,10,10,76,87,8,16,27,15,49,69,99,56,5,49,42
h-27-1979-buccaneers-3.iff,177,buccaneers,1979,1,21,Buccanneers,Guard,G,69,placeholder,41,42,11,90,17,98,69,39,13,28,26,18,10,10,17,57,61,11,24,28,16,49,47,99,49,5,81,39
h-27-1979-buccaneers-3.iff,177,buccaneers,1979,1,22,Buccanneers,Half Back,HB,46,placeholder,85,79,17,95,16,87,67,68,13,51,6,80,15,16,50,38,41,97,11,13,18,49,83,99,53,5,40,81
h-27-1979-buccaneers-3.iff,177,buccaneers,1979,1,23,Buccanneers,Half Back,HB,31,placeholder,79,68,15,63,23,94,59,67,46,57,44,71,14,14,59,43,42,98,41,24,23,49,44,50,40,5,59,71
h-27-1979-buccaneers-3.iff,177,buccaneers,1979,1,24,Buccanneers,Half Back,HB,33,placeholder,89,72,23,82,13,94,57,92,12,50,6,77,19,20,61,38,30,72,8,6,12,49,43,99,36,24,41,60
h-27-1979-buccaneers-3.iff,177,buccaneers,1979,1,25,Buccanneers,Half Back,HB,26,placeholder,79,70,17,69,14,87,53,68,10,48,6,78,15,16,39,40,43,64,6,14,15,49,43,50,24,5,64,83
h-27-1979-buccaneers-3.iff,177,buccaneers,1979,1,26,Buccanneers,Half Back,HB,23,placeholder,82,71,15,55,18,79,73,76,37,33,46,59,14,14,64,41,35,70,28,19,20,49,49,1,47,5,19,51
h-27-1979-buccaneers-3.iff,177,buccaneers,1979,1,27,Buccanneers,Linebacker,ILB,54,placeholder,80,77,10,79,11,86,51,70,76,23,88,26,11,10,16,30,24,18,75,89,13,49,34,99,57,5,90,71
h-27-1979-buccaneers-3.iff,177,buccaneers,1979,1,28,Buccanneers,Linebacker,ILB,51,placeholder,74,86,10,98,11,34,69,68,85,19,99,29,11,10,27,27,22,26,91,99,11,49,92,99,66,5,90,90
h-27-1979-buccaneers-3.iff,177,buccaneers,1979,1,29,Buccanneers,Kicker,K,4,placeholder,40,43,22,48,90,86,41,42,26,29,30,28,27,22,34,31,23,32,31,35,86,99,26,50,73,5,55,80
h-27-1979-buccaneers-3.iff,177,buccaneers,1979,1,30,Buccanneers,Linebacker,OLB,53,placeholder,82,86,10,99,11,84,63,64,85,20,99,28,11,10,26,27,21,26,68,98,11,49,90,99,70,5,90,82
h-27-1979-buccaneers-3.iff,177,buccaneers,1979,1,31,Buccanneers,Linebacker,OLB,52,placeholder,69,80,10,97,15,88,55,76,77,19,91,32,11,10,30,31,25,32,88,93,14,49,86,99,71,5,93,70
h-27-1979-buccaneers-3.iff,177,buccaneers,1979,1,32,Buccanneers,Linebacker,OLB,58,placeholder,78,87,10,85,11,87,61,68,71,23,81,34,11,11,16,20,20,12,53,79,8,49,38,99,37,5,63,56
h-27-1979-buccaneers-3.iff,177,buccaneers,1979,1,33,Buccanneers,Linebacker,OLB,55,placeholder,70,82,11,70,11,97,59,87,69,19,79,32,10,11,14,19,11,29,68,74,11,49,27,99,35,5,60,76
h-27-1979-buccaneers-3.iff,177,buccaneers,1979,1,34,Buccanneers,Linebacker,OLB,56,placeholder,78,64,10,88,8,81,67,73,73,19,68,25,11,10,6,19,15,22,51,63,8,49,36,99,32,5,31,74
h-27-1979-buccaneers-3.iff,177,buccaneers,1979,1,35,Buccanneers,Punter,P,13,placeholder,43,43,25,35,68,89,32,36,13,12,27,13,26,25,6,13,5,39,7,11,71,1,22,50,79,5,84,24
h-27-1979-buccaneers-3.iff,177,buccaneers,1979,1,36,Buccanneers,Quarterback,QB,12,placeholder,84,77,86,38,19,84,41,75,39,33,41,46,78,79,35,24,24,30,38,27,22,49,83,50,80,80,70,24
h-27-1979-buccaneers-3.iff,177,buccaneers,1979,1,37,Buccanneers,Quarterback,QB,14,placeholder,63,69,69,24,5,58,13,55,26,17,21,14,78,63,9,18,21,31,11,18,9,49,71,50,71,70,62,24
h-27-1979-buccaneers-3.iff,177,buccaneers,1979,1,38,Buccanneers,Quarterback,QB,19,placeholder,78,71,72,25,7,89,35,61,14,18,19,35,68,72,4,3,7,28,20,27,9,49,70,50,70,75,33,24
h-27-1979-buccaneers-3.iff,177,buccaneers,1979,1,39,Buccanneers,Safety,SS,35,placeholder,75,77,10,84,50,73,59,73,90,40,99,10,11,11,42,24,23,48,67,97,17,99,85,1,75,5,93,68
h-27-1979-buccaneers-3.iff,177,buccaneers,1979,1,40,Buccanneers,Safety,SS,22,placeholder,85,79,12,81,19,80,45,64,66,1,53,4,13,11,14,28,26,39,60,53,20,49,44,1,33,5,81,41
h-27-1979-buccaneers-3.iff,177,buccaneers,1979,1,41,Buccanneers,Tackle,T,76,placeholder,50,59,11,97,16,96,71,62,26,43,42,50,11,16,53,79,80,20,27,23,18,49,62,99,54,5,75,41
h-27-1979-buccaneers-3.iff,177,buccaneers,1979,1,42,Buccanneers,Tackle,T,75,placeholder,44,67,12,75,14,97,71,55,24,41,30,43,11,11,38,74,82,14,27,26,16,49,51,99,52,5,71,41
h-27-1979-buccaneers-3.iff,177,buccaneers,1979,1,43,Buccanneers,Tackle,T,63,placeholder,48,58,11,82,16,97,77,50,24,32,32,47,11,17,43,77,77,19,23,23,16,49,55,99,52,5,48,39
h-27-1979-buccaneers-3.iff,177,buccaneers,1979,1,44,Buccanneers,Tackle,T,79,placeholder,51,45,11,82,19,95,67,52,15,34,37,19,10,10,24,77,77,8,31,28,19,49,48,99,50,5,77,52
h-27-1979-buccaneers-3.iff,177,buccaneers,1979,1,45,Buccanneers,Tight End,TE,81,placeholder,68,82,10,65,14,57,63,70,8,58,14,42,11,11,70,80,85,76,7,15,16,49,35,99,64,5,29,24
h-27-1979-buccaneers-3.iff,177,buccaneers,1979,1,46,Buccanneers,Tight End,TE,86,placeholder,67,66,10,13,7,62,53,64,29,60,19,50,11,10,62,63,60,69,9,22,8,49,16,99,39,5,64,49
h-27-1979-buccaneers-3.iff,177,buccaneers,1979,1,47,Buccanneers,Tight End,TE,83,placeholder,75,79,10,58,14,88,56,68,44,43,24,22,11,10,53,62,56,83,28,36,13,49,21,99,31,5,55,61
h-27-1979-buccaneers-3.iff,177,buccaneers,1979,1,48,Buccanneers,Receiver,WR,88,placeholder,85,79,15,72,12,81,40,62,14,85,10,67,16,16,84,60,62,80,7,8,16,49,56,99,57,5,99,80
h-27-1979-buccaneers-3.iff,177,buccaneers,1979,1,49,Buccanneers,Receiver,WR,84,placeholder,87,84,15,55,9,72,38,84,12,77,13,39,15,15,82,23,37,55,6,7,13,49,49,50,72,5,80,24
h-27-1979-buccaneers-3.iff,177,buccaneers,1979,1,50,Buccanneers,Receiver,WR,82,placeholder,89,89,17,53,12,69,35,81,12,82,9,42,15,16,76,43,35,74,10,5,13,49,35,1,39,5,95,52
h-27-1979-buccaneers-3.iff,177,buccaneers,1979,1,51,Buccanneers,Receiver,WR,85,placeholder,93,82,13,45,5,79,29,96,6,72,7,38,14,14,73,23,26,61,8,11,10,49,17,1,48,5,79,19
h-27-1979-buccaneers-3.iff,177,buccaneers,1979,1,52,Buccanneers,Receiver,WR,89,placeholder,84,84,13,32,8,78,38,64,9,67,8,47,14,14,69,45,32,64,8,10,13,49,31,1,37,5,98,48
h-27-1999-buccaneers-0.iff,178,buccaneers,1999,0,0,Buccanneers,Center,C,68,placeholder,43,51,12,95,25,97,53,39,28,16,24,23,11,11,18,87,86,9,30,40,22,49,75,99,74,5,95,43
h-27-1999-buccaneers-0.iff,178,buccaneers,1999,0,1,Buccanneers,Center,C,61,placeholder,53,65,12,92,24,94,67,47,16,31,29,18,10,10,27,78,72,8,30,28,22,49,43,99,45,5,49,45
h-27-1999-buccaneers-0.iff,178,buccaneers,1999,0,2,Buccanneers,Center,C,64,placeholder,46,67,12,64,23,77,61,67,11,33,29,14,10,10,24,64,61,1,28,27,21,49,33,99,40,5,61,42
h-27-1999-buccaneers-0.iff,178,buccaneers,1999,0,3,Todd,Washington,C,75,real_name_in_supplied_data,38,52,11,58,19,61,49,44,15,14,22,7,10,10,15,60,59,2,20,30,15,49,26,99,20,5,59,39
h-27-1999-buccaneers-0.iff,178,buccaneers,1999,0,4,Donnie,Abraham,CB,21,real_name_in_supplied_data,83,88,9,55,16,87,45,64,89,10,76,7,11,10,39,14,18,37,38,65,16,49,79,1,63,5,92,56
h-27-1999-buccaneers-0.iff,178,buccaneers,1999,0,5,Ronde,Barber,CB,20,real_name_in_supplied_data,81,86,9,96,18,85,47,72,89,11,80,8,12,10,40,14,20,37,59,72,21,49,76,1,54,5,93,80
h-27-1999-buccaneers-0.iff,178,buccaneers,1999,0,6,Brian,Kelly,CB,25,real_name_in_supplied_data,87,97,9,53,14,87,35,68,90,10,74,7,11,10,11,15,18,37,55,63,15,49,15,1,55,5,67,67
h-27-1999-buccaneers-0.iff,178,buccaneers,1999,0,7,Buccanneers,Cornerback,CB,38,placeholder,84,78,11,70,17,77,51,72,61,7,41,5,11,11,30,30,25,2,49,40,16,49,31,1,23,5,25,24
h-27-1999-buccaneers-0.iff,178,buccaneers,1999,0,8,Buccanneers,Def End,DE,90,placeholder,75,82,10,75,19,86,71,79,46,14,88,28,11,10,22,18,23,26,96,78,19,49,59,99,66,5,88,80
h-27-1999-buccaneers-0.iff,178,buccaneers,1999,0,9,Buccanneers,Def End,DE,71,placeholder,55,63,11,49,23,31,85,59,11,19,72,28,10,10,32,37,34,10,78,66,23,49,60,99,47,5,58,73
h-27-1999-buccaneers-0.iff,178,buccaneers,1999,0,10,Buccanneers,Def End,DE,95,placeholder,75,72,10,50,17,83,57,58,42,18,73,24,11,10,19,21,20,10,74,74,19,49,21,99,38,5,42,75
h-27-1999-buccaneers-0.iff,178,buccaneers,1999,0,11,Regan,Upshaw,DE,91,real_name_in_supplied_data,74,61,10,46,14,88,69,72,49,8,75,24,11,10,9,12,12,24,77,74,13,49,48,99,36,5,74,89
h-27-1999-buccaneers-0.iff,178,buccaneers,1999,0,12,Warren,Sapp,DT,99,real_name_in_supplied_data,72,60,11,63,22,75,71,61,20,18,98,31,11,10,20,23,22,10,97,90,21,49,92,99,65,5,98,99
h-27-1999-buccaneers-0.iff,178,buccaneers,1999,0,13,Buccanneers,Def Tackle,DT,76,placeholder,61,69,11,90,24,85,69,52,24,21,89,34,11,10,24,25,25,10,79,85,25,49,82,99,63,5,81,85
h-27-1999-buccaneers-0.iff,178,buccaneers,1999,0,14,Anthony,Mcfarland,DT,92,real_name_in_supplied_data,63,77,10,70,22,57,69,53,31,24,89,38,11,11,24,33,36,26,76,94,20,49,56,99,63,5,73,51
h-27-1999-buccaneers-0.iff,178,buccaneers,1999,0,15,Tyoka,Jackson,DT,97,real_name_in_supplied_data,56,68,13,67,16,72,67,82,10,22,76,30,11,11,24,23,26,10,77,74,15,49,31,99,38,5,50,42
h-27-1999-buccaneers-0.iff,178,buccaneers,1999,0,16,Mike,Alstott,FB,40,real_name_in_supplied_data,77,83,18,92,22,91,67,67,6,65,5,91,14,16,76,67,65,65,10,14,21,49,74,99,68,5,66,66
h-27-1999-buccaneers-0.iff,178,buccaneers,1999,0,17,Buccanneers,Full Back,FB,46,placeholder,76,58,16,67,25,93,81,83,49,19,40,37,14,14,45,55,48,75,46,38,26,49,39,99,26,5,31,52
h-27-1999-buccaneers-0.iff,178,buccaneers,1999,0,18,John,Lynch,FS,47,real_name_in_supplied_data,82,72,9,92,19,76,57,73,90,12,97,8,11,10,7,22,22,39,59,97,22,49,79,1,74,5,96,57
h-27-1999-buccaneers-0.iff,178,buccaneers,1999,0,19,Frank,Middleton,G,73,real_name_in_supplied_data,50,51,12,71,19,94,63,48,6,24,22,9,10,10,10,76,87,8,16,27,15,49,69,99,56,5,49,42
h-27-1999-buccaneers-0.iff,178,buccaneers,1999,0,20,Buccanneers,Guard,G,65,placeholder,58,51,12,75,14,95,67,62,24,41,30,43,11,11,38,86,78,14,27,26,16,49,51,99,59,5,49,43
h-27-1999-buccaneers-0.iff,178,buccaneers,1999,0,21,Warrick,Dunn,HB,28,real_name_in_supplied_data,92,85,15,93,14,87,45,76,9,67,7,74,16,15,64,28,33,85,14,15,19,49,63,1,57,5,68,56
h-27-1999-buccaneers-0.iff,178,buccaneers,1999,0,22,Buccanneers,Half Back,HB,23,placeholder,79,75,16,74,12,93,49,65,14,21,29,42,14,14,34,36,35,69,23,20,16,49,33,50,20,5,65,43
h-27-1999-buccaneers-0.iff,178,buccaneers,1999,0,23,Buccanneers,Half Back,HB,34,placeholder,82,71,15,55,18,79,73,76,37,33,46,59,14,14,64,41,35,70,28,19,20,49,49,1,47,5,19,51
h-27-1999-buccaneers-0.iff,178,buccaneers,1999,0,24,Buccanneers,Linebacker,ILB,56,placeholder,80,77,10,79,11,86,51,70,76,23,88,26,11,10,16,30,24,18,75,89,13,49,34,99,57,5,90,71
h-27-1999-buccaneers-0.iff,178,buccaneers,1999,0,25,Alshermond,Singleton,ILB,51,real_name_in_supplied_data,84,81,10,80,4,82,55,73,70,22,76,26,11,10,11,28,25,22,60,76,2,49,41,99,25,5,12,79
h-27-1999-buccaneers-0.iff,178,buccaneers,1999,0,26,Martin,Gramatica,K,7,real_name_in_supplied_data,40,43,22,48,90,86,41,42,26,29,30,28,27,22,34,31,23,32,31,35,86,99,26,50,73,5,55,80
h-27-1999-buccaneers-0.iff,178,buccaneers,1999,0,27,Derrick,Brooks,OLB,55,real_name_in_supplied_data,82,86,10,99,11,84,63,64,85,20,99,28,11,10,26,27,21,26,68,98,11,49,90,99,70,5,90,82
h-27-1999-buccaneers-0.iff,178,buccaneers,1999,0,28,Shelton,Quarles,OLB,53,real_name_in_supplied_data,67,78,10,90,13,88,59,72,78,26,76,35,11,11,20,60,30,20,68,82,13,49,47,99,48,5,70,50
h-27-1999-buccaneers-0.iff,178,buccaneers,1999,0,29,Buccanneers,Linebacker,OLB,58,placeholder,81,77,10,85,13,84,61,67,71,23,78,26,11,10,18,32,23,20,74,71,13,49,34,99,52,5,37,72
h-27-1999-buccaneers-0.iff,178,buccaneers,1999,0,30,Jeff,Gooch,OLB,50,real_name_in_supplied_data,78,64,10,88,8,81,67,73,73,19,68,25,11,10,6,19,15,22,51,63,8,49,36,99,32,5,31,74
h-27-1999-buccaneers-0.iff,178,buccaneers,1999,0,31,Jamie,Duncan,OLB,59,real_name_in_supplied_data,75,70,10,94,17,65,73,58,43,44,57,43,11,10,33,42,40,42,49,45,17,49,40,99,20,5,31,87
h-27-1999-buccaneers-0.iff,178,buccaneers,1999,0,32,Buccanneers,Punter,P,8,placeholder,43,43,25,35,68,89,32,36,13,12,27,13,26,25,6,13,5,39,7,11,71,1,22,50,79,5,84,24
h-27-1999-buccaneers-0.iff,178,buccaneers,1999,0,33,Trent,Dilfer,QB,12,real_name_in_supplied_data,62,47,74,43,8,30,39,43,27,18,27,17,72,72,12,27,24,26,15,22,11,49,86,50,77,15,78,24
h-27-1999-buccaneers-0.iff,178,buccaneers,1999,0,34,Shaun,King,QB,10,real_name_in_supplied_data,78,71,72,25,7,89,35,61,14,18,19,35,68,72,4,3,7,28,20,27,9,49,70,50,70,75,33,24
h-27-1999-buccaneers-0.iff,178,buccaneers,1999,0,35,Buccanneers,Quarterback,QB,14,placeholder,81,91,92,28,23,45,18,73,14,29,29,51,65,60,28,13,10,28,11,5,21,49,75,50,55,67,33,24
h-27-1999-buccaneers-0.iff,178,buccaneers,1999,0,36,Damien,Robinson,SS,24,real_name_in_supplied_data,75,77,10,84,50,73,59,73,90,40,99,10,11,11,42,24,23,48,67,97,17,99,85,1,75,5,93,68
h-27-1999-buccaneers-0.iff,178,buccaneers,1999,0,37,Buccanneers,Safety,SS,29,placeholder,87,82,9,74,20,80,37,82,64,11,71,8,11,10,17,29,26,37,38,71,21,49,44,1,48,5,86,63
h-27-1999-buccaneers-0.iff,178,buccaneers,1999,0,38,Buccanneers,Safety,SS,36,placeholder,83,85,11,69,17,87,47,79,53,7,42,5,11,11,3,17,18,33,38,40,15,49,37,1,20,5,16,48
h-27-1999-buccaneers-0.iff,178,buccaneers,1999,0,39,Buccanneers,Tackle,T,78,placeholder,50,59,11,97,16,96,71,62,26,43,42,50,11,16,53,79,80,20,27,23,18,49,62,99,54,5,75,41
h-27-1999-buccaneers-0.iff,178,buccaneers,1999,0,40,Buccanneers,Tackle,T,74,placeholder,48,58,11,82,16,97,77,50,24,32,32,47,11,17,43,77,77,19,23,23,16,49,55,99,52,5,48,39
h-27-1999-buccaneers-0.iff,178,buccaneers,1999,0,41,Buccanneers,Tackle,T,70,placeholder,51,45,11,82,19,95,67,52,15,34,37,19,10,10,24,77,77,8,31,28,19,49,48,99,50,5,77,52
h-27-1999-buccaneers-0.iff,178,buccaneers,1999,0,42,Buccanneers,Tackle,T,79,placeholder,28,36,11,70,14,98,65,45,8,27,20,15,10,10,1,74,76,1,19,27,14,49,34,99,44,5,77,44
h-27-1999-buccaneers-0.iff,178,buccaneers,1999,0,43,Buccanneers,Tackle,T,69,placeholder,50,63,11,61,14,68,47,58,3,19,13,1,10,10,2,57,55,7,8,26,11,49,20,99,40,5,95,39
h-27-1999-buccaneers-0.iff,178,buccaneers,1999,0,44,Dave,Moore,TE,83,real_name_in_supplied_data,68,68,10,37,16,81,49,61,10,83,6,65,11,10,79,79,78,47,7,7,18,49,32,99,70,5,82,24
h-27-1999-buccaneers-0.iff,178,buccaneers,1999,0,45,Patrick,Hape,TE,82,real_name_in_supplied_data,75,79,10,58,14,88,56,68,44,43,24,22,11,10,53,62,56,83,28,36,13,49,21,99,31,5,55,61
h-27-1999-buccaneers-0.iff,178,buccaneers,1999,0,46,Buccanneers,Tight End,TE,89,placeholder,67,66,10,13,7,62,53,64,29,60,19,50,11,10,62,63,60,69,9,22,8,49,16,99,39,5,64,49
h-27-1999-buccaneers-0.iff,178,buccaneers,1999,0,47,Buccanneers,Receiver,WR,88,placeholder,85,79,15,72,12,81,40,62,14,85,10,67,16,16,84,60,62,80,7,8,16,49,56,99,57,5,99,80
h-27-1999-buccaneers-0.iff,178,buccaneers,1999,0,48,Buccanneers,Receiver,WR,84,placeholder,88,84,20,59,9,79,39,88,5,86,7,61,20,21,86,22,31,60,12,14,13,49,49,50,60,5,96,62
h-27-1999-buccaneers-0.iff,178,buccaneers,1999,0,49,Buccanneers,Receiver,WR,87,placeholder,86,81,15,60,11,77,37,85,8,83,15,57,16,16,87,40,40,60,12,12,15,49,73,50,70,5,98,47
h-27-1999-buccaneers-0.iff,178,buccaneers,1999,0,50,Buccanneers,Receiver,WR,85,placeholder,83,86,15,44,9,81,37,68,6,77,14,45,16,16,75,19,28,74,11,14,13,49,49,50,70,5,96,45
h-27-1999-buccaneers-0.iff,178,buccaneers,1999,0,51,Karl,Williams,WR,86,real_name_in_supplied_data,84,84,13,32,8,78,38,64,9,67,8,47,14,14,69,45,32,64,8,10,13,49,31,1,37,5,98,48
h-27-1999-buccaneers-0.iff,178,buccaneers,1999,0,52,Buccanneers,Receiver,WR,81,placeholder,83,79,13,56,14,65,34,75,12,71,14,46,13,12,75,34,30,64,14,10,15,49,35,50,20,5,67,46
h-27-2002-buccaneers-0.iff,179,buccaneers,2002,0,0,Buccanneers,Center,C,62,placeholder,43,51,12,95,25,97,53,39,28,16,24,23,11,11,18,87,86,9,30,40,22,49,75,99,74,5,95,43
h-27-2002-buccaneers-0.iff,179,buccaneers,2002,0,1,Ryan,Benjamin,C,66,real_name_in_supplied_data,44,54,11,69,16,78,63,53,12,13,20,1,10,10,12,38,34,4,13,30,13,49,27,99,26,5,25,15
h-27-2002-buccaneers-0.iff,179,buccaneers,2002,0,2,Brian,Kelly,CB,25,real_name_in_supplied_data,87,97,9,53,14,87,35,68,90,10,74,7,11,10,11,15,18,37,55,63,15,49,15,1,55,5,85,67
h-27-2002-buccaneers-0.iff,179,buccaneers,2002,0,3,Ronde,Barber,CB,20,real_name_in_supplied_data,81,86,9,96,18,85,47,72,89,11,80,8,12,10,40,14,20,37,59,72,21,49,76,1,54,5,90,80
h-27-2002-buccaneers-0.iff,179,buccaneers,2002,0,4,Corey,Ivy,CB,35,real_name_in_supplied_data,86,74,9,45,19,79,31,73,65,12,57,8,11,10,12,25,29,39,32,45,19,49,27,1,22,5,55,54
h-27-2002-buccaneers-0.iff,179,buccaneers,2002,0,5,Tim,Wansley,CB,26,real_name_in_supplied_data,78,80,8,64,19,60,51,70,69,10,59,7,10,10,23,21,29,5,25,43,20,49,31,1,20,5,45,62
h-27-2002-buccaneers-0.iff,179,buccaneers,2002,0,6,Buccanneers,Cornerback,CB,31,placeholder,87,75,12,60,18,64,45,84,89,6,60,4,13,11,27,23,26,30,37,61,19,49,31,1,40,5,60,79
h-27-2002-buccaneers-0.iff,179,buccaneers,2002,0,7,Greg,Spires,DE,94,real_name_in_supplied_data,72,63,10,52,16,83,71,64,41,16,79,23,11,10,14,16,15,33,78,72,17,49,20,99,45,5,78,79
h-27-2002-buccaneers-0.iff,179,buccaneers,2002,0,8,Simeon,Rice,DE,97,real_name_in_supplied_data,75,82,10,75,19,86,71,79,46,14,88,28,11,10,22,18,23,26,96,78,19,49,59,99,66,5,88,80
h-27-2002-buccaneers-0.iff,179,buccaneers,2002,0,9,Ellis,Wyms,DE,96,real_name_in_supplied_data,56,68,13,67,16,72,67,82,10,22,76,30,11,11,24,23,26,10,77,74,15,49,31,99,38,5,50,42
h-27-2002-buccaneers-0.iff,179,buccaneers,2002,0,10,Warren,Sapp,DT,99,real_name_in_supplied_data,72,60,11,63,22,75,71,61,20,18,98,31,11,10,20,23,22,10,97,90,21,49,92,99,65,5,98,99
h-27-2002-buccaneers-0.iff,179,buccaneers,2002,0,11,Chartric,Darby,DT,91,real_name_in_supplied_data,73,54,10,60,16,98,73,56,10,20,80,31,11,11,23,18,22,39,71,77,15,49,28,99,52,5,65,24
h-27-2002-buccaneers-0.iff,179,buccaneers,2002,0,12,Buccanneers,Def Tackle,DT,90,placeholder,64,67,11,58,11,78,61,38,10,23,64,31,11,11,18,21,27,10,51,58,13,49,33,99,34,5,50,24
h-27-2002-buccaneers-0.iff,179,buccaneers,2002,0,13,Anthony,McFarland,DT,92,real_name_in_supplied_data,63,77,10,70,22,57,69,53,31,24,89,38,11,11,24,33,36,26,76,94,20,49,56,99,63,5,73,51
h-27-2002-buccaneers-0.iff,179,buccaneers,2002,0,14,Mike,Alstott,FB,40,real_name_in_supplied_data,77,83,18,92,22,91,67,67,6,65,5,91,14,16,76,67,65,65,10,14,21,49,74,99,68,5,66,66
h-27-2002-buccaneers-0.iff,179,buccaneers,2002,0,15,Jameel,Cook,FB,43,real_name_in_supplied_data,79,72,16,91,17,89,53,56,45,43,29,44,13,15,34,60,55,70,34,40,13,49,34,99,25,5,36,24
h-27-2002-buccaneers-0.iff,179,buccaneers,2002,0,16,Buccanneers,Full Back,FB,30,placeholder,80,75,16,79,19,94,69,57,42,53,29,50,14,14,62,82,68,89,37,35,21,49,27,99,43,5,30,70
h-27-2002-buccaneers-0.iff,179,buccaneers,2002,0,17,Dexter,Jackson,FS,34,real_name_in_supplied_data,81,88,12,93,22,84,39,76,78,8,82,6,12,11,14,30,31,34,48,68,25,49,54,1,53,5,65,46
h-27-2002-buccaneers-0.iff,179,buccaneers,2002,0,18,Jermaine,Phillips,FS,23,real_name_in_supplied_data,82,80,12,70,20,59,55,61,50,9,47,6,13,11,24,28,34,36,40,42,17,49,32,1,20,5,21,41
h-27-2002-buccaneers-0.iff,179,buccaneers,2002,0,19,Dwight,Smith,FS,38,real_name_in_supplied_data,88,86,9,34,16,86,49,68,79,12,64,8,10,10,17,29,26,6,25,59,14,49,22,1,31,5,24,76
h-27-2002-buccaneers-0.iff,179,buccaneers,2002,0,20,Kerry,Jenkins,G,71,real_name_in_supplied_data,40,47,12,76,24,97,59,41,17,32,30,18,10,10,29,85,85,7,30,28,23,49,39,99,58,5,90,42
h-27-2002-buccaneers-0.iff,179,buccaneers,2002,0,21,Cosey,Coleman,G,60,real_name_in_supplied_data,39,44,12,47,21,99,53,52,7,22,18,16,11,10,10,79,83,4,18,27,17,49,20,99,48,5,75,48
h-27-2002-buccaneers-0.iff,179,buccaneers,2002,0,22,Todd,Washington,G,77,real_name_in_supplied_data,38,52,11,58,19,61,49,44,15,14,22,7,10,10,15,60,59,2,20,30,15,49,26,99,20,5,59,39
h-27-2002-buccaneers-0.iff,179,buccaneers,2002,0,23,Michael,Pittman,HB,32,real_name_in_supplied_data,85,68,15,75,13,91,63,73,8,62,10,74,14,14,64,32,29,83,9,12,16,49,39,50,48,5,65,72
h-27-2002-buccaneers-0.iff,179,buccaneers,2002,0,24,Aaron,Stecker,HB,27,real_name_in_supplied_data,68,78,15,63,23,91,65,65,46,47,44,72,14,14,63,26,24,68,41,24,23,49,44,50,23,5,49,71
h-27-2002-buccaneers-0.iff,179,buccaneers,2002,0,25,Buccanneers,Half Back,HB,24,placeholder,80,71,14,55,13,95,45,75,30,40,46,51,14,14,45,40,35,78,20,16,15,49,32,50,20,5,56,68
h-27-2002-buccaneers-0.iff,179,buccaneers,2002,0,26,Buccanneers,Half Back,HB,33,placeholder,84,63,14,60,11,89,47,67,24,33,26,62,14,14,25,42,25,62,18,26,11,49,36,1,20,5,45,41
h-27-2002-buccaneers-0.iff,179,buccaneers,2002,0,27,Shelton,Quarles,ILB,53,real_name_in_supplied_data,80,77,10,79,11,86,51,70,76,23,88,26,11,10,16,30,24,18,75,89,13,49,34,99,57,5,90,71
h-27-2002-buccaneers-0.iff,179,buccaneers,2002,0,28,Nate,Webster,ILB,52,real_name_in_supplied_data,84,81,10,80,4,82,55,73,70,22,76,26,11,10,11,28,25,22,60,76,2,49,41,99,25,5,12,79
h-27-2002-buccaneers-0.iff,179,buccaneers,2002,0,29,Martin,Gramatica,K,7,real_name_in_supplied_data,40,43,22,48,90,86,41,42,26,29,30,28,27,22,34,31,23,32,31,35,86,99,26,50,73,5,55,80
h-27-2002-buccaneers-0.iff,179,buccaneers,2002,0,30,Alshermond,Singleton,CB,22,real_name_in_supplied_data,70,82,11,70,11,97,59,87,69,19,79,32,10,11,14,19,11,29,68,74,11,49,27,99,35,5,60,76
h-27-2002-buccaneers-0.iff,179,buccaneers,2002,0,31,Derrick,Brooks,OLB,51,real_name_in_supplied_data,82,86,10,99,11,84,63,64,85,20,99,28,11,10,26,27,21,26,68,98,11,49,90,99,70,5,90,82
h-27-2002-buccaneers-0.iff,179,buccaneers,2002,0,32,Buccanneers,Linebacker,OLB,55,placeholder,75,70,10,94,17,65,73,58,43,44,57,43,11,10,33,42,40,42,49,45,17,49,40,99,20,5,31,87
h-27-2002-buccaneers-0.iff,179,buccaneers,2002,0,33,Tom,Tupa,P,58,real_name_in_supplied_data,43,48,48,46,87,78,37,50,20,19,48,17,50,45,21,19,16,36,18,12,82,1,37,50,89,5,22,24
h-27-2002-buccaneers-0.iff,179,buccaneers,2002,0,34,Brad,Johnson,QB,9,real_name_in_supplied_data,58,67,75,29,7,71,39,47,27,18,23,18,85,88,14,25,24,35,14,20,11,49,73,50,90,47,95,24
h-27-2002-buccaneers-0.iff,179,buccaneers,2002,0,35,Rob,Johnson,QB,14,real_name_in_supplied_data,63,69,69,24,5,58,13,55,26,17,21,14,78,63,9,18,21,31,11,18,9,49,71,50,71,70,62,24
h-27-2002-buccaneers-0.iff,179,buccaneers,2002,0,36,Shaun,King,QB,11,real_name_in_supplied_data,78,71,72,25,7,89,35,61,14,18,19,35,68,72,4,3,7,28,20,27,9,49,70,50,70,75,33,24
h-27-2002-buccaneers-0.iff,179,buccaneers,2002,0,37,John,Lynch,SS,10,real_name_in_supplied_data,75,77,10,84,50,73,59,73,90,40,99,10,11,11,42,24,23,48,67,97,17,99,85,1,75,5,93,68
h-27-2002-buccaneers-0.iff,179,buccaneers,2002,0,38,Buccanneers,Safety,SS,47,placeholder,83,85,11,69,17,87,47,79,53,7,42,5,11,11,3,17,18,33,38,40,15,49,37,1,20,5,16,48
h-27-2002-buccaneers-0.iff,179,buccaneers,2002,0,39,Roman,Oben,T,72,real_name_in_supplied_data,51,45,11,82,19,95,67,52,15,34,37,19,10,10,24,77,77,8,31,28,19,49,48,99,50,5,77,52
h-27-2002-buccaneers-0.iff,179,buccaneers,2002,0,40,Kenyatta,Walker,T,67,real_name_in_supplied_data,50,59,11,97,16,96,71,62,26,43,42,50,11,16,53,79,80,20,27,23,18,49,62,99,54,5,75,41
h-27-2002-buccaneers-0.iff,179,buccaneers,2002,0,41,Buccanneers,Tackle,T,74,placeholder,49,61,11,79,16,85,61,64,13,28,28,16,10,11,13,69,79,14,23,28,15,49,97,99,90,5,90,63
h-27-2002-buccaneers-0.iff,179,buccaneers,2002,0,42,Buccanneers,Tackle,T,75,placeholder,43,64,11,73,8,99,67,62,21,26,27,39,11,16,36,67,68,17,15,22,14,49,45,99,46,5,65,24
h-27-2002-buccaneers-0.iff,179,buccaneers,2002,0,43,Ken,Dilger,TE,85,real_name_in_supplied_data,65,81,26,66,14,85,51,68,9,74,14,55,24,26,76,82,85,78,8,15,16,49,39,99,62,5,22,24
h-27-2002-buccaneers-0.iff,179,buccaneers,2002,0,44,Rickey,Dudley,TE,88,real_name_in_supplied_data,84,87,10,51,7,64,45,82,13,70,10,66,11,11,64,58,62,72,6,14,10,49,40,99,32,5,19,62
h-27-2002-buccaneers-0.iff,179,buccaneers,2002,0,45,Buccanneers,Tight End,TE,80,placeholder,77,53,11,44,18,89,59,52,15,38,39,36,10,11,33,58,63,50,31,26,17,49,46,99,22,5,38,24
h-27-2002-buccaneers-0.iff,179,buccaneers,2002,0,46,Buccanneers,Tight End,TE,89,placeholder,76,78,10,30,4,81,67,67,14,36,13,31,11,11,27,64,67,58,11,24,7,49,23,99,24,5,24,23
h-27-2002-buccaneers-0.iff,179,buccaneers,2002,0,47,Keyshawn,Johnson,WR,19,real_name_in_supplied_data,85,79,15,72,12,81,40,62,14,85,10,67,16,16,84,60,62,80,7,8,16,49,56,99,57,5,99,80
h-27-2002-buccaneers-0.iff,179,buccaneers,2002,0,48,Keenan,McCardell,WR,87,real_name_in_supplied_data,86,81,15,60,11,77,37,85,8,83,15,57,16,16,87,40,40,60,12,12,15,49,73,50,70,5,98,47
h-27-2002-buccaneers-0.iff,179,buccaneers,2002,0,49,Joe,Jurevicius,WR,83,real_name_in_supplied_data,79,68,15,55,19,78,38,62,11,81,13,56,14,14,81,69,68,74,6,13,19,49,22,99,61,5,79,12
h-27-2002-buccaneers-0.iff,179,buccaneers,2002,0,50,Karl,Williams,WR,86,real_name_in_supplied_data,84,84,13,32,8,78,38,64,9,67,8,47,14,14,69,45,32,64,8,10,13,49,31,1,37,5,98,48
h-27-2002-buccaneers-0.iff,179,buccaneers,2002,0,51,Buccanneers,Receiver,WR,84,placeholder,91,76,17,53,12,61,15,86,12,55,9,38,15,16,60,39,35,67,10,5,13,49,35,50,27,5,63,49
h-27-2002-buccaneers-0.iff,179,buccaneers,2002,0,52,Charles,Lee,WR,81,real_name_in_supplied_data,83,79,13,56,14,65,34,75,12,71,14,46,13,12,75,34,30,64,14,10,15,49,35,50,20,5,67,46
h-28-1961-oilers-5.iff,180,oilers,1961,0,0,Oilers,Center,C,57,placeholder,45,63,12,98,26,96,63,55,31,17,30,23,11,10,23,95,97,10,35,40,22,49,84,99,77,5,93,68
h-28-1961-oilers-5.iff,180,oilers,1961,0,1,Oilers,Center,C,52,placeholder,53,66,12,82,21,98,57,50,30,50,37,39,11,11,42,67,70,13,41,22,22,49,54,99,45,5,75,41
h-28-1961-oilers-5.iff,180,oilers,1961,0,2,Oilers,Cornerback,CB,22,placeholder,83,88,9,55,16,87,45,64,89,10,76,7,11,10,39,14,18,37,38,65,16,49,79,1,63,5,90,56
h-28-1961-oilers-5.iff,180,oilers,1961,0,3,Oilers,Cornerback,CB,49,placeholder,75,83,9,55,16,73,39,68,89,12,79,8,11,10,47,23,25,39,40,70,19,49,64,1,54,5,90,77
h-28-1961-oilers-5.iff,180,oilers,1961,0,4,Oilers,Cornerback,CB,12,placeholder,83,81,12,55,16,97,49,92,77,6,60,4,13,11,41,18,20,30,40,51,19,49,28,1,44,5,55,43
h-28-1961-oilers-5.iff,180,oilers,1961,0,5,Oilers,Cornerback,CB,28,placeholder,87,81,12,55,16,85,41,92,72,6,77,4,13,11,26,18,20,1,40,62,19,49,28,1,39,5,55,39
h-28-1961-oilers-5.iff,180,oilers,1961,0,6,Oilers,Cornerback,CB,25,placeholder,86,90,9,49,15,86,43,81,63,9,66,6,11,10,18,9,13,35,52,52,17,49,25,1,43,5,51,24
h-28-1961-oilers-5.iff,180,oilers,1961,0,7,Oilers,Def End,DE,73,placeholder,91,88,11,60,15,79,51,82,41,25,90,33,13,11,22,21,26,12,94,83,17,49,69,99,50,5,79,85
h-28-1961-oilers-5.iff,180,oilers,1961,0,8,Oilers,Def End,DE,75,placeholder,83,71,11,67,19,70,71,79,47,15,82,29,11,11,18,21,19,24,96,79,19,49,48,99,53,5,63,57
h-28-1961-oilers-5.iff,180,oilers,1961,0,9,Oilers,Def End,DE,70,placeholder,61,71,10,72,22,88,57,73,68,24,87,37,11,11,32,23,30,24,76,77,21,49,36,99,36,5,55,85
h-28-1961-oilers-5.iff,180,oilers,1961,0,10,Oilers,Def End,DE,67,placeholder,87,68,10,67,19,98,85,70,3,23,70,35,11,11,27,26,34,18,70,52,19,49,34,99,48,5,50,24
h-28-1961-oilers-5.iff,180,oilers,1961,0,11,Oilers,Def Tackle,DT,87,placeholder,53,64,11,68,26,53,67,63,24,23,91,34,11,10,30,37,30,10,65,83,26,49,35,99,56,5,83,65
h-28-1961-oilers-5.iff,180,oilers,1961,0,12,Oilers,Def Tackle,DT,74,placeholder,64,62,11,41,24,87,75,58,24,24,84,29,10,11,30,37,30,4,47,81,24,49,42,99,59,5,69,69
h-28-1961-oilers-5.iff,180,oilers,1961,0,13,Oilers,Def Tackle,DT,71,placeholder,58,75,10,60,15,80,77,58,20,19,75,34,11,11,23,23,27,20,80,76,19,49,29,99,32,5,35,76
h-28-1961-oilers-5.iff,180,oilers,1961,0,14,Oilers,Full Back,FB,21,placeholder,84,76,16,97,24,92,47,67,15,70,10,41,14,14,88,83,80,95,7,9,26,49,65,99,72,5,28,24
h-28-1961-oilers-5.iff,180,oilers,1961,0,15,Oilers,Full Back,FB,36,placeholder,70,66,18,70,15,95,53,65,38,40,21,50,14,14,59,70,68,87,29,36,14,49,22,99,50,5,64,38
h-28-1961-oilers-5.iff,180,oilers,1961,0,16,Oilers,Safety,FS,46,placeholder,84,85,10,93,20,87,41,70,77,13,80,9,11,10,26,22,24,40,44,72,23,49,50,1,58,5,63,68
h-28-1961-oilers-5.iff,180,oilers,1961,0,17,Oilers,Safety,FS,33,placeholder,89,95,11,66,20,86,45,85,65,8,54,6,11,11,34,34,35,34,44,50,21,49,36,1,37,5,23,42
h-28-1961-oilers-5.iff,180,oilers,1961,0,18,Oilers,Safety,FS,23,placeholder,87,77,11,66,20,71,47,76,55,8,43,6,11,11,36,34,35,34,44,47,21,49,36,1,22,5,11,49
h-28-1961-oilers-5.iff,180,oilers,1961,0,19,Oilers,Guard,G,68,placeholder,54,59,14,85,19,96,65,61,27,36,32,41,11,11,40,84,86,21,31,39,17,49,78,99,62,5,85,24
h-28-1961-oilers-5.iff,180,oilers,1961,0,20,Oilers,Guard,G,66,placeholder,51,64,12,75,22,93,67,44,14,32,29,12,10,11,26,84,80,8,27,26,21,49,81,99,83,5,80,49
h-28-1961-oilers-5.iff,180,oilers,1961,0,21,Oilers,Guard,G,65,placeholder,52,57,12,69,18,96,77,45,14,37,29,32,14,11,34,65,76,10,27,24,13,49,42,99,44,5,30,46
h-28-1961-oilers-5.iff,180,oilers,1961,0,22,Oilers,Half Back,HB,29,placeholder,84,80,23,99,16,91,51,93,12,58,12,73,22,23,56,33,33,99,13,12,19,49,72,50,62,5,70,70
h-28-1961-oilers-5.iff,180,oilers,1961,0,23,Oilers,Half Back,HB,45,placeholder,89,68,28,72,11,92,67,84,30,47,22,77,27,28,53,44,27,60,16,20,13,49,39,99,38,5,54,70
h-28-1961-oilers-5.iff,180,oilers,1961,0,24,Oilers,Half Back,HB,43,placeholder,82,67,17,79,13,94,51,70,14,59,6,69,15,16,57,38,34,64,12,8,16,49,44,99,42,5,68,24
h-28-1961-oilers-5.iff,180,oilers,1961,0,25,Oilers,Half Back,HB,37,placeholder,86,63,14,72,17,90,55,76,33,43,36,57,14,14,36,28,31,62,30,27,16,49,43,1,22,5,51,41
h-28-1961-oilers-5.iff,180,oilers,1961,0,26,Oilers,Linebacker,ILB,59,placeholder,75,76,10,64,6,89,57,82,72,15,92,22,11,11,18,27,20,24,63,89,5,49,89,99,63,5,95,76
h-28-1961-oilers-5.iff,180,oilers,1961,0,27,Oilers,Linebacker,ILB,51,placeholder,72,75,10,72,10,88,65,70,76,18,62,25,11,10,16,29,22,18,50,63,9,49,32,99,28,5,24,72
h-28-1961-oilers-5.iff,180,oilers,1961,0,28,Oilers,Linebacker,ILB,32,placeholder,76,66,10,90,16,77,67,69,53,43,64,42,11,10,34,38,37,24,39,60,16,49,36,99,23,5,39,51
h-28-1961-oilers-5.iff,180,oilers,1961,0,29,Oilers,Kicker,K,1,placeholder,37,43,11,39,83,88,30,40,16,17,40,16,11,12,19,27,20,36,12,12,72,99,15,50,53,5,41,20
h-28-1961-oilers-5.iff,180,oilers,1961,0,30,Oilers,Linebacker,OLB,38,placeholder,80,77,10,99,15,79,61,59,76,23,88,31,11,10,30,34,28,28,77,83,16,49,92,99,52,5,81,83
h-28-1961-oilers-5.iff,180,oilers,1961,0,31,Oilers,Linebacker,OLB,30,placeholder,74,72,10,85,14,84,71,67,76,18,86,31,11,11,23,34,26,34,72,78,13,49,87,99,69,5,77,77
h-28-1961-oilers-5.iff,180,oilers,1961,0,32,Oilers,Linebacker,OLB,24,placeholder,82,82,10,80,8,77,63,76,59,20,75,34,11,11,13,22,16,12,60,73,10,49,34,99,35,5,43,62
h-28-1961-oilers-5.iff,180,oilers,1961,0,33,Oilers,Linebacker,OLB,35,placeholder,65,76,10,77,6,82,47,76,56,21,76,33,10,11,14,24,16,25,62,61,5,49,33,99,26,5,44,48
h-28-1961-oilers-5.iff,180,oilers,1961,0,34,Oilers,Punter,P,9,placeholder,40,47,22,43,76,81,38,39,13,13,20,14,23,23,10,18,16,34,9,12,62,1,1,50,67,5,48,24
h-28-1961-oilers-5.iff,180,oilers,1961,0,35,Oilers,Quarterback,QB,27,placeholder,68,83,77,37,14,89,39,68,30,26,37,46,90,93,26,19,21,28,35,34,16,49,89,50,88,65,78,24
h-28-1961-oilers-5.iff,180,oilers,1961,0,36,Oilers,Quarterback,QB,14,placeholder,70,68,74,37,8,72,40,61,30,19,26,17,70,78,18,29,26,18,18,22,12,49,73,50,79,30,75,24
h-28-1961-oilers-5.iff,180,oilers,1961,0,37,Oilers,Quarterback,QB,6,placeholder,61,54,51,22,4,58,13,60,24,18,22,3,40,47,9,20,21,28,11,18,8,49,58,50,50,18,56,24
h-28-1961-oilers-5.iff,180,oilers,1961,0,38,Oilers,Safety,SS,48,placeholder,83,93,10,70,12,69,53,84,72,35,70,9,11,10,5,24,18,49,45,71,16,49,62,1,43,5,83,80
h-28-1961-oilers-5.iff,180,oilers,1961,0,39,Oilers,Safety,SS,26,placeholder,85,95,11,75,19,81,51,67,65,8,65,6,11,11,35,34,39,34,49,65,21,49,36,1,34,5,36,42
h-28-1961-oilers-5.iff,180,oilers,1961,0,40,Oilers,Tackle,T,79,placeholder,28,58,11,94,21,94,69,44,16,32,36,23,10,10,32,96,91,12,34,28,19,49,75,99,69,5,85,24
h-28-1961-oilers-5.iff,180,oilers,1961,0,41,Oilers,Tackle,T,72,placeholder,43,52,11,72,7,90,62,67,23,27,28,34,11,16,32,80,83,21,15,22,11,49,46,99,58,5,75,24
h-28-1961-oilers-5.iff,180,oilers,1961,0,42,Oilers,Tackle,T,77,placeholder,51,45,11,82,19,95,67,52,15,34,37,19,10,10,24,77,77,8,31,28,19,49,48,99,50,5,77,52
h-28-1961-oilers-5.iff,180,oilers,1961,0,43,Oilers,Tackle,T,63,placeholder,62,54,12,80,20,89,67,54,16,29,29,23,11,11,26,68,62,17,30,30,19,49,93,99,77,5,82,38
h-28-1961-oilers-5.iff,180,oilers,1961,0,44,Oilers,Tight End,TE,88,placeholder,68,82,10,65,14,57,63,70,8,58,14,42,11,11,70,80,85,76,7,15,16,49,35,99,64,5,29,24
h-28-1961-oilers-5.iff,180,oilers,1961,0,45,Oilers,Tight End,TE,83,placeholder,81,81,10,30,10,84,83,85,8,51,12,62,11,10,66,76,71,67,15,13,13,49,63,99,62,5,49,24
h-28-1961-oilers-5.iff,180,oilers,1961,0,46,Oilers,Tight End,TE,85,placeholder,58,62,10,30,4,78,69,56,21,53,16,43,11,13,54,51,52,66,9,20,6,49,24,99,20,5,31,52
h-28-1961-oilers-5.iff,180,oilers,1961,0,47,Oilers,Receiver,WR,89,placeholder,90,72,15,37,5,80,45,70,6,90,12,63,14,14,89,43,41,83,6,8,9,49,15,50,61,5,97,42
h-28-1961-oilers-5.iff,180,oilers,1961,0,48,Oilers,Receiver,WR,82,placeholder,81,90,15,76,12,75,40,65,13,78,14,73,16,16,83,36,38,49,13,11,17,49,75,50,66,5,99,24
h-28-1961-oilers-5.iff,180,oilers,1961,0,49,Oilers,Receiver,WR,81,placeholder,96,83,15,72,16,47,32,82,6,86,14,41,16,17,87,46,47,80,10,7,15,49,55,50,38,5,89,80
h-28-1961-oilers-5.iff,180,oilers,1961,0,50,Oilers,Receiver,WR,80,placeholder,98,88,17,59,14,74,45,92,6,84,7,71,15,16,81,21,23,67,12,14,15,49,38,50,33,5,52,81
h-28-1961-oilers-5.iff,180,oilers,1961,0,51,Oilers,Receiver,WR,7,placeholder,89,92,15,69,14,73,33,79,11,79,9,36,16,16,79,41,41,76,8,9,19,49,46,50,41,5,74,24
h-28-1961-oilers-5.iff,180,oilers,1961,0,52,Oilers,Receiver,WR,84,placeholder,85,74,13,55,14,62,34,81,33,56,32,35,13,12,56,33,29,58,20,16,15,49,34,50,31,5,80,14
h-28-1979-oilers-2.iff,181,oilers,1979,1,0,Oilers,Center,C,55,placeholder,40,64,11,90,22,96,79,52,18,16,23,14,10,10,15,83,84,6,26,37,19,49,78,99,58,5,70,73
h-28-1979-oilers-2.iff,181,oilers,1979,1,1,Oilers,Cornerback,CB,22,placeholder,87,97,9,53,14,87,35,68,90,10,74,7,11,10,11,15,18,37,55,63,15,49,15,1,55,5,85,67
h-28-1979-oilers-2.iff,181,oilers,1979,1,2,Oilers,Cornerback,CB,36,placeholder,81,86,9,96,18,85,47,72,89,11,80,8,12,10,40,14,20,37,59,72,21,49,76,1,54,5,90,80
h-28-1979-oilers-2.iff,181,oilers,1979,1,3,Oilers,Cornerback,CB,20,placeholder,92,76,11,71,19,72,41,85,78,19,72,39,11,11,26,34,39,51,33,52,21,49,36,1,39,5,45,42
h-28-1979-oilers-2.iff,181,oilers,1979,1,4,Oilers,Cornerback,CB,33,placeholder,86,79,9,65,16,98,65,82,70,30,55,8,11,11,28,20,28,49,43,46,19,49,53,1,31,5,48,61
h-28-1979-oilers-2.iff,181,oilers,1979,1,5,Oilers,Cornerback,CB,21,placeholder,86,74,9,45,19,79,31,73,65,12,57,8,11,10,12,25,29,39,32,45,19,49,27,1,22,5,55,54
h-28-1979-oilers-2.iff,181,oilers,1979,1,6,Oilers,Def End,DE,69,placeholder,76,64,10,70,20,79,73,64,46,18,85,29,11,10,19,27,20,18,93,80,20,49,70,99,66,5,75,81
h-28-1979-oilers-2.iff,181,oilers,1979,1,7,Oilers,Def End,DE,64,placeholder,75,82,10,75,19,86,71,79,46,14,88,28,11,10,22,18,23,26,96,78,19,49,59,99,66,5,88,80
h-28-1979-oilers-2.iff,181,oilers,1979,1,8,Oilers,Def End,DE,62,placeholder,66,77,10,67,19,80,71,55,58,23,72,35,11,11,27,26,34,18,71,64,19,49,34,99,42,5,29,24
h-28-1979-oilers-2.iff,181,oilers,1979,1,9,Oilers,Def Tackle,DT,71,placeholder,72,60,11,63,22,75,71,61,20,18,98,31,11,10,20,23,22,10,97,90,21,49,92,99,65,5,98,99
h-28-1979-oilers-2.iff,181,oilers,1979,1,10,Oilers,Def Tackle,DT,72,placeholder,63,77,10,70,22,57,69,53,31,24,89,38,11,11,24,33,36,26,76,94,20,49,56,99,63,5,73,51
h-28-1979-oilers-2.iff,181,oilers,1979,1,11,Oilers,Def Tackle,DT,75,placeholder,56,68,13,67,16,72,67,82,10,22,76,30,11,11,24,23,26,10,77,74,15,49,31,99,38,5,50,42
h-28-1979-oilers-2.iff,181,oilers,1979,1,12,Oilers,Def Tackle,DT,78,placeholder,58,75,10,60,15,80,77,58,20,19,75,34,11,11,23,23,27,20,80,76,19,49,29,99,32,5,35,76
h-28-1979-oilers-2.iff,181,oilers,1979,1,13,Oilers,Full Back,FB,44,placeholder,85,83,18,92,22,91,67,67,6,65,5,91,14,16,76,67,65,65,10,14,21,49,74,99,68,5,66,66
h-28-1979-oilers-2.iff,181,oilers,1979,1,14,Oilers,Full Back,FB,47,placeholder,77,79,17,95,16,87,67,68,13,51,6,80,15,16,50,38,41,97,11,13,18,49,83,99,53,5,40,81
h-28-1979-oilers-2.iff,181,oilers,1979,1,15,Oilers,Safety,FS,37,placeholder,81,88,12,93,22,84,39,76,78,8,82,6,12,11,14,30,31,34,48,68,25,49,54,1,53,5,65,46
h-28-1979-oilers-2.iff,181,oilers,1979,1,16,Oilers,Guard,G,51,placeholder,40,47,12,76,24,97,59,41,17,32,30,18,10,10,29,85,85,7,30,28,23,49,39,99,58,5,90,42
h-28-1979-oilers-2.iff,181,oilers,1979,1,17,Oilers,Guard,G,60,placeholder,39,48,12,76,24,96,58,39,14,33,29,16,10,10,24,80,84,7,28,27,22,49,38,99,60,5,88,24
h-28-1979-oilers-2.iff,181,oilers,1979,1,18,Oilers,Guard,G,68,placeholder,41,42,11,90,17,98,69,39,13,28,26,18,10,10,17,57,61,11,24,28,16,49,47,99,49,5,81,39
h-28-1979-oilers-2.iff,181,oilers,1979,1,19,Oilers,Guard,G,61,placeholder,49,65,11,83,21,94,95,42,37,41,32,38,14,11,41,72,70,9,41,37,17,49,51,99,53,5,20,2
h-28-1979-oilers-2.iff,181,oilers,1979,1,20,Oilers,Half Back,HB,35,placeholder,86,86,17,99,16,99,67,68,13,51,6,95,15,16,50,38,41,97,11,13,18,49,83,99,89,5,99,50
h-28-1979-oilers-2.iff,181,oilers,1979,1,21,Oilers,Half Back,HB,42,placeholder,83,74,15,63,13,94,55,88,34,49,28,69,15,14,54,32,39,81,20,19,16,49,38,50,38,5,60,69
h-28-1979-oilers-2.iff,181,oilers,1979,1,22,Oilers,Half Back,HB,30,placeholder,79,70,17,69,14,87,53,68,10,48,6,78,15,16,39,40,43,64,6,14,15,49,43,50,24,5,64,83
h-28-1979-oilers-2.iff,181,oilers,1979,1,23,Oilers,Half Back,HB,23,placeholder,68,78,15,63,23,91,65,65,46,47,44,72,14,14,63,26,24,68,41,24,23,49,44,50,23,5,49,71
h-28-1979-oilers-2.iff,181,oilers,1979,1,24,Oilers,Linebacker,ILB,56,placeholder,80,77,10,79,11,86,51,70,76,23,88,26,11,10,16,30,24,18,75,89,13,49,34,99,57,5,90,71
h-28-1979-oilers-2.iff,181,oilers,1979,1,25,Oilers,Linebacker,ILB,54,placeholder,72,69,10,94,14,89,55,65,76,22,83,30,11,10,26,34,27,30,73,77,14,49,69,99,54,5,72,63
h-28-1979-oilers-2.iff,181,oilers,1979,1,26,Oilers,Linebacker,ILB,53,placeholder,72,82,10,87,13,88,63,58,70,19,83,29,11,10,28,31,25,32,63,84,13,49,77,99,36,5,79,74
h-28-1979-oilers-2.iff,181,oilers,1979,1,27,Oilers,Linebacker,ILB,66,placeholder,84,81,10,80,4,82,55,73,70,22,76,26,11,10,11,28,25,22,60,76,2,49,41,99,25,5,12,79
h-28-1979-oilers-2.iff,181,oilers,1979,1,28,Oilers,Kicker,K,13,placeholder,38,43,11,43,95,96,34,39,19,21,42,17,11,12,20,26,21,33,16,12,97,99,62,50,99,5,89,22
h-28-1979-oilers-2.iff,181,oilers,1979,1,29,Oilers,Linebacker,OLB,57,placeholder,82,86,10,99,11,84,63,64,85,20,99,28,11,10,26,27,21,26,68,98,11,49,90,99,70,5,90,82
h-28-1979-oilers-2.iff,181,oilers,1979,1,30,Oilers,Linebacker,OLB,50,placeholder,72,78,10,81,16,89,73,76,63,28,71,28,11,10,10,39,32,18,88,65,16,49,46,99,41,5,82,89
h-28-1979-oilers-2.iff,181,oilers,1979,1,31,Oilers,Linebacker,OLB,59,placeholder,74,68,10,83,6,85,63,75,73,13,76,26,11,10,11,21,16,30,55,77,6,49,49,99,42,5,59,74
h-28-1979-oilers-2.iff,181,oilers,1979,1,32,Oilers,Linebacker,OLB,58,placeholder,70,82,11,70,11,97,59,87,69,19,79,32,10,11,14,19,11,29,68,74,11,49,27,99,35,5,60,76
h-28-1979-oilers-2.iff,181,oilers,1979,1,33,Oilers,Punter,P,11,placeholder,43,48,48,46,87,78,37,50,20,19,48,17,50,45,21,19,16,36,18,12,82,1,37,50,89,5,22,24
h-28-1979-oilers-2.iff,181,oilers,1979,1,34,Oilers,Quarterback,QB,7,placeholder,58,67,75,29,7,71,39,47,27,18,23,18,85,88,14,25,24,35,14,20,11,49,73,50,90,47,95,24
h-28-1979-oilers-2.iff,181,oilers,1979,1,35,Oilers,Quarterback,QB,15,placeholder,63,69,69,24,5,58,13,55,26,17,21,14,78,63,9,18,21,31,11,18,9,49,71,50,71,70,62,24
h-28-1979-oilers-2.iff,181,oilers,1979,1,36,Oilers,Quarterback,QB,14,placeholder,78,71,72,25,7,89,35,61,14,18,19,35,68,72,4,3,7,28,20,27,9,49,70,50,70,75,33,24
h-28-1979-oilers-2.iff,181,oilers,1979,1,37,Oilers,Safety,SS,32,placeholder,75,77,10,84,50,73,59,73,90,40,99,10,11,11,42,24,23,48,67,97,17,99,85,1,75,5,93,68
h-28-1979-oilers-2.iff,181,oilers,1979,1,38,Oilers,Safety,SS,19,placeholder,85,79,12,81,19,80,45,64,66,1,53,4,13,11,14,28,26,39,60,53,20,49,44,1,33,5,81,41
h-28-1979-oilers-2.iff,181,oilers,1979,1,39,Oilers,Tackle,T,74,placeholder,44,48,11,83,19,95,69,41,15,31,36,19,10,11,26,95,99,13,30,28,18,49,88,99,85,5,95,48
h-28-1979-oilers-2.iff,181,oilers,1979,1,40,Oilers,Tackle,T,79,placeholder,44,67,12,75,14,97,71,55,24,41,30,43,11,11,38,74,82,14,27,26,16,49,51,99,52,5,71,41
h-28-1979-oilers-2.iff,181,oilers,1979,1,41,Oilers,Tackle,T,65,placeholder,51,45,11,82,19,95,67,52,15,34,37,19,10,10,24,77,77,8,31,28,19,49,48,99,50,5,77,52
h-28-1979-oilers-2.iff,181,oilers,1979,1,42,Oilers,Tackle,T,73,placeholder,43,64,11,73,8,99,67,62,21,26,27,39,11,16,36,67,68,17,15,22,14,49,45,99,46,5,65,24
h-28-1979-oilers-2.iff,181,oilers,1979,1,43,Oilers,Tight End,TE,82,placeholder,72,77,11,70,16,81,55,73,6,76,15,63,11,11,80,73,75,74,8,6,17,49,39,99,64,5,34,24
h-28-1979-oilers-2.iff,181,oilers,1979,1,44,Oilers,Tight End,TE,83,placeholder,68,82,10,65,14,57,63,70,8,58,14,42,11,11,70,80,85,76,7,15,16,49,35,99,64,5,29,24
h-28-1979-oilers-2.iff,181,oilers,1979,1,45,Oilers,Tight End,TE,80,placeholder,77,53,11,44,18,89,59,52,15,38,39,36,10,11,33,58,63,50,31,26,17,49,46,99,22,5,38,24
h-28-1979-oilers-2.iff,181,oilers,1979,1,46,Oilers,Receiver,WR,10,placeholder,85,79,15,72,12,81,40,62,14,85,10,67,16,16,84,60,62,80,7,8,16,49,56,99,57,5,99,80
h-28-1979-oilers-2.iff,181,oilers,1979,1,47,Oilers,Receiver,WR,81,placeholder,88,84,20,59,9,79,39,88,5,86,7,61,20,21,86,22,31,60,12,14,13,49,49,50,60,5,96,62
h-28-1979-oilers-2.iff,181,oilers,1979,1,48,Oilers,Receiver,WR,85,placeholder,79,68,15,55,19,78,38,62,11,81,13,56,14,14,81,69,68,74,6,13,19,49,22,99,61,5,79,12
h-28-1979-oilers-2.iff,181,oilers,1979,1,49,Oilers,Receiver,WR,12,placeholder,89,89,17,53,12,69,35,81,12,82,9,42,15,16,76,43,35,74,10,5,13,49,35,1,39,5,95,52
h-28-1979-oilers-2.iff,181,oilers,1979,1,50,Oilers,Receiver,WR,88,placeholder,91,86,17,51,10,65,29,85,7,80,11,34,14,16,73,55,32,74,10,14,10,49,32,50,22,5,79,76
h-28-1979-oilers-2.iff,181,oilers,1979,1,51,Oilers,Receiver,WR,29,placeholder,89,92,15,69,14,73,33,79,11,79,9,36,16,16,79,41,41,76,8,9,19,49,46,50,41,5,74,24
h-28-1979-oilers-2.iff,181,oilers,1979,1,52,Oilers,Receiver,WR,84,placeholder,84,84,13,32,8,78,38,64,9,67,8,47,14,14,69,45,32,64,8,10,13,49,31,1,37,5,98,48
h-28-1999-titans-0.iff,182,titans,1999,1,0,Titans,Center,C,74,placeholder,45,63,12,98,26,96,63,55,31,17,30,23,11,10,23,97,99,10,35,40,22,49,84,99,77,5,93,68
h-28-1999-titans-0.iff,182,titans,1999,1,1,Titans,Center,C,67,placeholder,46,67,12,64,23,77,61,67,11,33,29,14,10,10,24,64,61,1,28,27,21,49,33,99,40,5,61,42
h-28-1999-titans-0.iff,182,titans,1999,1,2,Samari,Rolle,CB,21,real_name_in_supplied_data,94,85,9,60,16,66,37,73,88,11,75,8,11,10,18,12,18,37,43,63,19,49,79,1,53,5,71,80
h-28-1999-titans-0.iff,182,titans,1999,1,3,Denard,Walker,CB,25,real_name_in_supplied_data,75,83,9,55,16,73,39,68,89,12,79,8,11,10,47,23,25,39,40,70,19,49,64,1,54,5,90,77
h-28-1999-titans-0.iff,182,titans,1999,1,4,Titans,Cornerback,CB,36,placeholder,92,76,11,71,19,72,41,85,78,19,72,39,11,11,26,34,39,51,33,52,21,49,36,1,39,5,45,42
h-28-1999-titans-0.iff,182,titans,1999,1,5,Dainon,Sidney,CB,37,real_name_in_supplied_data,88,86,9,51,17,69,35,85,66,11,57,8,11,10,20,20,24,37,29,49,17,49,18,1,37,5,63,61
h-28-1999-titans-0.iff,182,titans,1999,1,6,Titans,Def End,DE,92,placeholder,88,71,11,70,21,34,67,84,50,31,81,34,13,11,31,36,40,30,93,86,21,49,82,99,45,5,73,99
h-28-1999-titans-0.iff,182,titans,1999,1,7,Jevon,Kearse,DE,90,real_name_in_supplied_data,78,88,10,79,19,76,58,64,51,14,95,28,11,10,24,19,26,28,98,88,20,49,97,99,65,5,83,80
h-28-1999-titans-0.iff,182,titans,1999,1,8,Kenny,Holmes,DE,99,real_name_in_supplied_data,76,69,10,55,19,65,73,78,49,16,77,26,11,10,22,23,24,22,88,83,19,49,72,99,50,5,74,90
h-28-1999-titans-0.iff,182,titans,1999,1,9,Titans,Def End,DE,94,placeholder,77,67,11,60,19,83,59,75,37,28,72,31,13,11,26,26,25,16,74,72,19,49,30,99,45,5,58,48
h-28-1999-titans-0.iff,182,titans,1999,1,10,Titans,Def End,DE,93,placeholder,78,59,11,57,16,86,63,63,33,25,68,34,13,11,16,23,25,14,71,46,17,49,31,99,35,5,50,24
h-28-1999-titans-0.iff,182,titans,1999,1,11,Jason,Fisk,DT,97,real_name_in_supplied_data,49,63,11,64,24,84,87,52,28,23,74,31,10,10,31,36,31,4,72,69,25,49,37,99,45,5,40,72
h-28-1999-titans-0.iff,182,titans,1999,1,12,Titans,Def Tackle,DT,91,placeholder,58,75,10,60,15,80,77,58,20,19,75,34,11,11,23,23,27,20,80,76,19,49,29,99,32,5,35,76
h-28-1999-titans-0.iff,182,titans,1999,1,13,John,Thornton,DT,78,real_name_in_supplied_data,57,69,10,69,22,59,71,64,28,24,84,36,11,11,26,28,32,14,75,81,20,49,34,99,42,5,65,60
h-28-1999-titans-0.iff,182,titans,1999,1,14,Joe,Salave'A,DT,95,real_name_in_supplied_data,48,57,11,64,20,77,73,56,15,17,56,27,10,10,20,26,21,10,61,72,19,49,25,99,28,5,74,91
h-28-1999-titans-0.iff,182,titans,1999,1,15,Titans,Full Back,FB,23,placeholder,80,75,16,81,21,89,69,81,15,42,7,40,14,14,54,75,71,77,12,10,22,49,61,99,48,5,57,71
h-28-1999-titans-0.iff,182,titans,1999,1,16,Titans,Safety,FS,26,placeholder,82,77,9,92,19,68,49,70,85,12,82,8,11,10,21,21,29,39,55,78,21,49,74,1,53,5,81,89
h-28-1999-titans-0.iff,182,titans,1999,1,17,Titans,Safety,FS,28,placeholder,88,86,9,34,16,86,49,68,79,12,64,8,10,10,17,29,26,6,25,59,14,49,22,1,31,5,24,76
h-28-1999-titans-0.iff,182,titans,1999,1,18,Benji,Olson,G,75,real_name_in_supplied_data,44,53,12,68,20,95,61,50,9,27,22,9,10,10,15,84,82,2,20,26,17,49,74,99,56,5,81,46
h-28-1999-titans-0.iff,182,titans,1999,1,19,Titans,Guard,G,77,placeholder,58,51,12,75,14,95,67,62,24,41,30,43,11,11,38,86,78,14,27,26,16,49,51,99,59,5,74,43
h-28-1999-titans-0.iff,182,titans,1999,1,20,Zach,Piller,G,71,real_name_in_supplied_data,41,53,14,79,18,96,99,45,26,42,37,41,11,11,45,75,74,15,35,32,17,49,51,99,60,5,22,45
h-28-1999-titans-0.iff,182,titans,1999,1,21,Eddie,George,HB,27,real_name_in_supplied_data,86,86,17,99,16,99,67,68,13,51,6,95,15,16,50,38,41,97,11,13,18,49,83,99,89,5,99,50
h-28-1999-titans-0.iff,182,titans,1999,1,22,Lorenzo,Neal,HB,41,real_name_in_supplied_data,87,80,17,80,23,78,57,49,9,56,7,71,15,17,64,22,10,63,14,10,26,49,68,50,36,24,56,43
h-28-1999-titans-0.iff,182,titans,1999,1,23,Titans,Half Back,HB,22,placeholder,84,71,17,73,16,92,53,72,14,45,9,51,16,15,51,26,26,75,9,12,19,49,41,50,24,5,64,68
h-28-1999-titans-0.iff,182,titans,1999,1,24,Titans,Linebacker,ILB,57,placeholder,79,69,10,97,13,54,63,70,74,20,86,29,11,10,23,31,25,30,76,88,13,49,86,99,53,5,89,75
h-28-1999-titans-0.iff,182,titans,1999,1,25,Titans,Linebacker,ILB,50,placeholder,72,69,10,94,14,89,55,65,76,22,83,30,11,10,26,34,27,30,73,77,14,49,69,99,54,5,72,63
h-28-1999-titans-0.iff,182,titans,1999,1,26,Titans,Linebacker,ILB,54,placeholder,74,70,10,83,10,79,51,72,70,18,77,25,11,10,16,30,26,24,59,78,10,49,29,99,25,5,64,57
h-28-1999-titans-0.iff,182,titans,1999,1,27,Titans,Linebacker,ILB,59,placeholder,62,72,10,71,13,76,67,56,72,24,79,26,10,11,16,33,29,24,56,76,13,49,59,99,25,5,68,62
h-28-1999-titans-0.iff,182,titans,1999,1,28,Titans,Kicker,K,8,placeholder,37,45,11,37,83,98,30,43,16,16,25,15,11,12,20,25,20,36,12,12,83,99,32,50,88,5,60,24
h-28-1999-titans-0.iff,182,titans,1999,1,29,Titans,Linebacker,OLB,55,placeholder,86,85,10,84,9,85,75,82,69,23,88,35,11,11,18,29,21,26,74,90,11,49,43,99,61,5,67,51
h-28-1999-titans-0.iff,182,titans,1999,1,30,Titans,Linebacker,OLB,52,placeholder,67,78,10,90,13,88,59,72,78,26,76,35,11,11,20,60,30,20,68,82,13,49,47,99,48,5,70,50
h-28-1999-titans-0.iff,182,titans,1999,1,31,Greg,Favors,OLB,51,real_name_in_supplied_data,68,77,10,84,11,87,49,64,74,22,78,26,11,10,19,29,24,16,58,76,13,49,30,99,20,5,74,92
h-28-1999-titans-0.iff,182,titans,1999,1,32,Craig,Hentrich,P,15,real_name_in_supplied_data,45,40,25,37,75,96,31,35,11,13,20,13,22,25,1,8,5,30,5,11,89,1,1,50,68,5,88,24
h-28-1999-titans-0.iff,182,titans,1999,1,33,Steve,Mcnair,QB,9,real_name_in_supplied_data,80,80,90,40,11,44,47,76,30,19,26,57,84,85,7,23,20,28,16,19,14,49,96,50,92,89,68,24
h-28-1999-titans-0.iff,182,titans,1999,1,34,Titans,Quarterback,QB,14,placeholder,63,70,71,37,8,80,38,53,30,22,30,17,73,81,16,31,28,28,19,20,12,49,74,50,70,40,74,24
h-28-1999-titans-0.iff,182,titans,1999,1,35,Titans,Quarterback,QB,16,placeholder,78,71,72,25,7,89,35,61,14,18,19,35,68,72,4,3,7,28,20,27,9,49,70,50,70,75,33,24
h-28-1999-titans-0.iff,182,titans,1999,1,36,Titans,Safety,SS,38,placeholder,88,81,10,91,14,46,51,75,82,35,83,9,11,10,23,19,20,49,53,85,19,49,49,1,61,5,95,65
h-28-1999-titans-0.iff,182,titans,1999,1,37,Titans,Safety,SS,34,placeholder,85,95,11,75,19,81,51,67,65,8,65,6,11,11,35,34,39,34,49,65,21,49,36,1,34,5,36,42
h-28-1999-titans-0.iff,182,titans,1999,1,38,Titans,Safety,SS,24,placeholder,84,73,12,79,17,64,39,73,62,10,48,38,12,11,28,36,33,50,46,47,20,49,35,1,23,5,32,45
h-28-1999-titans-0.iff,182,titans,1999,1,39,Jon,Runyan,T,69,real_name_in_supplied_data,43,56,11,86,19,94,69,41,15,29,29,20,10,10,26,93,90,13,30,28,18,49,80,99,69,5,76,49
h-28-1999-titans-0.iff,182,titans,1999,1,40,Brad,Hopkins,T,72,real_name_in_supplied_data,49,67,12,89,20,81,63,70,16,34,30,23,11,11,21,80,91,9,31,30,19,49,52,99,74,5,95,46
h-28-1999-titans-0.iff,182,titans,1999,1,41,Titans,Tackle,T,63,placeholder,48,63,11,87,16,86,77,73,13,28,24,16,10,11,21,72,72,11,26,27,15,49,50,99,51,5,38,14
h-28-1999-titans-0.iff,182,titans,1999,1,42,Jason,Mathews,T,76,real_name_in_supplied_data,56,70,11,58,18,71,59,48,15,32,30,16,10,10,24,63,53,9,28,27,17,49,48,99,32,5,14,46
h-28-1999-titans-0.iff,182,titans,1999,1,43,Frank,Wycheck,TE,89,real_name_in_supplied_data,65,68,22,67,14,72,47,55,12,82,7,49,21,22,85,71,74,59,14,12,17,49,84,99,71,5,97,24
h-28-1999-titans-0.iff,182,titans,1999,1,44,Titans,Tight End,TE,81,placeholder,68,82,10,65,14,57,63,70,8,58,14,42,11,11,70,80,85,76,7,15,16,49,35,99,64,5,29,24
h-28-1999-titans-0.iff,182,titans,1999,1,45,Titans,Tight End,TE,84,placeholder,64,71,10,46,8,76,55,67,9,52,12,32,11,12,77,73,75,65,14,14,11,49,31,99,37,5,29,23
h-28-1999-titans-0.iff,182,titans,1999,1,46,Titans,Tight End,TE,80,placeholder,76,76,10,86,16,69,55,76,7,58,11,47,11,13,54,70,68,75,5,6,11,49,38,99,36,5,37,40
h-28-1999-titans-0.iff,182,titans,1999,1,47,Kevin,Dyson,WR,87,real_name_in_supplied_data,91,86,15,41,7,5,48,79,5,81,7,55,14,14,76,39,39,59,12,15,11,49,19,50,53,5,94,56
h-28-1999-titans-0.iff,182,titans,1999,1,48,Derrick,Mason,WR,85,real_name_in_supplied_data,85,70,13,58,16,52,50,64,20,89,12,80,14,14,90,44,46,61,12,7,20,49,39,50,58,5,99,56
h-28-1999-titans-0.iff,182,titans,1999,1,49,Titans,Receiver,WR,82,placeholder,88,84,20,59,9,79,39,88,5,86,7,61,20,21,86,22,31,60,12,14,13,49,49,50,60,5,96,62
h-28-1999-titans-0.iff,182,titans,1999,1,50,Titans,Receiver,WR,88,placeholder,85,83,17,49,9,80,58,72,9,79,9,44,14,16,78,31,22,76,9,10,10,49,31,50,54,5,99,44
h-28-1999-titans-0.iff,182,titans,1999,1,51,Titans,Receiver,WR,86,placeholder,88,65,15,42,10,99,37,81,28,78,24,49,13,13,74,42,33,65,9,14,12,49,28,50,45,5,84,17
h-28-1999-titans-0.iff,182,titans,1999,1,52,Titans,Receiver,WR,83,placeholder,85,91,13,34,9,64,40,92,38,76,29,33,14,14,79,44,39,65,20,16,14,49,24,50,20,5,82,52
h-29-1982-redskins-2.iff,183,redskins,1982,1,0,Redskins,Center,C,56,placeholder,41,59,11,95,23,94,77,52,28,17,26,16,10,10,20,72,70,8,30,37,20,49,86,99,64,5,60,48
h-29-1982-redskins-2.iff,183,redskins,1982,1,1,Redskins,Cornerback,CB,37,placeholder,91,90,11,83,19,74,43,82,91,10,79,7,11,11,18,43,48,60,54,73,20,49,80,1,50,5,75,95
h-29-1982-redskins-2.iff,183,redskins,1982,1,2,Redskins,Cornerback,CB,44,placeholder,83,88,9,55,16,87,45,64,89,10,76,7,11,10,39,14,18,37,38,65,16,49,79,1,63,5,90,56
h-29-1982-redskins-2.iff,183,redskins,1982,1,3,Redskins,Cornerback,CB,27,placeholder,92,99,11,71,19,72,39,92,80,19,44,39,11,11,48,34,39,51,29,36,21,49,36,1,45,5,55,42
h-29-1982-redskins-2.iff,183,redskins,1982,1,4,Redskins,Cornerback,CB,47,placeholder,89,83,11,62,16,64,47,78,78,8,71,6,11,11,32,26,31,34,45,65,17,49,67,1,46,5,56,52
h-29-1982-redskins-2.iff,183,redskins,1982,1,5,Redskins,Cornerback,CB,43,placeholder,86,84,9,60,17,74,47,73,73,10,70,7,11,10,15,19,20,37,38,62,19,49,20,1,50,5,88,55
h-29-1982-redskins-2.iff,183,redskins,1982,1,6,Redskins,Cornerback,CB,21,placeholder,91,74,11,72,21,76,35,77,83,8,75,6,11,11,35,46,43,34,53,62,22,49,35,1,32,5,55,76
h-29-1982-redskins-2.iff,183,redskins,1982,1,7,Redskins,Cornerback,CB,29,placeholder,76,72,8,99,28,75,37,85,54,20,56,7,10,10,50,38,43,46,68,45,29,49,50,1,20,5,55,58
h-29-1982-redskins-2.iff,183,redskins,1982,1,8,Redskins,Def End,DE,77,placeholder,75,82,10,75,19,86,71,79,46,14,88,28,11,10,22,18,23,26,96,78,19,49,59,99,66,5,88,80
h-29-1982-redskins-2.iff,183,redskins,1982,1,9,Redskins,Def End,DE,73,placeholder,83,78,10,58,23,77,55,79,39,18,85,23,11,11,19,28,20,14,92,78,24,49,69,99,50,5,64,82
h-29-1982-redskins-2.iff,183,redskins,1982,1,10,Redskins,Def End,DE,72,placeholder,80,74,10,60,19,79,69,59,49,17,77,26,11,10,23,23,24,20,79,76,20,49,64,99,50,5,71,72
h-29-1982-redskins-2.iff,183,redskins,1982,1,11,Redskins,Def End,DE,70,placeholder,72,60,11,55,12,87,57,60,47,25,67,32,13,11,19,22,25,22,74,58,13,49,29,99,36,5,83,73
h-29-1982-redskins-2.iff,183,redskins,1982,1,12,Redskins,Def End,DE,71,placeholder,67,72,11,61,16,45,67,73,39,25,58,30,13,11,20,27,28,14,73,80,14,49,27,99,35,5,34,55
h-29-1982-redskins-2.iff,183,redskins,1982,1,13,Redskins,Def Tackle,DT,64,placeholder,50,63,11,57,22,85,77,64,18,14,77,31,11,11,24,29,26,22,78,78,20,49,62,99,63,5,72,74
h-29-1982-redskins-2.iff,183,redskins,1982,1,14,Redskins,Def Tackle,DT,75,placeholder,63,68,11,63,15,89,73,56,54,28,82,33,13,11,20,25,29,22,74,79,17,49,31,99,42,5,60,66
h-29-1982-redskins-2.iff,183,redskins,1982,1,15,Redskins,Def Tackle,DT,69,placeholder,59,69,10,76,22,89,63,58,24,25,81,33,11,11,31,24,33,14,74,80,19,49,70,99,36,5,65,80
h-29-1982-redskins-2.iff,183,redskins,1982,1,16,Redskins,Full Back,FB,45,placeholder,83,82,18,92,22,95,82,70,6,68,5,93,14,16,70,79,79,86,10,14,21,49,74,99,75,5,99,99
h-29-1982-redskins-2.iff,183,redskins,1982,1,17,Redskins,Full Back,FB,48,placeholder,82,70,16,79,16,92,63,58,11,29,6,59,13,13,44,49,55,72,10,14,15,49,36,99,28,5,19,9
h-29-1982-redskins-2.iff,183,redskins,1982,1,18,Redskins,Safety,FS,20,placeholder,82,86,9,90,23,87,41,64,77,11,82,8,11,10,26,35,30,37,36,74,24,49,45,1,55,5,88,67
h-29-1982-redskins-2.iff,183,redskins,1982,1,19,Redskins,Guard,G,66,placeholder,42,60,12,87,25,96,73,48,16,31,33,22,10,10,24,88,83,9,30,28,23,49,80,99,81,5,84,24
h-29-1982-redskins-2.iff,183,redskins,1982,1,20,Redskins,Guard,G,61,placeholder,48,62,11,99,25,97,61,50,34,20,29,20,10,10,23,87,81,7,37,37,23,49,58,99,70,5,95,49
h-29-1982-redskins-2.iff,183,redskins,1982,1,21,Redskins,Guard,G,76,placeholder,41,57,12,78,22,95,79,42,13,28,29,15,10,11,23,70,69,12,26,28,20,49,73,99,68,5,21,41
h-29-1982-redskins-2.iff,183,redskins,1982,1,22,Redskins,Guard,G,78,placeholder,48,62,12,73,23,98,57,52,14,35,32,14,10,10,31,70,72,4,30,27,23,49,39,99,42,5,73,49
h-29-1982-redskins-2.iff,183,redskins,1982,1,23,Redskins,Half Back,HB,24,placeholder,84,69,15,92,14,79,63,68,8,49,9,88,14,14,44,36,47,77,7,9,16,49,66,99,64,5,82,50
h-29-1982-redskins-2.iff,183,redskins,1982,1,24,Redskins,Half Back,HB,31,placeholder,90,72,17,67,9,92,55,79,37,59,30,76,14,14,55,10,12,64,20,28,11,49,38,1,51,5,78,46
h-29-1982-redskins-2.iff,183,redskins,1982,1,25,Redskins,Half Back,HB,30,placeholder,82,67,17,79,13,94,51,70,14,59,6,69,15,16,57,38,34,64,12,8,16,49,44,99,42,5,68,24
h-29-1982-redskins-2.iff,183,redskins,1982,1,26,Redskins,Half Back,HB,39,placeholder,89,72,23,82,13,94,57,92,12,50,6,77,19,20,61,38,30,72,8,6,12,49,43,99,36,24,41,60
h-29-1982-redskins-2.iff,183,redskins,1982,1,27,Redskins,Half Back,HB,49,placeholder,88,79,17,65,16,72,47,76,13,48,8,75,14,14,49,49,35,90,6,13,19,49,38,99,40,24,41,41
h-29-1982-redskins-2.iff,183,redskins,1982,1,28,Redskins,Linebacker,ILB,55,placeholder,66,64,11,63,1,86,55,78,76,16,93,30,10,11,9,14,7,5,72,93,1,49,21,99,51,5,74,48
h-29-1982-redskins-2.iff,183,redskins,1982,1,29,Redskins,Linebacker,ILB,57,placeholder,83,70,10,79,9,78,73,70,74,13,80,33,11,11,21,27,22,28,51,78,5,49,61,99,54,5,60,24
h-29-1982-redskins-2.iff,183,redskins,1982,1,30,Redskins,Linebacker,ILB,53,placeholder,77,76,10,79,11,87,65,68,74,21,82,25,11,10,19,30,23,16,71,76,11,49,28,99,44,5,65,74
h-29-1982-redskins-2.iff,183,redskins,1982,1,31,Redskins,Linebacker,ILB,51,placeholder,84,86,10,79,9,52,61,70,63,13,76,33,11,11,21,27,22,28,59,74,5,49,61,99,45,5,53,24
h-29-1982-redskins-2.iff,183,redskins,1982,1,32,Redskins,Kicker,K,8,placeholder,38,43,11,43,95,96,34,39,19,21,42,17,11,12,20,26,21,33,16,12,97,99,62,50,99,5,89,22
h-29-1982-redskins-2.iff,183,redskins,1982,1,33,Redskins,Linebacker,OLB,59,placeholder,59,68,10,93,13,69,77,72,76,18,80,30,11,10,30,33,27,36,74,80,14,49,39,99,54,5,51,54
h-29-1982-redskins-2.iff,183,redskins,1982,1,34,Redskins,Linebacker,OLB,52,placeholder,82,71,10,97,10,85,53,72,72,19,86,28,11,10,21,25,20,26,54,84,11,49,65,99,52,5,90,82
h-29-1982-redskins-2.iff,183,redskins,1982,1,35,Redskins,Linebacker,OLB,58,placeholder,82,79,10,79,6,94,59,64,78,21,59,34,11,11,16,26,18,26,79,76,8,49,39,99,48,5,37,24
h-29-1982-redskins-2.iff,183,redskins,1982,1,36,Redskins,Linebacker,OLB,54,placeholder,71,76,10,72,6,55,53,68,70,16,64,23,11,10,19,23,19,20,45,52,6,49,22,99,20,5,36,87
h-29-1982-redskins-2.iff,183,redskins,1982,1,37,Redskins,Punter,P,5,placeholder,43,48,21,49,82,76,37,49,19,20,46,17,23,21,15,23,14,28,16,12,80,1,32,50,80,5,62,24
h-29-1982-redskins-2.iff,183,redskins,1982,1,38,Redskins,Quarterback,QB,7,placeholder,66,64,93,50,9,84,43,56,26,21,31,22,93,96,21,30,28,29,20,22,13,49,92,50,78,30,85,24
h-29-1982-redskins-2.iff,183,redskins,1982,1,39,Redskins,Quarterback,QB,3,placeholder,53,57,80,29,16,50,38,48,33,27,32,46,76,68,25,20,20,28,35,31,16,49,50,50,53,23,40,24
h-29-1982-redskins-2.iff,183,redskins,1982,1,40,Redskins,Safety,SS,26,placeholder,75,77,10,84,50,73,59,73,90,40,99,10,11,11,42,24,23,48,67,97,17,99,85,1,75,5,93,68
h-29-1982-redskins-2.iff,183,redskins,1982,1,41,Redskins,Tackle,T,63,placeholder,55,62,11,89,17,95,81,59,13,29,34,15,10,10,26,91,94,12,28,28,17,49,92,99,69,5,65,60
h-29-1982-redskins-2.iff,183,redskins,1982,1,42,Redskins,Tackle,T,74,placeholder,48,58,11,82,16,97,77,50,24,32,32,47,11,17,43,77,77,19,23,23,16,49,55,99,52,5,48,39
h-29-1982-redskins-2.iff,183,redskins,1982,1,43,Redskins,Tackle,T,67,placeholder,48,64,12,71,4,90,69,48,1,29,16,36,11,11,11,60,60,20,18,32,7,49,31,99,36,5,56,41
h-29-1982-redskins-2.iff,183,redskins,1982,1,44,Redskins,Tight End,TE,84,placeholder,81,81,10,30,10,84,83,85,8,51,12,62,11,10,66,76,71,67,15,13,13,49,63,99,62,5,49,24
h-29-1982-redskins-2.iff,183,redskins,1982,1,45,Redskins,Tight End,TE,83,placeholder,79,79,10,46,8,74,75,67,9,64,12,40,11,12,66,46,43,65,14,14,11,49,31,99,39,5,59,24
h-29-1982-redskins-2.iff,183,redskins,1982,1,46,Redskins,Tight End,TE,85,placeholder,64,78,10,30,4,82,51,82,21,53,16,48,11,13,58,66,68,66,9,20,6,49,24,99,27,5,36,42
h-29-1982-redskins-2.iff,183,redskins,1982,1,47,Redskins,Tight End,TE,81,placeholder,66,81,10,44,5,80,65,67,20,54,20,41,11,13,52,63,62,67,9,20,7,49,25,99,25,5,29,51
h-29-1982-redskins-2.iff,183,redskins,1982,1,48,Redskins,Tight End,TE,82,placeholder,58,62,10,30,4,78,69,56,21,53,16,43,11,13,54,51,52,66,9,20,6,49,24,99,20,5,31,52
h-29-1982-redskins-2.iff,183,redskins,1982,1,49,Redskins,Receiver,WR,88,placeholder,98,92,15,70,11,87,34,76,9,98,9,75,16,15,98,30,37,90,7,10,16,49,89,1,86,5,99,20
h-29-1982-redskins-2.iff,183,redskins,1982,1,50,Redskins,Receiver,WR,86,placeholder,91,89,15,73,17,89,33,84,6,94,12,78,16,17,90,46,43,85,8,7,16,49,79,50,54,5,99,89
h-29-1982-redskins-2.iff,183,redskins,1982,1,51,Redskins,Receiver,WR,80,placeholder,88,84,20,59,9,79,39,88,5,86,7,61,20,21,86,22,31,60,12,14,13,49,49,50,60,5,96,62
h-29-1982-redskins-2.iff,183,redskins,1982,1,52,Redskins,Receiver,WR,89,placeholder,89,92,15,69,14,73,33,79,11,79,9,36,16,16,79,41,41,76,8,9,19,49,46,50,41,5,74,24
h-29-1987-redskins-2.iff,184,redskins,1987,0,0,Redskins,Center,C,56,placeholder,40,64,11,90,22,96,79,52,18,16,23,14,10,10,15,83,84,6,26,37,19,49,78,99,58,5,70,73
h-29-1987-redskins-2.iff,184,redskins,1987,0,1,Redskins,Center,C,73,placeholder,50,51,10,73,17,58,61,56,14,34,45,12,10,10,28,46,43,7,46,42,16,49,48,99,26,5,70,39
h-29-1987-redskins-2.iff,184,redskins,1987,0,2,Redskins,Cornerback,CB,44,placeholder,87,86,9,70,18,83,45,82,95,14,74,10,11,11,42,19,26,43,30,60,19,49,84,1,79,5,86,78
h-29-1987-redskins-2.iff,184,redskins,1987,0,3,Redskins,Cornerback,CB,28,placeholder,91,92,9,81,17,33,49,95,92,13,78,9,11,10,35,20,24,60,39,76,19,49,82,1,64,5,69,24
h-29-1987-redskins-2.iff,184,redskins,1987,0,4,Redskins,Cornerback,CB,35,placeholder,85,98,12,53,17,87,49,99,70,14,72,10,12,13,23,5,5,60,30,59,15,49,32,1,42,5,51,60
h-29-1987-redskins-2.iff,184,redskins,1987,0,5,Redskins,Def End,DE,78,placeholder,78,88,10,79,19,76,58,64,51,14,95,28,11,10,24,19,26,28,98,88,20,49,97,99,65,5,83,80
h-29-1987-redskins-2.iff,184,redskins,1987,0,6,Redskins,Def End,DE,98,placeholder,61,71,10,72,22,88,57,73,68,24,87,37,11,11,32,23,30,24,76,77,21,49,36,99,36,5,55,85
h-29-1987-redskins-2.iff,184,redskins,1987,0,7,Redskins,Def End,DE,74,placeholder,66,77,10,67,19,80,71,55,58,23,72,35,11,11,27,26,34,18,71,64,19,49,34,99,42,5,29,24
h-29-1987-redskins-2.iff,184,redskins,1987,0,8,Redskins,Def Tackle,DT,64,placeholder,53,67,10,61,19,94,69,67,21,24,88,33,11,11,30,26,30,14,60,86,19,49,38,99,52,5,72,70
h-29-1987-redskins-2.iff,184,redskins,1987,0,9,Redskins,Def Tackle,DT,77,placeholder,61,69,11,90,24,85,69,52,24,21,89,34,11,10,24,25,25,10,79,85,25,49,82,99,63,5,81,85
h-29-1987-redskins-2.iff,184,redskins,1987,0,10,Redskins,Def Tackle,DT,94,placeholder,54,69,10,60,19,85,59,56,42,17,79,25,10,10,23,32,28,14,74,75,17,49,23,99,42,5,68,71
h-29-1987-redskins-2.iff,184,redskins,1987,0,11,Redskins,Def Tackle,DT,72,placeholder,58,75,10,60,15,80,77,58,20,19,75,34,11,11,23,23,27,20,80,76,19,49,29,99,32,5,35,76
h-29-1987-redskins-2.iff,184,redskins,1987,0,12,Redskins,Full Back,FB,31,placeholder,84,76,16,97,24,92,47,67,15,70,10,41,14,14,88,83,80,95,7,9,26,49,65,99,72,5,28,24
h-29-1987-redskins-2.iff,184,redskins,1987,0,13,Redskins,Full Back,FB,23,placeholder,83,72,18,99,23,95,57,71,9,51,6,33,14,14,62,75,74,92,14,10,25,49,44,99,51,5,27,44
h-29-1987-redskins-2.iff,184,redskins,1987,0,14,Redskins,Safety,FS,49,placeholder,86,90,12,83,19,86,47,76,86,8,88,6,12,11,35,29,26,34,49,88,21,49,84,1,63,5,75,52
h-29-1987-redskins-2.iff,184,redskins,1987,0,15,Redskins,Safety,FS,41,placeholder,82,79,9,56,7,87,43,79,60,25,71,8,11,10,1,9,5,46,28,64,11,49,63,1,43,5,34,55
h-29-1987-redskins-2.iff,184,redskins,1987,0,16,Redskins,Guard,G,66,placeholder,39,48,12,76,24,96,58,39,14,33,29,16,10,10,24,80,84,7,28,27,22,49,38,99,60,5,88,24
h-29-1987-redskins-2.iff,184,redskins,1987,0,17,Redskins,Guard,G,69,placeholder,50,51,12,71,19,94,63,48,6,24,22,9,10,10,10,76,87,8,16,27,15,49,69,99,56,5,49,42
h-29-1987-redskins-2.iff,184,redskins,1987,0,18,Redskins,Guard,G,70,placeholder,48,62,12,73,23,98,57,52,14,35,32,14,10,10,31,70,72,4,30,27,23,49,39,99,42,5,73,49
h-29-1987-redskins-2.iff,184,redskins,1987,0,19,Redskins,Guard,G,68,placeholder,41,44,11,50,22,96,73,58,11,30,23,16,10,10,13,70,63,1,23,28,19,49,37,99,47,5,45,14
h-29-1987-redskins-2.iff,184,redskins,1987,0,20,Redskins,Half Back,HB,25,placeholder,85,79,17,95,16,87,67,68,13,51,6,80,15,16,50,38,41,97,11,13,18,49,83,99,53,5,40,81
h-29-1987-redskins-2.iff,184,redskins,1987,0,21,Redskins,Half Back,HB,34,placeholder,79,68,15,63,23,94,59,67,46,57,44,71,14,14,59,43,42,98,41,24,23,49,44,50,40,5,59,71
h-29-1987-redskins-2.iff,184,redskins,1987,0,22,Redskins,Half Back,HB,20,placeholder,82,67,17,79,13,94,51,70,14,59,6,69,15,16,57,38,34,64,12,8,16,49,44,99,42,5,68,24
h-29-1987-redskins-2.iff,184,redskins,1987,0,23,Redskins,Half Back,HB,21,placeholder,79,57,17,69,14,89,47,70,10,50,6,74,15,16,41,33,30,91,6,14,15,49,43,50,35,5,66,24
h-29-1987-redskins-2.iff,184,redskins,1987,0,24,Redskins,Half Back,HB,33,placeholder,87,80,17,80,23,78,57,49,9,56,7,71,15,17,64,22,10,63,14,10,26,49,68,50,36,24,56,43
h-29-1987-redskins-2.iff,184,redskins,1987,0,25,Redskins,Linebacker,ILB,55,placeholder,81,82,10,92,11,87,73,70,82,23,99,38,11,11,23,33,29,24,78,99,11,49,82,99,63,5,70,63
h-29-1987-redskins-2.iff,184,redskins,1987,0,26,Redskins,Linebacker,ILB,54,placeholder,73,75,10,84,9,85,69,67,70,23,76,35,11,11,26,27,21,22,73,70,7,49,39,99,42,5,70,66
h-29-1987-redskins-2.iff,184,redskins,1987,0,27,Redskins,Linebacker,ILB,59,placeholder,77,76,10,88,11,68,67,64,69,23,79,35,11,11,20,31,28,24,65,78,10,49,57,99,37,5,44,67
h-29-1987-redskins-2.iff,184,redskins,1987,0,28,Redskins,Linebacker,ILB,53,placeholder,83,86,10,62,4,63,73,85,64,17,67,28,11,11,13,12,8,10,66,72,4,49,30,99,43,5,1,24
h-29-1987-redskins-2.iff,184,redskins,1987,0,29,Redskins,Kicker,K,4,placeholder,44,48,11,60,92,97,36,51,34,36,50,34,14,11,50,45,40,28,47,36,88,99,38,50,61,5,50,41
h-29-1987-redskins-2.iff,184,redskins,1987,0,30,Redskins,Kicker,K,6,placeholder,39,47,11,44,81,97,33,41,24,25,35,26,11,13,28,31,28,34,23,14,80,99,37,50,40,5,50,20
h-29-1987-redskins-2.iff,184,redskins,1987,0,31,Redskins,Kicker,K,5,placeholder,37,43,11,39,83,88,30,40,16,17,40,16,11,12,19,27,20,36,12,12,72,99,15,50,53,5,41,20
h-29-1987-redskins-2.iff,184,redskins,1987,0,32,Redskins,Linebacker,OLB,58,placeholder,63,82,10,81,13,87,53,78,76,21,91,26,11,10,23,33,28,26,94,91,13,49,35,99,59,5,90,47
h-29-1987-redskins-2.iff,184,redskins,1987,0,33,Redskins,Linebacker,OLB,57,placeholder,76,94,10,83,11,87,73,72,71,20,84,26,11,10,15,35,27,20,79,69,11,49,52,99,43,5,48,83
h-29-1987-redskins-2.iff,184,redskins,1987,0,34,Redskins,Linebacker,OLB,52,placeholder,81,77,10,85,13,84,61,67,71,23,78,26,11,10,18,32,23,20,74,71,13,49,34,99,52,5,37,72
h-29-1987-redskins-2.iff,184,redskins,1987,0,35,Redskins,Linebacker,OLB,99,placeholder,75,68,10,67,19,87,61,76,61,23,67,35,11,11,27,26,34,18,73,69,19,49,34,99,32,5,50,46
h-29-1987-redskins-2.iff,184,redskins,1987,0,36,Redskins,Linebacker,OLB,51,placeholder,67,79,10,77,6,69,65,81,56,19,62,33,11,11,13,22,17,22,68,64,4,49,33,99,38,5,41,24
h-29-1987-redskins-2.iff,184,redskins,1987,0,37,Redskins,Punter,P,12,placeholder,85,46,20,60,91,98,32,49,19,22,31,16,26,20,15,13,12,24,16,12,87,1,8,50,70,5,88,24
h-29-1987-redskins-2.iff,184,redskins,1987,0,38,Redskins,Quarterback,QB,17,placeholder,84,77,86,38,19,84,41,75,39,33,41,46,78,79,35,24,24,30,38,27,22,49,83,50,80,80,70,24
h-29-1987-redskins-2.iff,184,redskins,1987,0,39,Redskins,Quarterback,QB,19,placeholder,65,73,88,50,11,89,39,59,29,28,29,22,76,84,40,34,29,11,22,22,14,49,76,50,81,45,86,24
h-29-1987-redskins-2.iff,184,redskins,1987,0,40,Redskins,Quarterback,QB,14,placeholder,68,62,79,29,11,96,22,59,34,28,34,22,74,68,26,34,31,28,26,20,16,49,50,50,58,10,78,24
h-29-1987-redskins-2.iff,184,redskins,1987,0,41,Redskins,Safety,SS,27,placeholder,88,81,10,91,14,46,51,75,82,35,83,9,11,10,23,19,20,49,53,85,19,49,49,1,61,5,95,65
h-29-1987-redskins-2.iff,184,redskins,1987,0,42,Redskins,Tackle,T,63,placeholder,28,45,11,79,17,95,73,52,14,27,27,16,10,11,23,94,93,14,26,28,16,49,82,99,87,5,95,48
h-29-1987-redskins-2.iff,184,redskins,1987,0,43,Redskins,Tackle,T,76,placeholder,44,67,12,75,14,97,71,55,24,41,30,43,11,11,38,74,82,14,27,26,16,49,51,99,52,5,71,41
h-29-1987-redskins-2.iff,184,redskins,1987,0,44,Redskins,Tackle,T,60,placeholder,46,63,11,71,14,94,61,58,3,19,13,1,10,10,2,70,65,7,8,26,11,49,20,99,38,5,60,46
h-29-1987-redskins-2.iff,184,redskins,1987,0,45,Redskins,Tight End,TE,83,placeholder,73,64,10,13,5,87,49,66,28,81,19,58,11,10,86,67,66,76,8,22,8,49,13,99,51,5,86,60
h-29-1987-redskins-2.iff,184,redskins,1987,0,46,Redskins,Tight End,TE,37,placeholder,82,71,13,37,5,76,55,79,6,69,4,56,14,14,75,52,55,70,4,9,10,49,26,99,39,5,56,58
h-29-1987-redskins-2.iff,184,redskins,1987,0,47,Redskins,Tight End,TE,84,placeholder,85,77,12,49,13,75,45,82,29,75,31,47,14,13,72,62,60,57,28,26,13,49,35,99,34,5,36,24
h-29-1987-redskins-2.iff,184,redskins,1987,0,48,Redskins,Receiver,WR,88,placeholder,81,71,28,67,17,89,42,79,50,94,47,68,29,26,92,44,42,84,30,18,17,49,45,50,63,5,98,44
h-29-1987-redskins-2.iff,184,redskins,1987,0,49,Redskins,Receiver,WR,85,placeholder,81,83,15,99,14,90,76,89,6,96,15,89,16,16,94,53,53,90,11,5,18,49,90,38,89,5,99,99
h-29-1987-redskins-2.iff,184,redskins,1987,0,50,Redskins,Receiver,WR,86,placeholder,84,83,15,74,12,58,47,67,14,83,10,60,16,15,84,47,46,78,15,10,16,49,58,50,61,5,95,55
h-29-1987-redskins-2.iff,184,redskins,1987,0,51,Redskins,Receiver,WR,80,placeholder,85,83,17,49,9,80,58,72,9,79,9,44,14,16,78,31,22,76,9,10,10,49,31,50,54,5,99,44
h-29-1987-redskins-2.iff,184,redskins,1987,0,52,Redskins,Receiver,WR,81,placeholder,89,92,15,69,14,73,33,79,11,79,9,36,16,16,79,41,41,76,8,9,19,49,46,50,41,5,74,24
h-29-1991-redskins-2.iff,185,redskins,1991,0,0,Redskins,Center,C,56,placeholder,41,59,11,95,23,94,77,52,28,17,26,16,10,10,20,72,70,8,30,37,20,49,86,99,64,5,60,48
h-29-1991-redskins-2.iff,185,redskins,1991,0,1,Redskins,Center,C,61,placeholder,53,66,12,82,21,98,57,50,30,50,37,39,11,11,42,67,70,13,41,22,22,49,54,99,45,5,75,41
h-29-1991-redskins-2.iff,185,redskins,1991,0,2,Redskins,Cornerback,CB,28,placeholder,91,92,9,81,17,33,49,95,92,13,78,9,11,10,35,20,24,60,39,76,19,49,82,1,64,5,69,24
h-29-1991-redskins-2.iff,185,redskins,1991,0,3,Redskins,Cornerback,CB,34,placeholder,75,83,9,55,16,73,39,68,89,12,79,8,11,10,47,23,25,39,40,70,19,49,64,1,54,5,90,77
h-29-1991-redskins-2.iff,185,redskins,1991,0,4,Redskins,Cornerback,CB,27,placeholder,91,91,9,47,16,62,41,85,77,13,60,9,11,11,11,8,11,41,24,57,17,49,89,1,93,5,81,52
h-29-1991-redskins-2.iff,185,redskins,1991,0,5,Redskins,Cornerback,CB,29,placeholder,86,84,9,60,17,74,47,73,73,10,70,7,11,10,15,19,20,37,38,62,19,49,20,1,50,5,88,55
h-29-1991-redskins-2.iff,185,redskins,1991,0,6,Redskins,Cornerback,CB,47,placeholder,89,93,11,94,24,61,39,73,70,7,56,35,11,11,55,44,42,32,21,48,26,49,58,1,41,5,38,24
h-29-1991-redskins-2.iff,185,redskins,1991,0,7,Redskins,Cornerback,CB,49,placeholder,90,91,11,94,24,61,49,82,67,7,35,35,11,11,39,44,42,32,47,31,26,49,58,1,35,5,34,24
h-29-1991-redskins-2.iff,185,redskins,1991,0,8,Redskins,Cornerback,CB,23,placeholder,76,72,8,99,28,75,37,85,54,20,56,7,10,10,50,38,43,46,68,45,29,49,50,1,20,5,55,58
h-29-1991-redskins-2.iff,185,redskins,1991,0,9,Redskins,Def End,DE,78,placeholder,78,88,10,79,19,76,58,64,51,14,95,28,11,10,24,19,26,28,98,88,20,49,97,99,65,5,83,80
h-29-1991-redskins-2.iff,185,redskins,1991,0,10,Redskins,Def End,DE,60,placeholder,80,74,10,60,19,79,69,59,49,17,77,26,11,10,23,23,24,20,79,76,20,49,64,99,50,5,71,72
h-29-1991-redskins-2.iff,185,redskins,1991,0,11,Redskins,Def End,DE,90,placeholder,67,72,11,61,16,45,67,73,39,25,58,30,13,11,20,27,28,14,73,80,14,49,27,99,35,5,34,55
h-29-1991-redskins-2.iff,185,redskins,1991,0,12,Redskins,Def End,DE,74,placeholder,68,79,11,63,20,76,91,67,41,28,63,33,13,11,27,28,27,16,70,51,20,49,31,99,38,5,8,24
h-29-1991-redskins-2.iff,185,redskins,1991,0,13,Redskins,Def Tackle,DT,71,placeholder,50,63,11,57,22,85,77,64,18,14,77,31,11,11,24,29,26,22,78,78,20,49,62,99,63,5,72,74
h-29-1991-redskins-2.iff,185,redskins,1991,0,14,Redskins,Def Tackle,DT,75,placeholder,55,74,11,73,25,80,73,58,28,20,82,33,11,10,26,34,25,10,71,86,23,49,80,99,49,5,55,86
h-29-1991-redskins-2.iff,185,redskins,1991,0,15,Redskins,Def Tackle,DT,95,placeholder,59,69,10,76,22,89,63,58,24,25,81,33,11,11,31,24,33,14,74,80,19,49,70,99,36,5,65,80
h-29-1991-redskins-2.iff,185,redskins,1991,0,16,Redskins,Def Tackle,DT,92,placeholder,56,70,10,69,18,90,61,59,13,22,85,29,11,11,26,21,25,14,60,84,15,49,34,99,48,5,65,42
h-29-1991-redskins-2.iff,185,redskins,1991,0,17,Redskins,Def Tackle,DT,94,placeholder,58,75,10,60,15,80,77,58,20,19,75,34,11,11,23,23,27,20,80,76,19,49,29,99,32,5,35,76
h-29-1991-redskins-2.iff,185,redskins,1991,0,18,Redskins,Full Back,FB,20,placeholder,76,78,16,79,16,96,65,64,11,41,6,66,13,13,47,78,79,72,10,14,15,49,36,99,52,5,24,9
h-29-1991-redskins-2.iff,185,redskins,1991,0,19,Redskins,Safety,FS,22,placeholder,82,86,9,90,23,87,41,64,77,11,82,8,11,10,26,35,30,37,36,74,24,49,45,1,55,5,88,67
h-29-1991-redskins-2.iff,185,redskins,1991,0,20,Redskins,Safety,FS,35,placeholder,82,92,12,71,14,68,59,76,65,8,56,6,12,11,5,16,13,34,43,48,14,49,42,1,30,5,32,74
h-29-1991-redskins-2.iff,185,redskins,1991,0,21,Redskins,Guard,G,66,placeholder,42,60,12,87,25,96,73,48,16,31,33,22,10,10,24,89,86,9,30,28,23,49,80,99,81,5,84,24
h-29-1991-redskins-2.iff,185,redskins,1991,0,22,Redskins,Guard,G,69,placeholder,48,62,11,99,25,97,61,50,34,20,29,20,10,10,23,87,81,7,37,37,23,49,58,99,70,5,95,49
h-29-1991-redskins-2.iff,185,redskins,1991,0,23,Redskins,Guard,G,68,placeholder,41,57,12,78,22,95,79,42,13,28,29,15,10,11,23,70,69,12,26,28,20,49,73,99,68,5,21,41
h-29-1991-redskins-2.iff,185,redskins,1991,0,24,Redskins,Guard,G,67,placeholder,48,62,12,73,23,98,57,52,14,35,32,14,10,10,31,70,72,4,30,27,23,49,39,99,42,5,73,49
h-29-1991-redskins-2.iff,185,redskins,1991,0,25,Redskins,Half Back,HB,21,placeholder,87,84,17,89,13,77,59,79,7,57,12,90,15,17,59,41,41,92,10,6,16,49,69,50,56,5,43,76
h-29-1991-redskins-2.iff,185,redskins,1991,0,26,Redskins,Half Back,HB,30,placeholder,90,72,17,67,9,92,55,79,37,59,30,76,14,14,55,10,12,64,20,28,11,49,38,1,51,5,78,46
h-29-1991-redskins-2.iff,185,redskins,1991,0,27,Redskins,Half Back,HB,37,placeholder,82,67,17,79,13,94,51,70,14,59,6,69,15,16,57,38,34,64,12,8,16,49,44,99,42,5,68,24
h-29-1991-redskins-2.iff,185,redskins,1991,0,28,Redskins,Half Back,HB,32,placeholder,93,77,28,41,13,93,65,74,12,49,14,45,20,21,55,30,24,76,11,10,16,49,68,50,48,5,38,64
h-29-1991-redskins-2.iff,185,redskins,1991,0,29,Redskins,Linebacker,ILB,52,placeholder,66,64,11,63,1,86,55,78,76,16,93,30,10,11,9,14,7,5,72,93,1,49,21,99,51,5,74,48
h-29-1991-redskins-2.iff,185,redskins,1991,0,30,Redskins,Linebacker,ILB,58,placeholder,77,76,10,79,11,87,65,68,74,21,82,25,11,10,19,30,23,16,71,76,11,49,28,99,44,5,65,74
h-29-1991-redskins-2.iff,185,redskins,1991,0,31,Redskins,Linebacker,ILB,59,placeholder,80,86,10,76,13,79,57,78,75,24,65,26,11,10,10,33,27,18,54,55,13,49,37,99,31,5,21,71
h-29-1991-redskins-2.iff,185,redskins,1991,0,32,Redskins,Kicker,K,3,placeholder,38,43,11,43,95,96,34,39,19,21,42,17,11,12,20,26,21,33,16,12,97,99,62,50,99,5,89,22
h-29-1991-redskins-2.iff,185,redskins,1991,0,33,Redskins,Linebacker,OLB,51,placeholder,80,86,10,99,11,99,90,70,85,20,99,28,11,10,26,27,21,26,95,89,11,49,99,27,90,5,99,99
h-29-1991-redskins-2.iff,185,redskins,1991,0,34,Redskins,Linebacker,OLB,55,placeholder,59,68,10,93,13,69,77,72,76,18,80,30,11,10,30,33,27,36,74,80,14,49,39,99,54,5,51,54
h-29-1991-redskins-2.iff,185,redskins,1991,0,35,Redskins,Linebacker,OLB,54,placeholder,71,76,10,72,6,55,53,68,70,16,64,23,11,10,19,23,19,20,45,52,6,49,22,99,20,5,36,87
h-29-1991-redskins-2.iff,185,redskins,1991,0,36,Redskins,Punter,P,2,placeholder,43,48,21,49,82,76,37,49,19,20,46,17,23,21,15,23,14,28,16,12,80,1,32,50,80,5,62,24
h-29-1991-redskins-2.iff,185,redskins,1991,0,37,Redskins,Quarterback,QB,18,placeholder,66,64,93,50,9,84,43,56,26,21,31,22,93,96,21,30,28,29,20,22,13,49,92,50,78,30,85,24
h-29-1991-redskins-2.iff,185,redskins,1991,0,38,Redskins,Quarterback,QB,19,placeholder,73,66,60,16,10,86,22,56,33,26,32,32,68,64,23,32,29,28,23,19,14,49,45,50,67,16,31,24
h-29-1991-redskins-2.iff,185,redskins,1991,0,39,Redskins,Safety,SS,26,placeholder,89,96,9,74,18,82,81,85,76,25,85,8,11,10,31,30,31,46,50,88,20,49,65,1,48,5,50,66
h-29-1991-redskins-2.iff,185,redskins,1991,0,40,Redskins,Tackle,T,63,placeholder,55,62,11,89,17,95,81,59,13,29,34,15,10,10,26,91,93,12,28,28,17,49,92,99,69,5,65,60
h-29-1991-redskins-2.iff,185,redskins,1991,0,41,Redskins,Tackle,T,70,placeholder,44,48,11,83,19,95,69,41,15,31,36,19,10,11,26,95,99,13,30,28,18,49,88,99,85,5,95,48
h-29-1991-redskins-2.iff,185,redskins,1991,0,42,Redskins,Tackle,T,73,placeholder,48,64,12,71,4,90,69,48,1,29,16,36,11,11,11,60,60,20,18,32,7,49,31,99,36,5,56,41
h-29-1991-redskins-2.iff,185,redskins,1991,0,43,Redskins,Tight End,TE,84,placeholder,73,77,10,39,4,85,55,55,19,78,16,74,11,13,84,64,67,59,11,20,4,49,24,99,57,5,58,13
h-29-1991-redskins-2.iff,185,redskins,1991,0,44,Redskins,Tight End,TE,82,placeholder,81,81,10,30,10,84,83,85,8,51,12,62,11,10,66,76,71,67,15,13,13,49,63,99,62,5,49,24
h-29-1991-redskins-2.iff,185,redskins,1991,0,45,Redskins,Tight End,TE,87,placeholder,65,74,14,62,16,68,43,61,41,79,38,40,13,14,72,53,56,55,27,18,16,49,42,99,34,5,58,24
h-29-1991-redskins-2.iff,185,redskins,1991,0,46,Redskins,Tight End,TE,81,placeholder,64,78,10,30,4,82,51,82,21,53,16,48,11,13,58,66,68,66,9,20,6,49,24,99,27,5,36,42
h-29-1991-redskins-2.iff,185,redskins,1991,0,47,Redskins,Tight End,TE,89,placeholder,58,62,10,30,4,78,69,56,21,53,16,43,11,13,54,51,52,66,9,20,6,49,24,99,20,5,31,52
h-29-1991-redskins-2.iff,185,redskins,1991,0,48,Redskins,Receiver,WR,88,placeholder,91,89,15,73,17,89,33,84,6,94,12,78,16,17,90,46,43,85,8,7,16,49,79,50,54,5,99,89
h-29-1991-redskins-2.iff,185,redskins,1991,0,49,Redskins,Receiver,WR,85,placeholder,81,83,15,99,14,90,76,89,6,96,15,89,16,16,94,53,53,90,11,5,18,49,90,38,89,5,99,99
h-29-1991-redskins-2.iff,185,redskins,1991,0,50,Redskins,Receiver,WR,86,placeholder,84,83,15,74,12,58,47,67,14,83,10,60,16,15,84,47,46,78,15,10,16,49,58,50,61,5,95,55
h-29-1991-redskins-2.iff,185,redskins,1991,0,51,Redskins,Receiver,WR,80,placeholder,85,83,17,49,9,80,58,72,9,79,9,44,14,16,78,31,22,76,9,10,10,49,31,50,54,5,99,44
h-29-1991-redskins-2.iff,185,redskins,1991,0,52,Redskins,Receiver,WR,83,placeholder,88,91,13,16,5,70,29,73,13,70,7,29,14,14,65,20,25,62,14,13,10,49,54,1,27,5,74,52
h-30-1964-browns-2.iff,186,browns,1964,0,0,Browns,Center,C,53,placeholder,45,63,12,98,26,96,63,55,31,17,30,23,11,10,23,94,96,10,35,40,22,49,84,99,77,5,93,68
h-30-1964-browns-2.iff,186,browns,1964,0,1,Browns,Center,C,76,placeholder,53,66,12,82,21,98,57,50,30,50,37,39,11,11,42,67,70,13,41,22,22,49,54,99,45,5,75,41
h-30-1964-browns-2.iff,186,browns,1964,0,2,Browns,Cornerback,CB,30,placeholder,83,88,9,55,16,87,45,64,89,10,76,7,11,10,39,14,18,37,38,65,16,49,79,1,63,5,90,56
h-30-1964-browns-2.iff,186,browns,1964,0,3,Browns,Cornerback,CB,40,placeholder,75,83,9,55,16,73,39,68,89,12,79,8,11,10,47,23,25,39,40,70,19,49,64,1,54,5,90,77
h-30-1964-browns-2.iff,186,browns,1964,0,4,Browns,Cornerback,CB,23,placeholder,83,81,12,55,16,97,49,92,77,6,60,4,13,11,41,18,20,30,40,51,19,49,28,1,44,5,55,43
h-30-1964-browns-2.iff,186,browns,1964,0,5,Browns,Cornerback,CB,27,placeholder,87,81,12,55,16,85,41,92,72,6,77,4,13,11,26,18,20,1,40,62,19,49,28,1,39,5,55,39
h-30-1964-browns-2.iff,186,browns,1964,0,6,Browns,Cornerback,CB,29,placeholder,86,90,9,49,15,86,43,81,63,9,66,6,11,10,18,9,13,35,52,52,17,49,25,1,43,5,51,24
h-30-1964-browns-2.iff,186,browns,1964,0,7,Browns,Def End,DE,80,placeholder,91,88,11,60,15,79,51,82,41,25,90,33,13,11,22,21,26,12,94,83,17,49,69,99,50,5,79,85
h-30-1964-browns-2.iff,186,browns,1964,0,8,Browns,Def End,DE,85,placeholder,83,71,11,67,19,70,71,79,47,15,82,29,11,11,18,21,19,24,96,79,19,49,48,99,53,5,63,57
h-30-1964-browns-2.iff,186,browns,1964,0,9,Browns,Def End,DE,77,placeholder,61,71,10,72,22,88,57,73,68,24,87,37,11,11,32,23,30,24,76,77,21,49,36,99,36,5,55,85
h-30-1964-browns-2.iff,186,browns,1964,0,10,Browns,Def End,DE,62,placeholder,87,68,10,67,19,98,85,70,3,23,70,35,11,11,27,26,34,18,70,52,19,49,34,99,48,5,50,24
h-30-1964-browns-2.iff,186,browns,1964,0,11,Browns,Def End,DE,93,placeholder,75,72,10,50,17,83,57,58,42,18,73,24,11,10,19,21,20,10,74,74,19,49,21,99,38,5,42,75
h-30-1964-browns-2.iff,186,browns,1964,0,12,Browns,Def End,DE,91,placeholder,57,66,10,49,19,83,59,59,15,17,66,25,11,10,20,20,21,4,63,62,19,49,21,99,30,5,68,88
h-30-1964-browns-2.iff,186,browns,1964,0,13,Browns,Def Tackle,DT,74,placeholder,53,64,11,68,26,53,67,63,24,23,91,34,11,10,30,37,30,10,65,83,26,49,35,99,56,5,83,65
h-30-1964-browns-2.iff,186,browns,1964,0,14,Browns,Def Tackle,DT,69,placeholder,50,63,11,57,22,85,77,64,18,14,77,31,11,11,24,29,26,22,78,78,20,49,62,99,63,5,72,74
h-30-1964-browns-2.iff,186,browns,1964,0,15,Browns,Def Tackle,DT,70,placeholder,58,75,10,60,15,80,77,58,20,19,75,34,11,11,23,23,27,20,80,76,19,49,29,99,32,5,35,76
h-30-1964-browns-2.iff,186,browns,1964,0,16,Browns,Def Tackle,DT,71,placeholder,67,65,11,57,20,86,55,58,52,26,75,30,13,11,18,20,25,12,60,71,17,49,31,99,32,5,65,50
h-30-1964-browns-2.iff,186,browns,1964,0,17,Browns,Def Tackle,DT,98,placeholder,45,60,10,63,15,71,73,58,18,23,63,32,11,11,22,23,30,16,55,60,17,49,34,99,35,5,50,24
h-30-1964-browns-2.iff,186,browns,1964,0,18,Browns,Full Back,FB,37,placeholder,83,82,18,92,22,95,82,70,6,68,5,99,14,16,70,79,79,86,10,14,21,49,74,99,75,5,99,99
h-30-1964-browns-2.iff,186,browns,1964,0,19,Browns,Full Back,FB,35,placeholder,70,66,18,70,15,95,53,65,38,40,21,50,14,14,59,70,68,87,29,36,14,49,22,99,50,5,64,38
h-30-1964-browns-2.iff,186,browns,1964,0,20,Browns,Safety,FS,26,placeholder,81,88,12,93,22,84,39,76,78,8,82,6,12,11,14,30,31,34,48,68,25,49,54,1,53,5,65,46
h-30-1964-browns-2.iff,186,browns,1964,0,21,Browns,Safety,FS,38,placeholder,89,95,11,66,20,86,45,85,65,8,54,6,11,11,34,34,35,34,44,50,21,49,36,1,37,5,23,42
h-30-1964-browns-2.iff,186,browns,1964,0,22,Browns,Safety,FS,28,placeholder,87,77,11,66,20,71,47,76,55,8,43,6,11,11,36,34,35,34,44,47,21,49,36,1,22,5,11,49
h-30-1964-browns-2.iff,186,browns,1964,0,23,Browns,Guard,G,60,placeholder,54,59,14,85,19,96,65,61,27,36,32,41,11,11,40,84,86,21,31,39,17,49,78,99,62,5,85,24
h-30-1964-browns-2.iff,186,browns,1964,0,24,Browns,Guard,G,63,placeholder,51,64,12,75,22,93,67,44,14,32,29,12,10,11,26,84,80,8,27,26,21,49,81,99,83,5,80,49
h-30-1964-browns-2.iff,186,browns,1964,0,25,Browns,Guard,G,31,placeholder,49,65,11,83,21,94,95,42,37,41,32,38,14,11,41,72,70,9,41,37,17,49,51,99,53,5,20,2
h-30-1964-browns-2.iff,186,browns,1964,0,26,Browns,Half Back,HB,41,placeholder,84,80,23,99,16,91,51,93,12,58,12,73,22,23,56,33,33,99,13,12,19,49,72,50,62,5,70,70
h-30-1964-browns-2.iff,186,browns,1964,0,27,Browns,Half Back,HB,33,placeholder,89,68,28,72,11,92,67,84,30,47,22,77,27,28,53,44,27,60,16,20,13,49,39,99,38,5,54,70
h-30-1964-browns-2.iff,186,browns,1964,0,28,Browns,Half Back,HB,45,placeholder,86,63,14,72,17,90,55,76,33,43,36,57,14,14,36,28,31,62,30,27,16,49,43,1,22,5,51,41
h-30-1964-browns-2.iff,186,browns,1964,0,29,Browns,Linebacker,ILB,59,placeholder,75,76,10,64,6,89,57,82,72,15,92,22,11,11,18,27,20,24,63,89,5,49,89,99,63,5,95,76
h-30-1964-browns-2.iff,186,browns,1964,0,30,Browns,Linebacker,ILB,57,placeholder,72,75,10,72,10,88,65,70,76,18,62,25,11,10,16,29,22,18,50,63,9,49,32,99,28,5,24,72
h-30-1964-browns-2.iff,186,browns,1964,0,31,Browns,Linebacker,ILB,75,placeholder,76,66,10,90,16,77,67,69,53,43,64,42,11,10,34,38,37,24,39,60,16,49,36,99,23,5,39,51
h-30-1964-browns-2.iff,186,browns,1964,0,32,Browns,Kicker,K,73,placeholder,37,43,11,39,83,88,30,40,16,17,40,16,11,12,19,27,20,36,12,12,72,99,15,50,53,5,41,20
h-30-1964-browns-2.iff,186,browns,1964,0,33,Browns,Linebacker,OLB,34,placeholder,80,77,10,99,15,79,61,59,76,23,88,31,11,10,30,34,28,28,77,83,16,49,92,99,52,5,81,83
h-30-1964-browns-2.iff,186,browns,1964,0,34,Browns,Linebacker,OLB,87,placeholder,74,72,10,85,14,84,71,67,76,18,86,31,11,11,23,34,26,34,72,78,13,49,87,99,69,5,77,77
h-30-1964-browns-2.iff,186,browns,1964,0,35,Browns,Linebacker,OLB,64,placeholder,65,76,10,77,6,82,47,76,56,21,76,33,10,11,14,24,16,25,62,61,5,49,33,99,26,5,44,48
h-30-1964-browns-2.iff,186,browns,1964,0,36,Browns,Punter,P,9,placeholder,40,47,22,43,76,81,38,39,13,13,20,14,23,23,10,18,16,34,9,12,62,1,1,50,67,5,48,24
h-30-1964-browns-2.iff,186,browns,1964,0,37,Browns,Quarterback,QB,16,placeholder,68,83,77,37,14,89,39,68,30,26,37,46,90,93,26,19,21,28,35,34,16,49,89,50,88,65,78,24
h-30-1964-browns-2.iff,186,browns,1964,0,38,Browns,Quarterback,QB,14,placeholder,70,68,74,37,8,72,40,61,30,19,26,17,70,78,18,29,26,18,18,22,12,49,73,50,79,30,75,24
h-30-1964-browns-2.iff,186,browns,1964,0,39,Browns,Quarterback,QB,7,placeholder,81,91,92,28,23,45,18,73,14,29,29,51,65,60,28,13,10,28,11,5,21,49,75,50,55,67,33,24
h-30-1964-browns-2.iff,186,browns,1964,0,40,Browns,Safety,SS,25,placeholder,88,67,10,93,12,88,51,67,93,35,97,9,11,10,43,18,18,49,66,96,16,49,94,1,60,5,93,82
h-30-1964-browns-2.iff,186,browns,1964,0,41,Browns,Tackle,T,72,placeholder,28,58,11,94,21,94,69,44,16,32,36,23,10,10,32,93,89,12,34,28,19,49,75,99,69,5,85,24
h-30-1964-browns-2.iff,186,browns,1964,0,42,Browns,Tackle,T,79,placeholder,43,52,11,72,7,90,62,67,23,27,28,34,11,16,32,80,83,21,15,22,11,49,46,99,58,5,75,24
h-30-1964-browns-2.iff,186,browns,1964,0,43,Browns,Tackle,T,68,placeholder,62,54,12,80,20,89,67,54,16,29,29,23,11,11,26,68,62,17,30,30,19,49,93,99,77,5,82,38
h-30-1964-browns-2.iff,186,browns,1964,0,44,Browns,Tight End,TE,86,placeholder,68,82,10,65,14,57,63,70,8,58,14,42,11,11,70,80,85,76,7,15,16,49,35,99,64,5,29,24
h-30-1964-browns-2.iff,186,browns,1964,0,45,Browns,Tight End,TE,81,placeholder,74,80,11,44,18,83,55,73,15,35,39,24,10,11,35,77,72,50,31,26,17,49,46,99,29,5,32,21
h-30-1964-browns-2.iff,186,browns,1964,0,46,Browns,Tight End,TE,88,placeholder,58,62,10,30,4,78,69,56,21,53,16,43,11,13,54,51,52,66,9,20,6,49,24,99,20,5,31,52
h-30-1964-browns-2.iff,186,browns,1964,0,47,Browns,Receiver,WR,83,placeholder,90,72,15,37,5,80,45,70,6,90,12,63,14,14,89,43,41,83,6,8,9,49,15,50,61,5,97,42
h-30-1964-browns-2.iff,186,browns,1964,0,48,Browns,Receiver,WR,42,placeholder,81,90,15,76,12,75,40,65,13,78,14,73,16,16,83,36,38,49,13,11,17,49,75,50,66,5,99,24
h-30-1964-browns-2.iff,186,browns,1964,0,49,Browns,Receiver,WR,84,placeholder,96,83,15,72,16,47,32,82,6,86,14,41,16,17,87,46,47,80,10,7,15,49,55,50,38,5,89,80
h-30-1964-browns-2.iff,186,browns,1964,0,50,Browns,Receiver,WR,82,placeholder,98,88,17,59,14,74,45,92,6,84,7,71,15,16,81,21,23,67,12,14,15,49,38,50,33,5,52,81
h-30-1964-browns-2.iff,186,browns,1964,0,51,Browns,Receiver,WR,22,placeholder,89,92,15,69,14,73,33,79,11,79,9,36,16,16,79,41,41,76,8,9,19,49,46,50,41,5,74,24
h-30-1964-browns-2.iff,186,browns,1964,0,52,Browns,Receiver,WR,89,placeholder,90,88,22,59,14,86,29,87,6,57,7,25,25,24,70,45,39,67,12,14,15,49,38,50,34,5,90,52
h-30-1986-browns-1.iff,187,browns,1986,1,0,Browns,Center,C,68,placeholder,37,53,10,82,23,97,57,41,31,21,33,14,10,10,33,88,90,6,39,27,22,49,40,99,54,5,65,50
h-30-1986-browns-1.iff,187,browns,1986,1,1,Browns,Center,C,60,placeholder,52,58,11,76,17,99,91,67,6,8,16,7,10,10,9,54,52,8,11,33,13,49,27,99,42,5,35,22
h-30-1986-browns-1.iff,187,browns,1986,1,2,Browns,Cornerback,CB,38,placeholder,87,86,9,70,18,83,45,82,95,14,74,10,11,11,42,19,26,43,30,60,19,49,84,1,79,5,86,78
h-30-1986-browns-1.iff,187,browns,1986,1,3,Browns,Cornerback,CB,20,placeholder,83,85,9,53,17,82,35,78,92,14,67,10,11,10,24,30,28,43,25,59,19,49,78,1,69,5,95,60
h-30-1986-browns-1.iff,187,browns,1986,1,4,Browns,Cornerback,CB,22,placeholder,81,77,9,60,18,95,53,64,68,11,71,8,11,10,26,22,27,37,32,55,19,49,24,1,47,5,86,45
h-30-1986-browns-1.iff,187,browns,1986,1,5,Browns,Cornerback,CB,41,placeholder,88,82,11,94,24,66,41,88,73,7,64,35,11,11,39,44,42,32,47,50,26,49,58,1,43,5,55,24
h-30-1986-browns-1.iff,187,browns,1986,1,6,Browns,Cornerback,CB,27,placeholder,91,79,11,60,17,86,49,76,67,7,45,5,11,11,21,23,23,32,38,42,15,49,31,1,32,5,48,39
h-30-1986-browns-1.iff,187,browns,1986,1,7,Browns,Def End,DE,71,placeholder,76,64,10,70,20,79,73,64,46,18,85,29,11,10,19,27,20,18,93,80,20,49,70,99,66,5,75,81
h-30-1986-browns-1.iff,187,browns,1986,1,8,Browns,Def End,DE,93,placeholder,80,74,10,60,19,79,69,59,49,17,77,26,11,10,23,23,24,20,79,76,20,49,64,99,50,5,71,72
h-30-1986-browns-1.iff,187,browns,1986,1,9,Browns,Def End,DE,91,placeholder,65,62,11,49,12,38,67,88,10,19,89,27,13,11,14,18,20,10,83,82,13,49,26,99,40,5,50,46
h-30-1986-browns-1.iff,187,browns,1986,1,10,Browns,Def Tackle,DT,70,placeholder,63,79,10,82,22,68,67,61,26,29,94,47,11,11,31,31,35,39,79,90,23,49,44,99,46,5,75,79
h-30-1986-browns-1.iff,187,browns,1986,1,11,Browns,Def Tackle,DT,77,placeholder,59,56,10,63,22,73,67,56,50,19,88,28,11,10,27,35,27,22,75,84,23,49,48,99,64,5,75,58
h-30-1986-browns-1.iff,187,browns,1986,1,12,Browns,Def Tackle,DT,90,placeholder,59,69,10,76,22,89,63,58,24,25,81,33,11,11,31,24,33,14,74,80,19,49,70,99,36,5,65,80
h-30-1986-browns-1.iff,187,browns,1986,1,13,Browns,Def Tackle,DT,99,placeholder,65,79,11,72,22,84,75,59,20,18,71,31,11,10,19,25,20,10,70,82,21,49,72,99,49,5,20,63
h-30-1986-browns-1.iff,187,browns,1986,1,14,Browns,Full Back,FB,35,placeholder,80,75,16,79,19,94,69,57,42,53,29,50,14,14,62,82,68,89,37,35,21,49,27,99,43,5,30,70
h-30-1986-browns-1.iff,187,browns,1986,1,15,Browns,Safety,FS,25,placeholder,82,72,9,92,19,76,57,73,90,12,97,8,11,10,7,22,22,39,59,97,22,49,79,1,74,5,96,57
h-30-1986-browns-1.iff,187,browns,1986,1,16,Browns,Safety,FS,26,placeholder,88,77,9,43,19,75,53,68,53,12,64,8,11,10,8,24,27,39,32,45,19,49,26,1,24,5,47,54
h-30-1986-browns-1.iff,187,browns,1986,1,17,Browns,Guard,G,74,placeholder,32,61,12,83,22,94,79,58,13,29,26,15,10,10,21,84,86,8,24,28,19,49,80,99,74,5,45,39
h-30-1986-browns-1.iff,187,browns,1986,1,18,Browns,Guard,G,69,placeholder,53,48,14,72,19,96,67,58,26,40,29,41,11,11,39,81,83,14,26,26,20,49,49,99,58,5,65,44
h-30-1986-browns-1.iff,187,browns,1986,1,19,Browns,Guard,G,79,placeholder,42,66,14,85,22,94,71,45,33,41,32,49,11,11,48,70,70,20,41,32,21,49,54,99,48,5,38,24
h-30-1986-browns-1.iff,187,browns,1986,1,20,Browns,Half Back,HB,45,placeholder,85,79,17,95,16,87,67,68,13,51,6,80,15,16,50,38,41,97,11,13,18,49,83,99,53,5,40,81
h-30-1986-browns-1.iff,187,browns,1986,1,21,Browns,Half Back,HB,36,placeholder,83,73,15,87,12,91,59,65,14,68,8,76,14,16,65,30,32,87,7,7,14,49,67,50,56,5,61,61
h-30-1986-browns-1.iff,187,browns,1986,1,22,Browns,Half Back,HB,28,placeholder,91,76,15,67,16,68,73,85,11,53,6,61,13,13,62,39,20,72,10,14,15,49,36,50,40,24,41,24
h-30-1986-browns-1.iff,187,browns,1986,1,23,Browns,Half Back,HB,39,placeholder,83,68,15,67,16,90,71,79,11,31,6,61,13,13,61,48,50,75,10,14,15,49,36,50,39,5,36,9
h-30-1986-browns-1.iff,187,browns,1986,1,24,Browns,Half Back,HB,46,placeholder,93,77,28,41,13,93,65,74,12,49,14,45,20,21,55,30,24,76,11,10,16,49,68,50,48,5,38,64
h-30-1986-browns-1.iff,187,browns,1986,1,25,Browns,Linebacker,ILB,56,placeholder,77,76,10,79,11,87,65,68,74,21,82,25,11,10,19,30,23,16,71,76,11,49,28,99,44,5,65,74
h-30-1986-browns-1.iff,187,browns,1986,1,26,Browns,Linebacker,ILB,58,placeholder,72,69,10,94,14,89,55,65,76,22,83,30,11,10,26,34,27,30,73,77,14,49,69,99,54,5,72,63
h-30-1986-browns-1.iff,187,browns,1986,1,27,Browns,Linebacker,ILB,51,placeholder,74,86,10,78,4,79,59,70,55,15,60,34,11,11,16,23,20,24,60,66,4,49,32,99,35,5,41,24
h-30-1986-browns-1.iff,187,browns,1986,1,28,Browns,Kicker,K,8,placeholder,35,46,11,53,94,90,37,44,30,32,42,32,14,11,42,38,33,28,41,36,97,99,32,50,80,5,64,41
h-30-1986-browns-1.iff,187,browns,1986,1,29,Browns,Kicker,K,9,placeholder,39,44,10,30,84,84,30,42,17,23,25,15,11,12,6,12,8,26,11,12,70,99,17,50,47,5,28,37
h-30-1986-browns-1.iff,187,browns,1986,1,30,Browns,Linebacker,OLB,53,placeholder,69,80,10,97,15,88,55,76,77,19,91,32,11,10,30,31,25,32,88,93,14,49,86,99,71,5,93,70
h-30-1986-browns-1.iff,187,browns,1986,1,31,Browns,Linebacker,OLB,52,placeholder,67,78,10,90,13,88,59,72,78,26,76,35,11,11,20,60,30,20,68,82,13,49,47,99,48,5,70,50
h-30-1986-browns-1.iff,187,browns,1986,1,32,Browns,Linebacker,OLB,10,placeholder,79,79,10,77,6,83,65,81,56,19,66,33,11,11,13,22,17,22,61,69,4,49,33,99,24,5,22,66
h-30-1986-browns-1.iff,187,browns,1986,1,33,Browns,Linebacker,OLB,50,placeholder,79,78,10,76,7,82,59,73,75,15,63,24,11,11,14,22,18,30,65,61,7,49,44,99,26,5,61,76
h-30-1986-browns-1.iff,187,browns,1986,1,34,Browns,Punter,P,7,placeholder,45,46,22,43,82,45,36,38,23,23,34,17,22,27,19,19,14,32,19,12,83,1,70,50,88,5,82,23
h-30-1986-browns-1.iff,187,browns,1986,1,35,Browns,Quarterback,QB,11,placeholder,70,70,82,41,7,30,39,52,29,23,28,10,89,85,16,28,25,25,18,19,12,49,90,50,80,40,70,72
h-30-1986-browns-1.iff,187,browns,1986,1,36,Browns,Quarterback,QB,19,placeholder,69,82,75,37,12,70,31,52,33,26,27,33,71,75,7,11,19,33,20,19,15,49,88,50,88,83,55,24
h-30-1986-browns-1.iff,187,browns,1986,1,37,Browns,Quarterback,QB,1,placeholder,81,91,92,28,23,45,18,73,14,29,29,51,65,60,28,13,10,28,11,5,21,49,75,50,55,67,33,24
h-30-1986-browns-1.iff,187,browns,1986,1,38,Browns,Safety,SS,32,placeholder,84,84,10,91,16,47,61,68,72,30,79,8,11,11,14,22,18,47,55,77,19,49,77,1,59,5,93,79
h-30-1986-browns-1.iff,187,browns,1986,1,39,Browns,Tackle,T,72,placeholder,43,55,11,87,17,99,67,52,11,29,29,15,10,10,26,88,90,10,28,28,16,49,80,99,65,5,79,50
h-30-1986-browns-1.iff,187,browns,1986,1,40,Browns,Tackle,T,66,placeholder,43,56,11,86,19,94,69,41,15,29,29,20,10,10,26,94,93,13,30,28,18,49,80,99,69,5,76,49
h-30-1986-browns-1.iff,187,browns,1986,1,41,Browns,Tackle,T,67,placeholder,48,63,11,87,16,86,77,73,13,28,24,16,10,11,21,72,72,11,26,27,15,49,50,99,51,5,38,14
h-30-1986-browns-1.iff,187,browns,1986,1,42,Browns,Tackle,T,76,placeholder,55,50,12,80,10,70,65,39,9,41,32,43,13,11,30,56,69,22,30,32,13,49,44,99,31,5,8,8
h-30-1986-browns-1.iff,187,browns,1986,1,43,Browns,Tight End,TE,87,placeholder,77,88,24,79,14,86,45,68,10,96,14,90,26,24,92,82,83,78,15,8,18,49,81,99,66,5,77,76
h-30-1986-browns-1.iff,187,browns,1986,1,44,Browns,Tight End,TE,88,placeholder,64,71,10,46,8,76,55,67,9,52,12,32,11,12,77,73,75,65,14,14,11,49,31,99,37,5,29,23
h-30-1986-browns-1.iff,187,browns,1986,1,45,Browns,Tight End,TE,82,placeholder,67,56,10,10,7,88,58,56,29,38,31,34,11,10,45,47,50,72,12,22,11,49,22,99,38,5,50,23
h-30-1986-browns-1.iff,187,browns,1986,1,46,Browns,Receiver,WR,81,placeholder,85,85,15,60,19,82,45,88,14,75,10,59,14,14,79,55,61,60,8,12,22,49,42,50,48,5,94,80
h-30-1986-browns-1.iff,187,browns,1986,1,47,Browns,Receiver,WR,85,placeholder,93,86,13,28,7,82,47,99,15,85,11,66,14,14,80,27,34,76,5,10,12,49,68,50,54,5,92,42
h-30-1986-browns-1.iff,187,browns,1986,1,48,Browns,Receiver,WR,83,placeholder,98,88,17,59,14,74,45,92,6,84,7,71,15,16,81,21,23,67,12,14,15,49,38,50,33,5,52,81
h-30-1986-browns-1.iff,187,browns,1986,1,49,Browns,Receiver,WR,84,placeholder,95,88,17,59,14,95,37,85,6,82,7,46,15,16,83,34,23,67,12,14,15,49,38,50,35,5,73,81
h-30-1986-browns-1.iff,187,browns,1986,1,50,Browns,Receiver,WR,89,placeholder,90,88,22,59,14,86,29,87,6,57,7,25,25,24,70,45,39,67,12,14,15,49,38,50,34,5,90,52
h-30-1986-browns-1.iff,187,browns,1986,1,51,Browns,Receiver,WR,80,placeholder,89,92,15,69,14,73,33,79,11,79,9,36,16,16,79,41,41,76,8,9,19,49,46,50,41,5,74,24
h-30-1986-browns-1.iff,187,browns,1986,1,52,Browns,Receiver,WR,86,placeholder,85,74,13,55,14,62,34,81,33,56,32,35,13,12,56,33,29,58,20,16,15,49,34,50,31,5,80,14
