# match log for nfl2k5_retail_team_history.csv (nflverse-data (https://github.com/nflverse/nflverse-data), CC-BY-4.0)
# players with game seasons: 1325; exact: 835; last name + DOB: 313; ambiguous: 5; none: 172
# season rows: 5068 of 5867 have a team; per year: 1982: 1/1, 1983: 1/1, 1984: 1/1, 1985: 3/3, 1986: 4/4, 1987: 6/7, 1988: 10/12, 1989: 11/12, 1990: 15/17, 1991: 27/29, 1992: 40/44, 1993: 59/70, 1994: 94/109, 1995: 142/163, 1996: 216/243, 1997: 291/327, 1998: 376/421, 1999: 459/531, 2000: 580/678, 2001: 751/876, 2002: 929/1076, 2003: 1052/1242
   0 Duane Starks 1974-05-23: exact 00-0015577; covered [1998, 1999, 2000, 2001, 2002]; missing []
   1 Renaldo Hill 1978-11-12: exact 00-0020301; covered [2001, 2002, 2003]; missing []
   2 David Macklin 1978-07-14: exact 00-0019563; covered [2000, 2001, 2002, 2003]; missing []
   3 Coby Rhinehart 1977-02-07: fallback_dob 00-0013623; covered [1999, 2001, 2002, 2003]; missing []
   4 Bert Berry 1975-08-15: fallback_dob 00-0001176; covered [1997, 1998, 1999, 2001, 2002, 2003]; missing []
   5 Calvin Pace 1980-10-28: exact 00-0022120; covered [2003]; missing []
   6 Fred Wakefield 1978-09-17: exact 00-0020024; covered [2001, 2002, 2003]; missing []
   7 Dennis Johnson 1979-12-04: exact 00-0021086; covered [2002, 2003]; missing []
   9 Kyle Vanden Bosch 1978-11-17: exact 00-0020382; covered [2001, 2002]; missing []
  10 Russell Davis 1975-03-28: exact 00-0004046; covered [1999, 2000, 2001, 2002, 2003]; missing []
  11 Wendell Bryant 1980-09-12: exact 00-0021384; covered [2002, 2003]; missing []
  13 Kenny King 1981-04-23: fallback_dob 00-0021916; covered [2003]; missing []
  14 James Hodgins 1977-04-30: exact 00-0007546; covered [2002, 2003]; missing []; unmapped ['1999:LA (team code LA in 1999: ambiguous: use RAM (Rams) or RAI (Raiders))', '2000:LA (team code LA in 2000: ambiguous: use RAM (Rams) or RAI (Raiders))', '2001:LA (team code LA in 2001: ambiguous: use RAM (Rams) or RAI (Raiders))']
  15 Obafemi Ayanbadejo 1975-03-05: exact 00-0000552; covered [1999, 2000, 2001, 2003]; missing []
  16 Dexter Jackson 1977-07-28: exact 00-0008115; covered [1999, 2000, 2001, 2002, 2003]; missing []
  17 Michael Stone 1978-02-13: exact 00-0020383; covered [2002]; missing [2003]
  21 Marcel Shipp 1978-08-08: exact 00-0020022; covered [2001, 2002, 2003]; missing []
  22 Emmitt Smith 1969-05-15: exact 00-0015165; covered [1990, 1991, 1992, 1993, 1994, 1995, 1996, 1997, 1998, 1999, 2000, 2001, 2002, 2003]; missing []
  23 Damien Anderson 1979-07-17: exact 00-0021048; covered [2002, 2003]; missing []
  24 Josh Scobey 1979-12-11: exact 00-0021098; covered []; missing [2002]
  25 Ronald McKinnon 1973-09-20: exact 00-0010970; covered [1996, 1997, 1998, 1999, 2000, 2001, 2002, 2003]; missing []
  26 James Darling 1974-12-29: exact 00-0003902; covered [1997, 1998, 1999, 2000, 2001, 2002, 2003]; missing []
  27 Neil Rackers 1976-08-16: exact 00-0019676; covered [2000, 2001, 2002, 2003]; missing []
  28 Raynoch Thompson 1977-11-21: exact 00-0019535; covered [2000, 2001, 2002, 2003]; missing []
  30 LeVar Woods 1978-03-15: exact 00-0020025; covered [2001, 2002, 2003]; missing []
  31 Levar Fisher 1979-07-02: exact 00-0021177; covered [2002, 2003]; missing []
  32 Gerald Hayes 1980-10-10: exact 00-0021941; covered [2003]; missing []
  33 Riall Johnson 1978-04-20: exact 00-0020375; covered [2001, 2002, 2003]; missing []
  34 Scott Player 1969-12-17: exact 00-0013028; covered [1998, 1999, 2000, 2001, 2002, 2003]; missing []
  35 Josh McCown 1979-07-04: fallback_dob 00-0021206; covered [2002, 2003]; missing []
  36 Shaun King 1977-05-29: exact 00-0009266; covered [1999, 2000, 2001, 2002, 2003]; missing []
  38 Adrian Wilson 1979-10-12: exact 00-0020505; covered [2002, 2003]; missing []
  42 Freddie Jones 1974-09-16: exact 00-0008749; covered [1997, 1998, 1999, 2000, 2001, 2002, 2003]; missing []
  43 Nathan Hodel 1977-11-12: exact 00-0019834; covered [2002]; missing []
  44 Anquan Boldin 1980-10-03: exact 00-0022084; covered [2003]; missing []
  46 Bryant Johnson 1981-03-07: exact 00-0022156; covered [2003]; missing []
  48 Kevin Kasper 1977-12-23: exact 00-0020256; covered [2001, 2002, 2003]; missing []
  49 Bryan Gilmore 1978-09-21: none; seasons [2001, 2002, 2003]
  54 Jason Webster 1977-09-08: exact 00-0019653; covered [2000, 2001, 2002, 2003]; missing []
  55 Tod McBride 1976-01-26: exact 00-0010645; covered [1999, 2000, 2001, 2002, 2003]; missing []
  56 Aaron Beasley 1973-07-07: exact 00-0000939; covered [1996, 1997, 1998, 1999, 2000, 2001, 2002, 2003]; missing []
  57 Derek Ross 1980-01-05: exact 00-0021200; covered [2002, 2003]; missing []
  58 Kevin Mathis 1974-04-29: exact 00-0010535; covered [1997, 1998, 1999, 2000, 2001, 2002, 2003]; missing []
  59 Allen Rossum 1975-10-22: exact 00-0014071; covered [1998, 1999, 2000, 2001, 2002, 2003]; missing []
  60 Patrick Kerney 1976-12-30: exact 00-0009173; covered [1999, 2000, 2001, 2002, 2003]; missing []
  61 Brady Smith 1973-06-05: exact 00-0015106; covered [1996, 1997, 1998, 1999, 2000, 2001, 2002, 2003]; missing []
  62 Karon Riley 1978-08-23: exact 00-0020334; covered [2001, 2003]; missing []
  63 Ellis Johnson 1973-10-30: exact 00-0008494; covered [1995, 1996, 1997, 1998, 1999, 2000, 2001, 2002, 2003]; missing []
  64 Edward Jasper 1973-01-18: exact 00-0008284; covered [1997, 1998, 1999, 2000, 2001, 2002, 2003]; missing []
  65 Rod Coleman 1976-08-16: fallback_dob 00-0003239; covered [1999, 2000, 2001, 2002, 2003]; missing []
  66 Travis Hall 1972-08-03: exact 00-0006684; covered [1995, 1996, 1997, 1998, 1999, 2000, 2001, 2002, 2003]; missing []
  69 Justin Griffith 1980-07-21: exact 00-0022011; covered [2003]; missing []
  70 George Layne 1978-10-09: exact 00-0020479; covered [2001, 2002, 2003]; missing []
  71 Cory Hall 1976-12-05: exact 00-0006647; covered [1999, 2000, 2001, 2002, 2003]; missing []
  72 Keion Carpenter 1977-10-31: exact 00-0002666; covered [1999, 2000, 2001, 2002, 2003]; missing []
  77 Warrick Dunn 1975-01-05: exact 00-0004640; covered [1997, 1998, 1999, 2000, 2001, 2002, 2003]; missing []
  78 T.J. Duckett 1981-02-17: fallback_dob 00-0021376; covered [2002, 2003]; missing []
  80 Keith Brooking 1975-10-30: exact 00-0001820; covered [1998, 1999, 2000, 2001, 2002, 2003]; missing []
  82 Jay Feely 1976-05-23: fallback_dob 00-0019770; covered [2001, 2002, 2003]; missing []
  83 Matt Stewart 1979-08-31: exact 00-0020278; covered [2001, 2002, 2003]; missing []
  84 Chris Draft 1976-02-26: fallback_dob 00-0004505; covered [1998, 1999, 2000, 2001, 2002, 2003]; missing []
  85 Keith Newman 1977-01-19: exact 00-0012059; covered [1999, 2000, 2001, 2002, 2003]; missing []
  87 Chris Mohr 1966-05-11: fallback_dob 00-0011463; covered [1989, 1991, 1992, 1993, 1994, 1995, 1996, 1997, 1998, 1999, 2000, 2001, 2002, 2003]; missing []
  88 Michael Vick 1980-06-28: none; seasons [2001, 2002, 2003]
  89 Ty Detmer 1967-10-30: exact 00-0004230; covered [1993, 1995, 1996, 1997, 1998, 1999, 2001]; missing []
  91 Bryan Scott 1981-04-13: exact 00-0021951; covered [2003]; missing []
  96 Alge Crumpler 1977-12-23: fallback_dob 00-0020285; covered [2001, 2002, 2003]; missing []
  97 Hunter Goodwin 1972-10-10: fallback_dob 00-0006133; covered [1996, 1997, 1998, 1999, 2000, 2001, 2002, 2003]; missing []
  98 Derek Rackley 1977-07-18: exact 00-0019146; covered [2000, 2001]; missing []
  99 Peerless Price 1976-10-27: exact 00-0013232; covered [1999, 2000, 2001, 2002, 2003]; missing []
 100 Brian Finneran 1976-01-31: exact 00-0005231; covered [1999, 2000, 2001, 2002, 2003]; missing []
 102 Dez White 1979-08-23: fallback_dob 00-0019660; covered [2000, 2001, 2002, 2003]; missing []
 103 Woodrow Dantzler 1979-10-04: exact 00-0020973; covered [2002, 2003]; missing []
 106 Chris McAlister 1977-06-14: fallback_dob 00-0010634; covered [1999, 2000, 2001, 2002, 2003]; missing []
 107 Gary Baxter 1978-11-24: exact 00-0020472; covered [2001, 2002, 2003]; missing []
 108 Corey Fuller 1971-05-01: exact 00-0005627; covered [1995, 1996, 1997, 1998, 1999, 2000, 2001, 2002, 2003]; missing []
 109 Lamont Brightful 1979-01-29: exact 00-0021303; covered [2002, 2003]; missing []
 110 Dale Carter 1969-11-28: exact 00-0002722; covered [1992, 1993, 1994, 1995, 1996, 1997, 1998, 1999, 2001, 2002, 2003]; missing []
 111 Anthony Weaver 1980-07-28: exact 00-0021180; covered [2002, 2003]; missing []
 112 Marques Douglas 1977-03-05: none; seasons [2000, 2001, 2002, 2003]
 113 Jarret Johnson 1981-08-14: exact 00-0022139; covered [2003]; missing []
 115 Kelly Gregg 1976-11-01: exact 00-0006398; covered [1999, 2001, 2002, 2003]; missing []
 116 Ma'ake Kemoeatu 1979-01-10: exact 00-0020867; covered [2002, 2003]; missing []
 117 Aubrayo Franklin 1980-08-27: exact 00-0022147; covered [2003]; missing []
 118 Alan Ricard 1977-01-17: exact 00-0018588; covered [2001, 2002, 2003]; missing []
 120 Will Demps 1979-11-07: exact 00-0020861; covered [2002, 2003]; missing []
 121 Gerome Sapp 1981-02-08: exact 00-0022150; covered [2003]; missing []
 125 Jamal Lewis 1979-08-29: none; seasons [2000, 2002, 2003]
 126 Musa Smith 1982-05-31: exact 00-0022130; covered [2003]; missing []
 127 Chester Taylor 1979-09-22: exact 00-0021314; covered [2002, 2003]; missing []
 128 Ray Lewis 1975-05-15: exact 00-0009889; covered [1996, 1997, 1998, 1999, 2000, 2001, 2002, 2003]; missing []
 129 Edgerton Hartwell 1978-05-27: exact 00-0020304; covered [2001, 2002, 2003]; missing []
 130 T.J. Slaughter 1977-02-20: fallback_dob 00-0018959; covered [2000, 2001, 2002, 2003]; missing []
 131 Matt Stover 1968-01-27: fallback_dob 00-0015784; covered [1991, 1992, 1993, 1994, 1995, 1996, 1997, 1998, 1999, 2000, 2001, 2002, 2003]; missing []
 132 Terrell Suggs 1982-10-11: exact 00-0022161; covered [2003]; missing []
 133 Peter Boulware 1974-12-18: exact 00-0001544; covered [1997, 1998, 1999, 2000, 2001, 2002, 2003]; missing []
 134 Adalius Thomas 1977-08-18: exact 00-0019593; covered [2000, 2001, 2002, 2003]; missing []
 135 Cornell Brown 1975-03-15: exact 00-0001896; covered [1997, 1998, 1999, 2000, 2002, 2003]; missing []
 136 Dave Zastudil 1978-10-20: none; seasons [2002, 2003]
 137 Kyle Boller 1981-06-17: exact 00-0022164; covered [2003]; missing []
 138 Kordell Stewart 1972-10-16: exact 00-0015700; covered [1995, 1996, 1997, 1998, 1999, 2000, 2001, 2002, 2003]; missing []
 140 Anthony Wright 1976-02-14: exact 00-0018272; covered [2000, 2001, 2003]; missing []
 141 Edward Reed 1978-09-11: exact 00-0021377; covered [2002, 2003]; missing []
 142 Chad Williams 1979-01-22: exact 00-0021316; covered [2002, 2003]; missing []
 147 Todd Heap 1980-03-16: exact 00-0020516; covered [2001, 2002, 2003]; missing []
 148 Terry Jones 1979-12-03: exact 00-0021268; covered [2002, 2003]; missing []
 150 Kevin Johnson 1976-07-15: exact 00-0008560; covered [1999, 2000, 2001, 2002, 2003]; missing []
 151 Travis Taylor 1979-03-30: exact 00-0019721; covered [2000, 2001, 2002, 2003]; missing []
 153 Ron Johnson 1980-05-23: exact 00-0021242; covered [2002, 2003]; missing []
 158 Mike Solwold 1977-09-30: exact 00-0019894; covered [2001]; missing []
 159 Troy Vincent 1970-06-08: exact 00-0016924; covered [1992, 1993, 1994, 1995, 1996, 1997, 1998, 1999, 2000, 2001, 2002, 2003]; missing []
 160 Nate Clements 1979-12-12: fallback_dob 00-0020495; covered [2001, 2002, 2003]; missing []
 161 Kevin Thomas 1978-07-28: fallback_dob 00-0021289; covered [2002, 2003]; missing []
 162 Terrence McGee 1980-10-14: exact 00-0022008; covered [2003]; missing []
 163 Ryan Denney 1977-06-15: exact 00-0021189; covered [2002, 2003]; missing []
 164 Aaron Schobel 1977-04-01: none; seasons [2001, 2002, 2003]
 165 Chris Kelsay 1979-10-31: fallback_dob 00-0021995; covered [2003]; missing []
 166 Keith McKenzie 1973-10-17: exact 00-0010941; covered [1996, 1997, 1998, 1999, 2000, 2001, 2002, 2003]; missing []
 167 Sam Adams 1973-06-13: fallback_dob 00-0000065; covered [1994, 1995, 1996, 1997, 1998, 1999, 2000, 2001, 2002, 2003]; missing []
 168 Pat Williams 1972-10-24: fallback_dob 00-0017899; covered [1997, 1998, 1999, 2000, 2001, 2002, 2003]; missing []
 169 Ron Edwards 1979-07-12: fallback_dob 00-0020286; covered [2001, 2002, 2003]; missing []
 170 Justin Bannan 1979-04-18: exact 00-0021092; covered [2002, 2003]; missing []
 171 Oliver Gibson 1972-03-15: exact 00-0005939; covered [1995, 1996, 1997, 1998, 1999, 2000, 2001, 2002, 2003]; missing []
 173 Daimon Shelton 1972-09-15: exact 00-0014775; covered [1998, 1999, 2000, 2001, 2002]; missing [2003]
 174 Joe Burns 1979-09-15: exact 00-0020917; covered [2002, 2003]; missing []
 175 Izell Reese 1974-05-07: exact 00-0013536; covered [1998, 1999, 2000, 2001, 2002, 2003]; missing []
 176 Pierson Prioleau 1977-08-06: exact 00-0013255; covered [1999, 2000, 2001, 2002, 2003]; missing []
 180 Travis Henry 1979-10-29: none; seasons [2001, 2002, 2003]
 182 London Fletcher 1975-05-19: exact 00-0005322; covered [1998, 1999, 2001, 2002, 2003]; missing []; unmapped ['2000:LA (team code LA in 2000: ambiguous: use RAM (Rams) or RAI (Raiders))']
 183 Angelo Crowell 1981-08-16: exact 00-0022004; covered [2003]; missing []
 184 Rian Lindell 1977-01-20: exact 00-0019310; covered [2000, 2001, 2002, 2003]; missing []
 185 Jeff Posey 1975-08-14: fallback_dob 00-0013141; covered [1998, 1999, 2000, 2001, 2002, 2003]; missing []
 186 Takeo Spikes 1976-12-17: exact 00-0015474; covered [1998, 1999, 2000, 2001, 2002, 2003]; missing []
 187 Josh Stamer 1977-10-11: fallback_dob 00-0020139; covered [2003]; missing []
 188 Dominique Stevenson 1977-12-28: fallback_dob 00-0021359; covered [2002, 2003]; missing []
 189 Brian Moorman 1976-02-05: exact 00-0011626; covered [2001, 2002, 2003]; missing []
 190 Drew Bledsoe 1972-02-14: exact 00-0001361; covered [1993, 1994, 1995, 1996, 1997, 1998, 1999, 2000, 2001, 2002, 2003]; missing []
 192 Travis Brown 1977-07-17: exact 00-0019192; covered [2000, 2001, 2003]; missing []
 193 Lawyer Milloy 1973-11-14: exact 00-0011326; covered [1996, 1997, 1998, 1999, 2000, 2001, 2002, 2003]; missing []
 194 Coy Wire 1978-11-07: exact 00-0021222; covered [2002, 2003]; missing []
 199 Mark Campbell 1975-12-06: exact 00-0002586; covered [1999, 2000, 2002, 2003]; missing []
 200 Ryan Neufeld 1975-11-22: exact 00-0018578; covered [2000, 2003]; missing []
 202 Eric Moulds 1973-07-17: exact 00-0011770; covered [1996, 1997, 1998, 1999, 2000, 2001, 2002, 2003]; missing []
 204 Josh Reed 1980-05-01: fallback_dob 00-0021166; covered [2002, 2003]; missing []
 205 Bobby Shaw 1975-04-23: none; seasons [1999, 2000, 2001, 2002, 2003]
 206 Sam Aiken 1980-12-14: fallback_dob 00-0021915; covered [2003]; missing []
 208 Antonio Brown 1978-03-03: exact 00-0021425; covered [2003]; missing []
 212 Ricky Manning 1980-11-18: exact 00-0021900; covered [2003]; missing []
 213 Artrell Hawkins 1975-11-24: none; seasons [1998, 1999, 2000, 2001, 2002, 2003]
 215 Terrance Shaw 1973-11-11: exact 00-0014743; covered [1995, 1996, 1997, 1998, 1999, 2000, 2001, 2002, 2003]; missing []
 216 Dante Wesley 1979-04-05: exact 00-0021224; covered [2002, 2003]; missing []
 217 Julius Peppers 1980-01-18: exact 00-0021140; covered [2002, 2003]; missing []
 218 Mike Rucker 1975-02-28: fallback_dob 00-0014132; covered [1999, 2000, 2001, 2002, 2003]; missing []
 219 Kavika Pittman 1974-02-09: none; seasons [1996, 1997, 1998, 1999, 2000, 2001, 2002]
 220 Al Wallace 1974-03-25: fallback_dob 00-0017077; covered [1997, 1998, 2002, 2003]; missing []
 221 Kris Jenkins 1979-08-03: fallback_dob 00-0020380; covered [2001, 2002, 2003]; missing []
 222 Brentson Buckner 1971-09-30: exact 00-0002186; covered [1994, 1995, 1996, 1997, 1998, 1999, 2000, 2001, 2002, 2003]; missing []
 223 Kindal Moorehead 1978-10-14: exact 00-0022146; covered [2003]; missing []
 224 Shane Burton 1974-01-18: fallback_dob 00-0002365; covered [1996, 1997, 1998, 1999, 2000, 2001, 2002, 2003]; missing []
 226 Rod Walker 1976-02-04: fallback_dob 00-0017061; covered [2001, 2002, 2003]; missing []
 227 Brad Hoover 1976-11-11: fallback_dob 00-0019100; covered [2000, 2001, 2002, 2003]; missing []
 228 Nick Goings 1978-01-26: exact 00-0019831; covered [2001, 2002, 2003]; missing []
 229 Travares Tillman 1977-10-08: exact 00-0019656; covered [2000, 2001, 2003]; missing []
 230 Colin Branch 1980-03-02: exact 00-0022142; covered [2003]; missing []
 235 Stephen Davis 1974-03-01: exact 00-0004052; covered [1996, 1997, 1998, 1999, 2000, 2001, 2002, 2003]; missing []
 236 DeShaun Foster 1980-01-10: exact 00-0021164; covered [2002]; missing []
 237 Rod Smart 1977-01-09: fallback_dob 00-0019453; covered [2001, 2002, 2003]; missing []
 238 Dan Morgan 1978-12-19: fallback_dob 00-0020443; covered [2001, 2002, 2003]; missing []
 239 Jason Kyle 1972-05-12: exact 00-0009530; covered [1995, 1996, 1998, 2000, 2001, 2002, 2003]; missing []
 241 John Kasay 1969-10-27: exact 00-0009028; covered [1991, 1992, 1993, 1994, 1995, 1996, 1997, 1998, 1999, 2001, 2002, 2003]; missing []
 242 Mark Fields 1972-11-09: exact 00-0005202; covered [1995, 1996, 1997, 1998, 1999, 2000, 2001, 2002]; missing []
 243 Will Witherspoon 1980-08-19: fallback_dob 00-0021085; covered [2002, 2003]; missing []
 244 Jessie Armstead 1970-10-26: exact 00-0000426; covered [1993, 1994, 1995, 1996, 1997, 1998, 1999, 2000, 2001, 2002, 2003]; missing []
 245 Brandon Short 1977-07-11: exact 00-0019669; covered [2000, 2001, 2002, 2003]; missing []
 246 Brian Allen 1978-04-01: exact 00-0020295; covered [2001, 2002, 2003]; missing []
 247 Todd Sauerbrun 1973-01-04: exact 00-0014377; covered [1995, 1996, 1997, 1998, 1999, 2000, 2001, 2002, 2003]; missing []
 248 Jake Delhomme 1975-01-10: exact 00-0004161; covered [1999, 2002, 2003]; missing []
 249 Rodney Peete 1966-03-16: exact 00-0012732; covered [1989, 1990, 1991, 1992, 1993, 1994, 1995, 1996, 1997, 1998, 1999, 2001, 2002, 2003]; missing []
 250 Chris Weinke 1972-07-31: fallback_dob 00-0020434; covered [2001, 2002]; missing []
 251 Mike Minter 1974-01-15: fallback_dob 00-0011372; covered [1997, 1998, 1999, 2000, 2001, 2002, 2003]; missing []
 252 Jarrod Cooper 1978-03-31: exact 00-0020409; covered [2001, 2002, 2003]; missing []
 256 Kris Mangum 1973-08-15: exact 00-0010333; covered [1997, 1998, 1999, 2000, 2001, 2002, 2003]; missing []
 257 Mike Seidman 1981-02-11: fallback_dob 00-0022129; covered [2003]; missing []
 259 Muhsin Muhammad 1973-05-05: exact 00-0011795; covered [1996, 1997, 1998, 1999, 2000, 2001, 2002, 2003]; missing []
 260 Steve Smith 1979-05-12: fallback_dob 00-0020337; covered [2001, 2002, 2003]; missing []
 261 Ricky Proehl 1968-03-07: fallback_dob 00-0013268; covered [1990, 1991, 1992, 1993, 1994, 1995, 1996, 1997, 1998, 2002, 2003]; missing []; unmapped ['1999:LA (team code LA in 1999: ambiguous: use RAM (Rams) or RAI (Raiders))', '2000:LA (team code LA in 2000: ambiguous: use RAM (Rams) or RAI (Raiders))', '2001:LA (team code LA in 2001: ambiguous: use RAM (Rams) or RAI (Raiders))']
 265 Charles Tillman 1981-02-23: exact 00-0022123; covered [2003]; missing []
 266 Jerry Azumah 1977-09-01: exact 00-0000559; covered [1999, 2000, 2001, 2002, 2003]; missing []
 267 R.W. McQuarters 1976-12-21: fallback_dob 00-0011053; covered [1998, 1999, 2000, 2001, 2002, 2003]; missing []
 268 Todd McMillon 1973-09-09: none; seasons [2002, 2003]
 271 Alex Brown 1979-06-04: exact 00-0021228; covered [2002, 2003]; missing []
 272 Michael Haynes 1980-09-13: exact 00-0022118; covered [2003]; missing []
 273 Joe Tafoya 1978-09-06: fallback_dob 00-0020402; covered [2001, 2002, 2003]; missing []
 276 Bryan Robinson 1974-06-22: exact 00-0013845; covered [1997, 1998, 1999, 2000, 2001, 2002, 2003]; missing []
 278 Alfonso Boone 1976-01-11: exact 00-0019626; covered [2001, 2002, 2003]; missing []
 279 Bryan Johnson 1978-01-18: exact 00-0019172; covered [2000, 2001, 2002, 2003]; missing []
 280 Jason McKie 1980-05-22: exact 00-0020805; covered [2003]; missing []
 281 Mike Brown 1978-02-13: fallback_dob 00-0019699; covered [2000, 2001, 2002, 2003]; missing []
 288 Thomas Jones 1978-08-19: exact 00-0019641; covered [2000, 2001, 2002, 2003]; missing []
 289 Anthony Thomas 1977-11-07: exact 00-0020403; covered [2001, 2002, 2003]; missing []
 290 Adrian Peterson 1979-07-01: exact 00-0021306; covered [2002, 2003]; missing []
 291 Brian Urlacher 1978-05-25: exact 00-0019456; covered [2000, 2001, 2002, 2003]; missing []
 292 Hunter Hillenmeyer 1980-10-28: exact 00-0021983; covered [2003]; missing []
 293 Paul Edinger 1978-01-17: exact 00-0019490; covered [2000, 2001, 2002, 2003]; missing []
 294 Lance Briggs 1980-11-12: exact 00-0022128; covered [2003]; missing []
 295 Joe Odom 1979-11-14: none; seasons [2003]
 296 Bryan Knight 1979-01-22: exact 00-0021278; covered [2002, 2003]; missing []
 298 Brad Maynard 1974-02-09: fallback_dob 00-0010609; covered [1997, 1998, 1999, 2000, 2001, 2002, 2003]; missing []
 299 Rex Grossman 1980-08-23: exact 00-0022121; covered [2003]; missing []
 300 Jonathan Quinn 1975-02-27: exact 00-0013338; covered [1998, 2000, 2001, 2002]; missing []
 302 Mike Green 1976-12-06: fallback_dob 00-0019509; covered [2000, 2001, 2002, 2003]; missing []
 303 Bobby Gray 1978-04-30: exact 00-0021256; covered [2002, 2003]; missing []
 308 Desmond Clark 1977-04-20: exact 00-0003035; covered [1999, 2000, 2001, 2002, 2003]; missing []
 310 David Terrell 1979-03-13: exact 00-0020513; covered [2001, 2002, 2003]; missing []
 311 Marty Booker 1976-07-31: exact 00-0001477; covered [1999, 2000, 2001, 2002, 2003]; missing []
 312 Justin Gage 1981-01-25: none; seasons [2003]
 314 Ahmad Merritt 1977-02-05: exact 00-0019510; covered [2001, 2002, 2003]; missing []
 315 Bobby Wade 1981-02-25: fallback_dob 00-0022144; covered [2003]; missing []
 318 Deltha O'Neal 1977-01-30: exact 00-0019645; covered [2000, 2001, 2002, 2003]; missing []
 319 Tory James 1973-05-18: exact 00-0008265; covered [1996, 1998, 1999, 2000, 2001, 2002, 2003]; missing []
 320 Terrell Roberts 1981-04-07: exact 00-0021630; covered [2003]; missing []
 323 Duane Clemons 1974-05-23: exact 00-0003112; covered [1996, 1997, 1998, 1999, 2000, 2001, 2002, 2003]; missing []
 324 Justin Smith 1979-09-30: exact 00-0020535; covered [2001, 2002, 2003]; missing []
 325 Carl Powell 1974-01-04: exact 00-0013162; covered [1997, 2000, 2001, 2002, 2003]; missing []
 327 Daryl Gardener 1973-02-25: exact 00-0005760; covered [1996, 1997, 1998, 1999, 2000, 2001, 2002, 2003]; missing []
 328 John Thornton 1976-10-02: exact 00-0016431; covered [1999, 2000, 2001, 2002, 2003]; missing []
 329 Tony Williams 1975-07-09: exact 00-0017945; covered [1997, 1998, 1999, 2000, 2001, 2002, 2003]; missing []
 331 Jeremi Johnson 1980-09-04: exact 00-0022141; covered [2003]; missing []
 333 Kim Herring 1975-09-10: fallback_dob 00-0007334; covered [1997, 1998, 1999, 2000, 2001, 2002]; missing []
 334 Kevin Kaesviharn 1976-08-29: exact 00-0019993; covered [2001, 2002, 2003]; missing []
 338 Rudi Johnson 1979-10-01: exact 00-0020407; covered [2001, 2002, 2003]; missing []
 340 Kenny Watson 1978-03-13: fallback_dob 00-0019808; covered [2002]; missing []
 341 Nate Webster 1977-11-29: fallback_dob 00-0019562; covered [2000, 2001, 2002, 2003]; missing []
 342 Frank Chamberlin 1978-01-02: exact 00-0019570; covered [2000, 2001, 2002, 2003]; missing []
 344 Shayne Graham 1977-12-09: fallback_dob 00-0019536; covered [2001, 2002, 2003]; missing []
 345 Kevin Hardy 1973-07-24: exact 00-0006843; covered [1996, 1997, 1998, 1999, 2000, 2001, 2002, 2003]; missing []
 346 Brian Simmons 1975-06-21: exact 00-0014891; covered [1998, 1999, 2000, 2001, 2002, 2003]; missing []
 347 Adrian Ross 1975-02-19: exact 00-0014051; covered [1998, 1999, 2000, 2001, 2002, 2003]; missing []
 349 Kyle Richardson 1973-03-02: exact 00-0013682; covered [1997, 1998, 1999, 2000, 2001, 2002, 2003]; missing []
 351 Jon Kitna 1972-09-21: exact 00-0009311; covered [1997, 1998, 1999, 2000, 2001, 2002, 2003]; missing []
 353 Rogers Beckett 1977-01-31: exact 00-0019701; covered [2000, 2001, 2002, 2003]; missing []
 359 Reggie Kelly 1977-02-22: fallback_dob 00-0009119; covered [2000, 2001, 2002, 2003]; missing []
 360 Tony Stewart 1979-08-09: exact 00-0020268; covered [2001, 2002, 2003]; missing []
 361 Matt Schobel 1978-11-04: fallback_dob 00-0021084; covered [2002, 2003]; missing []
 362 Brad St. Louis 1976-08-19: exact 00-0019681; covered [2000, 2001, 2002]; missing []
 363 Peter Warrick 1977-06-19: exact 00-0019455; covered [2000, 2001, 2002, 2003]; missing []
 364 Chad Johnson 1978-01-09: exact 00-0020397; covered [2001, 2002, 2003]; missing []
 365 Kelley Washington 1979-08-21: fallback_dob 00-0022171; covered [2003]; missing []
 366 T.J. Houshmandzadeh 1977-09-26: fallback_dob 00-0020438; covered [2001, 2002]; missing []
 367 Pat Johnson 1976-08-10: fallback_dob 00-0008598; covered [1998, 1999, 2000, 2001, 2002, 2003]; missing []
 371 Terence Newman 1978-09-04: exact 00-0022045; covered [2003]; missing []
 372 Pete Hunter 1980-05-25: fallback_dob 00-0021281; covered [2002]; missing []
 373 Donald Mitchell 1976-12-14: exact 00-0011407; covered [1999, 2001, 2002]; missing []
 376 Greg Ellis 1975-08-14: fallback_dob 00-0004851; covered [1998, 1999, 2000, 2001, 2002, 2003]; missing []
 377 Marcellus Wiley 1974-11-30: exact 00-0017670; covered [1997, 1998, 1999, 2000, 2001, 2002, 2003]; missing []
 378 Kenyon Coleman 1979-04-10: exact 00-0021262; covered [2002, 2003]; missing []
 379 Eric Ogbogu 1975-07-18: exact 00-0012320; covered [1998, 1999, 2001, 2002, 2003]; missing []
 380 La'Roi Glover 1974-07-04: exact 00-0006051; covered [1996, 1997, 1998, 1999, 2000, 2001, 2002, 2003]; missing []
 381 Willie Blade 1979-02-07: exact 00-0020433; covered [2002, 2003]; missing []
 382 Leonardo Carson 1977-02-11: exact 00-0019671; covered [2000, 2001, 2002, 2003]; missing []
 383 Daleroy Stewart 1978-11-01: exact 00-0020538; covered [2001]; missing []
 384 Richie Anderson 1971-09-13: fallback_dob 00-0000339; covered [1993, 1994, 1995, 1996, 1997, 1998, 1999, 2000, 2001, 2002, 2003]; missing []
 385 Jamar Martin 1980-04-12: exact 00-0021387; covered []; missing [2002]
 386 Roy Williams 1980-08-14: exact 00-0021143; covered [2002, 2003]; missing []
 392 Aveion Cason 1979-07-12: exact 00-0019794; covered [2001, 2002, 2003]; missing []
 393 Erik Bickerstaff 1979-10-12: none; seasons [2002]
 394 Dat Nguyen 1975-09-25: exact 00-0012085; covered [1999, 2000, 2001, 2002, 2003]; missing []
 395 Jamal Brooks 1976-11-09: exact 00-0018994; covered []; missing [2002]
 396 Billy Cundiff 1980-03-30: fallback_dob 00-0020972; covered [2002, 2003]; missing []
 397 Alshermond Singleton 1975-08-07: exact 00-0014991; covered [1997, 1998, 1999, 2000, 2001, 2002, 2003]; missing []
 398 Dexter Coakley 1972-10-20: fallback_dob 00-0003140; covered [1997, 1998, 1999, 2000, 2001, 2002, 2003]; missing []
 399 Markus Steele 1979-07-24: exact 00-0020408; covered [2001, 2002, 2003]; missing []
 401 Quincy Carter 1977-10-13: fallback_dob 00-0020404; covered [2001, 2002, 2003]; missing []
 402 Vinny Testaverde 1963-11-13: fallback_dob 00-0016193; covered [1987, 1988, 1989, 1990, 1991, 1992, 1993, 1994, 1995, 1996, 1997, 1998, 1999, 2000, 2001, 2002, 2003]; missing []
 404 Chad Hutchinson 1977-02-21: exact 00-0020562; covered [2002, 2003]; missing []
 405 Darren Woodson 1969-04-25: exact 00-0018228; covered [1992, 1993, 1994, 1995, 1996, 1997, 1998, 1999, 2000, 2001, 2002, 2003]; missing []
 406 Tony Dixon 1979-06-18: exact 00-0020419; covered [2001, 2002, 2003]; missing []
 412 Dan Campbell 1976-04-13: fallback_dob 00-0002565; covered [1999, 2000, 2001, 2002, 2003]; missing []
 413 Jason Witten 1982-05-06: fallback_dob 00-0022127; covered [2003]; missing []
 415 Jeff Robinson 1970-02-20: fallback_dob 00-0013872; covered [1993, 1994, 1995, 1996, 1997, 1998, 2003]; missing []; unmapped ['1999:LA (team code LA in 1999: ambiguous: use RAM (Rams) or RAI (Raiders))', '2000:LA (team code LA in 2000: ambiguous: use RAM (Rams) or RAI (Raiders))', '2001:LA (team code LA in 2001: ambiguous: use RAM (Rams) or RAI (Raiders))']
 416 Keyshawn Johnson 1972-07-22: exact 00-0008561; covered [1996, 1997, 1998, 1999, 2000, 2001, 2002, 2003]; missing []
 417 Terry Glenn 1974-07-23: exact 00-0006043; covered [1996, 1997, 1998, 1999, 2000, 2001, 2002, 2003]; missing []
 418 Antonio Bryant 1981-03-09: exact 00-0021191; covered [2002, 2003]; missing []
 420 Zuriel Smith 1980-01-15: exact 00-0022024; covered [2003]; missing []
 424 Champ Bailey 1980-02-14: none; seasons [1999, 2000, 2001, 2002, 2003]
 425 Kelly Herndon 1973-11-10: none; seasons [2002, 2003]
 426 Lenny Walls 1977-10-06: none; seasons [2002, 2003]
 427 Willie Middlebrooks 1981-04-14: none; seasons [2001, 2002, 2003]
 430 Trevor Pryce 1979-01-20: none; seasons [1997, 1998, 1999, 2000, 2001, 2002, 2003]
 431 Reggie Hayward 1971-01-04: none; seasons [2001, 2002, 2003]
 432 Marco Coleman 1974-01-05: none; seasons [1992, 1993, 1994, 1995, 1996, 1997, 1998, 1999, 2000, 2001, 2002, 2003]
 433 Raylee Johnson 1982-08-04: fallback_dob 00-0022614; covered []; missing [1993, 1994, 1995, 1996, 1997, 1998, 1999, 2001, 2002, 2003]
 434 Mario Fatafehi 1974-11-27: none; seasons [2001, 2002, 2003]
 435 Darius Holland 1978-01-05: none; seasons [1995, 1996, 1997, 1998, 1999, 2000, 2002, 2003]
 436 Luther Elliss 1980-11-16: none; seasons [1995, 1996, 1997, 1998, 1999, 2000, 2001, 2002]
 437 Monsanto Pope 1975-08-03: none; seasons [2002, 2003]
 438 Mike Anderson 1978-06-22: none; seasons [2000, 2001, 2002, 2003]
 439 Reuben Droughns 1980-05-29: none; seasons [2001, 2002, 2003]
 440 Nick Ferguson 1980-06-09: none; seasons [2000, 2001, 2002, 2003]
 441 Sam Brandon 1977-08-11: none; seasons [2002, 2003]
 444 Cooper Carlisle 1972-01-18: none; seasons [2000, 2001]
 445 Garrison Hearst 1976-11-03: none; seasons [1993, 1994, 1995, 1996, 1997, 1998, 2001, 2002, 2003]
 446 Quentin Griffin 1977-08-18: none; seasons [2003]
 449 Al Wilson 1980-01-23: none; seasons [1999, 2000, 2001, 2002, 2003]
 450 Terry Pierce 1979-11-02: none; seasons [2003]
 451 Jason Elam 1973-03-22: none; seasons [1993, 1994, 1995, 1996, 1997, 1998, 1999, 2000, 2001, 2002, 2003]
 452 John Mobley 1971-05-13: none; seasons [1996, 1997, 1998, 1999, 2000, 2001, 2002, 2003]
 454 Jashon Sykes 1972-02-26: none; seasons [2002]
 455 Donnie Spragan 1974-01-09: none; seasons [2002, 2003]
 456 Micah Knorr 1976-10-18: none; seasons [2000, 2001, 2002, 2003]
 457 Jake Plummer 1978-01-27: none; seasons [1997, 1998, 1999, 2000, 2001, 2002, 2003]
 458 Danny Kanell 1977-11-15: none; seasons [1996, 1997, 1998, 1999, 2000, 2003]
 460 John Lynch 1980-03-23: none; seasons [1993, 1994, 1995, 1996, 1997, 1998, 1999, 2000, 2001, 2002, 2003]
 461 Kenoy Kennedy 1981-10-20: none; seasons [2000, 2001, 2002, 2003]
 464 Dwayne Carswell 1971-10-17: none; seasons [1994, 1995, 1996, 1997, 1998, 1999, 2000, 2001, 2002, 2003]
 466 Jed Weaver 1982-07-20: none; seasons [1999, 2000, 2001, 2002, 2003]
 467 O.J. Santiago 1978-12-12: none; seasons [1997, 1998, 1999, 2001, 2003]
 468 Byron Chamberlain 1979-03-01: none; seasons [1995, 1996, 1997, 1998, 1999, 2000, 2001, 2002, 2003]
 469 Rod Smith 1982-04-27: none; seasons [1995, 1996, 1997, 1998, 1999, 2000, 2001, 2002, 2003]
 470 Ashley Lelie 1974-01-13: none; seasons [2002, 2003]
 472 Adrian Madise 1979-02-12: none; seasons [2003]
 475 Mike Leach 1980-02-16: none; seasons [2000, 2001]
 477 Fernando Bryant 1977-03-26: exact 00-0002138; covered [1999, 2000, 2001, 2002, 2003]; missing []
 478 Dre' Bly 1977-05-22: fallback_dob 00-0001388; covered [1999, 2000, 2001, 2002, 2003]; missing []
 479 Chris Cash 1980-07-13: fallback_dob 00-0021288; covered [2002]; missing []
 480 Andre' Goodman 1978-08-11: exact 00-0021194; covered [2002, 2003]; missing []
 481 Dainon Sidney 1975-05-30: exact 00-0014859; covered [1998, 1999, 2000, 2001, 2002, 2003]; missing []
 483 Robert Porcher 1969-07-30: exact 00-0013118; covered [1992, 1993, 1994, 1995, 1996, 1997, 1998, 1999, 2000, 2001, 2002, 2003]; missing []
 484 James Hall 1977-02-04: exact 00-0019387; covered [2000, 2001, 2002, 2003]; missing []
 485 Kalimba Edwards 1979-12-26: exact 00-0021165; covered [2002, 2003]; missing []
 486 Shaun Rogers 1979-03-12: exact 00-0020528; covered [2001, 2002, 2003]; missing []
 487 Dan Wilkinson 1973-03-13: fallback_dob 00-0017698; covered [1994, 1995, 1996, 1997, 1998, 1999, 2000, 2001, 2002, 2003]; missing []
 488 Marcus Bell 1979-06-01: exact 00-0020297; covered [2001, 2002, 2003]; missing []
 489 Kelvin Pritchett 1969-10-24: exact 00-0013261; covered [1991, 1992, 1993, 1994, 1995, 1996, 1997, 1998, 1999, 2000, 2001, 2002, 2003]; missing []
 490 Cory Redding 1980-11-15: exact 00-0021998; covered [2003]; missing []
 491 Cory Schlesinger 1972-06-23: exact 00-0014450; covered [1995, 1996, 1997, 1998, 1999, 2000, 2001, 2002, 2003]; missing []
 492 Brock Marion 1970-06-11: exact 00-0010381; covered [1993, 1994, 1995, 1996, 1997, 1998, 1999, 2000, 2001, 2002, 2003]; missing []
 493 Terrence Holt 1980-03-05: exact 00-0021953; covered [2003]; missing []
 498 Shawn Bryson 1976-08-26: none; seasons [2000, 2001, 2002, 2003]
 499 Artose Pinner 1978-01-05: exact 00-0022006; covered [2003]; missing []
 500 Olandis Gary 1975-05-18: exact 00-0005816; covered [1999, 2000, 2001, 2002, 2003]; missing []
 501 Paul Smith 1978-01-31: exact 00-0019673; covered [2000, 2001, 2002, 2003]; missing []
 502 Avon Cobourne 1979-03-06: exact 00-0021528; covered [2003]; missing []
 503 Earl Holmes 1973-04-28: exact 00-0007652; covered [1996, 1997, 1998, 1999, 2000, 2001, 2002, 2003]; missing []
 504 Wali Rainer 1977-04-19: exact 00-0013375; covered [1999, 2000, 2001, 2002, 2003]; missing []
 505 Jason Hanson 1970-06-17: exact 00-0006800; covered [1992, 1993, 1994, 1995, 1996, 1997, 1998, 1999, 2000, 2001, 2002, 2003]; missing []
 506 Boss Bailey 1979-10-14: fallback_dob 00-0022048; covered [2003]; missing []
 509 James Davis 1979-04-28: none; seasons [2003]
 510 Donte' Curry 1978-07-22: exact 00-0019852; covered [2001, 2002, 2003]; missing []
 511 Nick Harris 1978-07-23: fallback_dob 00-0020267; covered [2001, 2002, 2003]; missing []
 512 Joey Harrington 1978-10-21: fallback_dob 00-0021141; covered [2002, 2003]; missing []
 513 Mike McMahon 1979-02-08: fallback_dob 00-0020308; covered [2001, 2002, 2003]; missing []
 514 Rick Mirer 1970-03-19: exact 00-0011378; covered [1993, 1994, 1995, 1996, 1997, 2000, 2001, 2003]; missing []
 515 Brian Walker 1972-05-31: exact 00-0017013; covered [1996, 1997, 1998, 1999, 2000, 2001, 2002, 2003]; missing []
 516 Bracy Walker 1970-10-28: exact 00-0017012; covered [1994, 1995, 1996, 1997, 1998, 1999, 2000, 2001, 2002, 2003]; missing []
 520 Stephen Alexander 1975-11-07: exact 00-0000166; covered [1998, 1999, 2000, 2001, 2002, 2003]; missing []
 521 Casey Fitzsimmons 1980-10-10: exact 00-0021525; covered [2003]; missing []
 522 Brad Banta 1970-12-14: fallback_dob 00-0000727; covered [1994, 1995, 1996, 1997, 1998, 1999, 2000, 2001, 2002]; missing []
 523 Charles Rogers 1981-05-23: exact 00-0022072; covered [2003]; missing []
 525 Tai Streets 1977-04-20: exact 00-0015811; covered [1999, 2000, 2001, 2002, 2003]; missing []
 526 Az-zahir Hakim 1977-06-03: exact 00-0006627; covered [1998, 2002, 2003]; missing []; unmapped ['1999:LA (team code LA in 1999: ambiguous: use RAM (Rams) or RAI (Raiders))', '2000:LA (team code LA in 2000: ambiguous: use RAM (Rams) or RAI (Raiders))', '2001:LA (team code LA in 2001: ambiguous: use RAM (Rams) or RAI (Raiders))']
 527 Scotty Anderson 1979-11-24: fallback_dob 00-0020370; covered [2001, 2002, 2003]; missing []
 528 Reggie Swinton 1975-07-24: fallback_dob 00-0015980; covered [2001, 2002, 2003]; missing []
 530 Mike McKenzie 1976-04-26: fallback_dob 00-0010944; covered [1999, 2000, 2001, 2002, 2003]; missing []
 531 Al Harris 1974-12-07: fallback_dob 00-0006915; covered [1998, 1999, 2000, 2001, 2002, 2003]; missing []
 533 Michael Hawthorne 1977-01-26: exact 00-0019498; covered [2000, 2001, 2002, 2003]; missing []
 534 Bhawoh Jue 1979-05-24: exact 00-0020367; covered [2001, 2003]; missing []
 535 James Whitley 1979-05-13: exact 00-0020600; covered [2002, 2003]; missing []
 537 Chris Watson 1977-06-30: exact 00-0017299; covered [1999, 2000, 2001, 2002]; missing []
 538 Chukie Nwokorie 1975-07-10: fallback_dob 00-0012229; covered [1999, 2000, 2001, 2002, 2003]; missing []
 539 Kabeer Gbaja-Biamila 1977-09-27: none; seasons [2000, 2001, 2002, 2003]
 540 Aaron Kampman 1979-11-30: exact 00-0021269; covered [2002, 2003]; missing []
 541 Larry Smith 1974-12-04: exact 00-0015247; covered [1999, 2000, 2001, 2002, 2003]; missing []
 542 Grady Jackson 1973-01-21: exact 00-0008124; covered [1997, 1998, 1999, 2000, 2001, 2002, 2003]; missing []
 543 Cletidus Hunt 1976-01-02: exact 00-0007929; covered [1999, 2000, 2001, 2002, 2003]; missing []
 545 Kenny Peterson 1978-11-21: fallback_dob 00-0022002; covered [2003]; missing []
 547 William Henderson 1971-02-19: exact 00-0007254; covered [1995, 1996, 1997, 1998, 1999, 2000, 2001, 2002, 2003]; missing []
 548 Nicolas Luchey 1977-03-30: fallback_dob 00-0017896; covered [1999, 2000, 2001, 2002, 2003]; missing []
 549 Mark Roman 1977-03-26: exact 00-0019724; covered [2000, 2001, 2002, 2003]; missing []
 550 Curtis Fuller 1978-07-05: none; seasons [2001, 2002, 2003]
 554 Ahman Green 1977-02-16: exact 00-0006305; covered [1998, 1999, 2000, 2001, 2002, 2003]; missing []
 555 Tony Fisher 1979-10-12: fallback_dob 00-0020964; covered [2002, 2003]; missing []
 556 Najeh Davenport 1979-02-08: exact 00-0021252; covered [2002, 2003]; missing []
 557 Nick Barnett 1981-05-27: fallback_dob 00-0021990; covered [2003]; missing []
 558 Torrance Marshall 1977-06-12: exact 00-0020431; covered [2001, 2002, 2003]; missing []
 559 Armegis Spearman 1978-04-05: exact 00-0019115; covered [2001, 2003]; missing []
 560 Ryan Longwell 1974-08-16: exact 00-0010072; covered [1997, 1998, 1999, 2000, 2001, 2002, 2003]; missing []
 561 Hannibal Navies 1977-01-19: none; seasons [1999, 2000, 2001, 2002, 2003]
 562 Na'il Diggs 1978-07-08: exact 00-0019467; covered [2000, 2001, 2002, 2003]; missing []
 563 Paris Lenon 1977-11-26: exact 00-0019104; covered [2002, 2003]; missing []
 565 Brett Favre 1969-10-10: exact 00-0005106; covered [1991, 1992, 1993, 1994, 1995, 1996, 1997, 1998, 1999, 2000, 2001, 2002, 2003]; missing []
 566 Tim Couch 1980-03-09: none; seasons [1999, 2000, 2001, 2002, 2003]
 567 Doug Pederson 1968-01-31: fallback_dob 00-0012726; covered [1993, 1996, 1997, 1998, 1999, 2000, 2001, 2002, 2003]; missing []
 568 Darren Sharper 1975-11-03: exact 00-0014724; covered [1997, 1998, 1999, 2000, 2001, 2002, 2003]; missing []
 569 Marques Anderson 1979-05-26: exact 00-0021217; covered [2002, 2003]; missing []
 573 Bubba Franks 1978-01-06: fallback_dob 00-0019644; covered [2000, 2001, 2002, 2003]; missing []
 574 David Martin 1979-03-13: exact 00-0020332; covered [2001, 2002, 2003]; missing []
 575 Robert Ferguson 1979-12-17: exact 00-0020428; covered [2001, 2002, 2003]; missing []
 576 Donald Driver 1975-02-02: exact 00-0004541; covered [1999, 2000, 2001, 2002, 2003]; missing []
 577 Javon Walker 1978-10-14: exact 00-0021153; covered [2002, 2003]; missing []
 578 Antonio Chatman 1979-02-12: exact 00-0019997; covered [2003]; missing []
 581 Rob Davis 1968-12-10: fallback_dob 00-0004038; covered [1996, 1998, 1999, 2000, 2001]; missing []
 583 Nicholas Harper 1974-09-10: exact 00-0019733; covered [2002, 2003]; missing []
 584 Joseph Jefferson 1980-02-15: exact 00-0021199; covered [2003]; missing []
 587 Donald Strickland 1980-11-24: exact 00-0022158; covered [2003]; missing []
 588 Raheem Brock 1978-06-10: exact 00-0021340; covered [2002, 2003]; missing []
 589 Dwight Freeney 1980-02-19: exact 00-0021146; covered [2002, 2003]; missing []
 590 Brad Scioli 1976-09-06: exact 00-0014530; covered [1999, 2000, 2001, 2002, 2003]; missing []
 591 Larry Tripplett 1979-01-18: exact 00-0021171; covered [2002, 2003]; missing []
 592 Montae Reagor 1977-06-29: fallback_dob 00-0013471; covered [1999, 2000, 2001, 2002, 2003]; missing []
 593 Josh Williams 1976-08-09: exact 00-0019529; covered [2000, 2001, 2002, 2003]; missing []
 595 Idrees Bashir 1978-12-07: exact 00-0020468; covered [2001, 2002, 2003]; missing []
 596 Anthony Floyd 1981-02-02: none; seasons [2003]
 600 Edgerrin James 1978-08-01: exact 00-0008241; covered [1999, 2000, 2001, 2002, 2003]; missing []
 601 Dominic Rhodes 1979-01-17: exact 00-0019863; covered [2001, 2003]; missing []
 602 James Mungro 1978-02-13: exact 00-0020700; covered [2002, 2003]; missing []
 604 Rob Morris 1975-01-18: fallback_dob 00-0019698; covered [2000, 2001, 2002, 2003]; missing []
 605 Jim Nelson 1975-04-16: fallback_dob 00-0012005; covered [1999, 2000, 2001, 2002, 2003]; missing []
 607 Mike Vanderjagt 1970-03-24: fallback_dob 00-0016830; covered [1998, 1999, 2000, 2001, 2002, 2003]; missing []
 609 Gary Brackett 1980-05-23: exact 00-0021484; covered [2003]; missing []
 610 David Thornton 1978-11-01: exact 00-0021230; covered [2002, 2003]; missing []
 611 Cato June 1979-11-18: exact 00-0022065; covered [2003]; missing []
 614 Hunter Smith 1977-08-09: exact 00-0015194; covered [1999, 2000, 2001, 2002, 2003]; missing []
 615 Peyton Manning 1976-03-24: exact 00-0010346; covered [1998, 1999, 2000, 2001, 2002, 2003]; missing []
 616 Cory Sauter 1974-11-21: exact 00-0014384; covered []; missing [2001]
 619 Mike Doss 1981-03-24: fallback_dob 00-0022162; covered [2003]; missing []
 621 Cory Bird 1978-08-10: exact 00-0020477; covered [2001, 2002, 2003]; missing []
 626 Marcus Pollard 1972-02-08: exact 00-0013080; covered [1995, 1996, 1997, 1998, 1999, 2000, 2001, 2002, 2003]; missing []
 627 Dallas Clark 1979-06-12: exact 00-0022165; covered [2003]; missing []
 629 Reggie Wayne 1978-11-17: fallback_dob 00-0020498; covered [2001, 2002, 2003]; missing []
 630 Marvin Harrison 1972-08-25: exact 00-0007024; covered [1996, 1997, 1998, 1999, 2000, 2001, 2002, 2003]; missing []
 631 Brandon Stokley 1976-06-23: exact 00-0015754; covered [1999, 2000, 2001, 2002, 2003]; missing []
 632 Troy Walters 1976-12-15: exact 00-0019552; covered [2000, 2001, 2002, 2003]; missing []
 633 Aaron Moorehead 1980-11-05: exact 00-0021780; covered [2003]; missing []
 635 Justin Snow 1976-12-21: exact 00-0019188; covered [2000, 2001]; missing []
 636 Juran Bolden 1974-06-27: exact 00-0001427; covered [1996, 1997, 1998, 1999, 2002, 2003]; missing []
 637 Rashean Mathis 1980-08-27: exact 00-0022080; covered [2003]; missing []
 638 Dewayne Washington 1972-12-27: exact 00-0017241; covered [1994, 1995, 1996, 1997, 1998, 1999, 2000, 2001, 2002, 2003]; missing []
 639 Kiwaukee Thomas 1977-06-19: exact 00-0019485; covered [2000, 2001, 2002, 2003]; missing []
 641 Tony Brackens 1974-12-26: exact 00-0001623; covered [1996, 1997, 1998, 1999, 2000, 2001, 2002, 2003]; missing []
 642 Hugh Douglas 1971-08-23: exact 00-0004470; covered [1995, 1996, 1997, 1998, 1999, 2000, 2001, 2002, 2003]; missing []
 643 Paul Spicer 1975-08-18: exact 00-0015468; covered [1999, 2000, 2001, 2002, 2003]; missing []
 644 Lionel Barnes 1976-04-19: exact 00-0000780; covered [2000, 2001, 2003]; missing []
 646 Marcus Stroud 1978-06-25: exact 00-0020492; covered [2001, 2002, 2003]; missing []
 647 John Henderson 1979-01-09: exact 00-0021144; covered [2002, 2003]; missing []
 648 Rob Meier 1977-08-29: fallback_dob 00-0018970; covered [2000, 2001, 2002, 2003]; missing []
 650 Marc Edwards 1974-11-17: exact 00-0004768; covered [1997, 1998, 1999, 2000, 2001, 2002, 2003]; missing []
 651 Chris Fuamatu-Ma'afala 1977-03-04: exact 00-0005620; covered [1998, 1999, 2000, 2001, 2002, 2003]; missing []
 652 Deon Grant 1979-03-14: exact 00-0019560; covered [2001, 2002, 2003]; missing []
 656 Fred Taylor 1976-06-27: none; seasons [1998, 1999, 2000, 2001, 2002, 2003]
 658 LaBrandon Toefield 1980-09-24: exact 00-0022057; covered [2003]; missing []
 659 David Allen 1978-02-09: none; seasons [2003]
 660 Mike Peterson 1976-06-17: fallback_dob 00-0012871; covered [1999, 2000, 2001, 2002, 2003]; missing []
 663 Greg Favors 1974-09-30: fallback_dob 00-0005105; covered [1998, 1999, 2000, 2001, 2002, 2003]; missing []
 664 Akin Ayodele 1979-09-17: fallback_dob 00-0021214; covered [2002, 2003]; missing []
 665 Tommy Hendricks 1978-10-23: fallback_dob 00-0019247; covered [2000, 2001, 2002, 2003]; missing []
 666 Hakim Akbar 1980-08-11: fallback_dob 00-0020330; covered [2001, 2002]; missing []
 668 Chris Hanson 1976-10-25: fallback_dob 00-0006799; covered [2002, 2003]; missing []
 669 Byron Leftwich 1980-01-14: exact 00-0022177; covered [2003]; missing []
 670 David Garrard 1978-02-14: exact 00-0021231; covered [2002, 2003]; missing []
 672 Donovin Darius 1975-08-12: exact 00-0003897; covered [1998, 1999, 2000, 2001, 2002, 2003]; missing []
 673 Anthony Mitchell 1974-12-13: exact 00-0011390; covered [2000, 2001, 2002, 2003]; missing []
 678 Kyle Brady 1972-01-14: exact 00-0001661; covered [1995, 1996, 1997, 1998, 1999, 2000, 2001, 2002, 2003]; missing []
 679 Chris Luzar 1979-02-12: fallback_dob 00-0021090; covered [2002, 2003]; missing []
 680 Jimmy Smith 1969-02-09: exact 00-0015218; covered [1992, 1995, 1996, 1997, 1998, 1999, 2000, 2001, 2002, 2003]; missing []
 682 Troy Edwards 1977-04-17: none; seasons [1999, 2000, 2001, 2002, 2003]
 684 Matthew Hatchette 1974-05-01: exact 00-0007103; covered [1997, 1998, 1999, 2000, 2001, 2003]; missing []
 685 Jermaine Lewis 1974-10-16: exact 00-0009869; covered [1996, 1997, 1998, 1999, 2000, 2001, 2002, 2003]; missing []
 688 Joe Zelenka 1976-03-09: fallback_dob 00-0018486; covered [1999, 2000]; missing []
 689 Eric Warfield 1976-03-03: exact 00-0017193; covered [1998, 1999, 2000, 2001, 2002, 2003]; missing []
 690 Dexter McCleon 1973-10-09: exact 00-0010699; covered [1997, 1998, 1999, 2000, 2001, 2002, 2003]; missing []
 691 William Bartee 1977-06-25: exact 00-0019655; covered [2000, 2001, 2002, 2003]; missing []
 692 Julian Battle 1981-07-11: exact 00-0021866; covered [2003]; missing []
 693 Eric Hicks 1976-06-17: exact 00-0007375; covered [1998, 1999, 2000, 2001, 2002, 2003]; missing []
 694 Vonnie Holliday 1975-12-11: fallback_dob 00-0007611; covered [1998, 1999, 2000, 2001, 2002, 2003]; missing []
 695 Eddie Freeman 1978-01-04: exact 00-0021082; covered [2002, 2003]; missing []
 696 R-Kal Truluck 1974-09-30: exact 00-0016635; covered [2002, 2003]; missing []
 698 John Browning 1973-09-30: exact 00-0002090; covered [1996, 1997, 1998, 2000, 2001, 2002, 2003]; missing []
 699 Ryan Sims 1980-05-04: exact 00-0021382; covered [2002, 2003]; missing []
 700 Lional Dalton 1975-02-21: exact 00-0003838; covered [1998, 1999, 2000, 2001, 2002, 2003]; missing []
 702 Tony Richardson 1971-12-17: fallback_dob 00-0013694; covered [1995, 1996, 1997, 1998, 1999, 2000, 2001, 2002, 2003]; missing []
 703 Omar Easy 1977-10-29: exact 00-0021087; covered [2002, 2003]; missing []
 704 Jerome Woods 1973-03-17: exact 00-0018212; covered [1996, 1997, 1998, 1999, 2000, 2001, 2003]; missing []
 705 Shaunard Harts 1978-08-04: exact 00-0020358; covered [2001, 2002, 2003]; missing []
 710 Priest Holmes 1973-10-07: exact 00-0007661; covered [1997, 1998, 1999, 2000, 2001, 2002, 2003]; missing []
 711 Larry Johnson 1979-11-19: exact 00-0021976; covered [2003]; missing []
 712 Derrick Blaylock 1979-08-23: exact 00-0020315; covered [2001, 2002, 2003]; missing []
 713 Mike Maslowski 1974-07-11: fallback_dob 00-0010496; covered [1999, 2000, 2001, 2002, 2003]; missing []
 714 Kawika Mitchell 1979-10-10: exact 00-0021970; covered [2003]; missing []
 715 Morten Andersen 1960-08-19: exact 00-0000282; covered [1982, 1983, 1984, 1985, 1986, 1987, 1988, 1989, 1990, 1991, 1992, 1993, 1994, 1995, 1996, 1997, 1998, 1999, 2000, 2001, 2002, 2003]; missing []
 716 Scott Fujita 1979-04-28: exact 00-0021259; covered [2002, 2003]; missing []
 717 Shawn Barber 1975-01-14: exact 00-0000743; covered [1998, 1999, 2000, 2001, 2002, 2003]; missing []
 718 Fred Jones 1977-10-18: exact 00-0019356; covered [2000, 2001, 2003]; missing []
 719 Quinton Caver 1978-08-22: exact 00-0020501; covered [2001, 2002, 2003]; missing []
 721 Jason Baker 1978-05-17: exact 00-0019921; covered [2001, 2002, 2003]; missing []
 722 Trent Green 1970-07-09: exact 00-0006355; covered [1997, 1998, 2001, 2002, 2003]; missing []; unmapped ['2000:LA (team code LA in 2000: ambiguous: use RAM (Rams) or RAI (Raiders))']
 723 Todd Collins 1971-11-05: exact 00-0003315; covered [1995, 1996, 1997, 2001, 2002, 2003]; missing []
 724 Damon Huard 1973-07-09: exact 00-0007835; covered [1998, 1999, 2000, 2002, 2003]; missing []
 725 Greg Wesley 1978-03-19: fallback_dob 00-0019463; covered [2000, 2001, 2002, 2003]; missing []
 726 Clint Finley 1977-03-27: exact 00-0020595; covered [2002]; missing []
 731 Tony Gonzalez 1976-02-27: fallback_dob 00-0006101; covered [1997, 1998, 1999, 2000, 2001, 2002, 2003]; missing []
 733 Jason Dunn 1973-11-15: exact 00-0004637; covered [1996, 1997, 1998, 2000, 2001, 2002, 2003]; missing []
 734 Johnnie Morton 1971-10-07: exact 00-0011727; covered [1994, 1995, 1996, 1997, 1998, 1999, 2000, 2001, 2002, 2003]; missing []
 735 Eddie Kennison 1973-01-20: exact 00-0009163; covered [1996, 1997, 1998, 1999, 2000, 2001, 2002, 2003]; missing []
 736 Dante' Hall 1978-09-20: fallback_dob 00-0019539; covered [2000, 2001, 2002, 2003]; missing []
 737 Marc Boerigter 1978-05-04: exact 00-0020583; covered [2002, 2003]; missing []
 741 Kendall Gammon 1968-10-23: exact 00-0005732; covered [1992, 1993, 1994, 1995, 1996, 1997, 1998, 1999, 2000, 2001, 2002]; missing []
 742 Patrick Surtain 1976-06-19: exact 00-0015915; covered [1998, 1999, 2000, 2001, 2002, 2003]; missing []
 743 Sam Madison 1974-04-23: fallback_dob 00-0010264; covered [1997, 1998, 1999, 2000, 2001, 2002, 2003]; missing []
 744 Reggie Howard 1977-05-17: fallback_dob 00-0019101; covered [2000, 2001, 2002, 2003]; missing []
 746 Adewale Ogunleye 1977-08-09: exact 00-0019246; covered [2001, 2002, 2003]; missing []
 747 Jason Taylor 1974-09-01: exact 00-0016112; covered [1997, 1998, 1999, 2000, 2001, 2002, 2003]; missing []
 748 Jay Williams 1971-10-13: exact 00-0017825; covered [1995, 1996, 1997, 1998, 1999, 2000, 2001, 2002, 2003]; missing []
 749 David Bowens 1977-07-03: exact 00-0001563; covered [1999, 2000, 2001, 2002, 2003]; missing []
 750 Tim Bowens 1973-02-07: fallback_dob 00-0001566; covered [1994, 1995, 1996, 1997, 1998, 1999, 2000, 2001, 2002, 2003]; missing []
 751 Larry Chester 1975-10-17: exact 00-0002938; covered [1998, 1999, 2000, 2001, 2002, 2003]; missing []
 752 Jeff Zgonina 1970-05-24: fallback_dob 00-0018503; covered [1993, 1994, 1995, 1996, 1997, 1998, 1999, 2000, 2001, 2002, 2003]; missing []
 753 Dario Romero 1978-04-13: exact 00-0020599; covered [2002]; missing []
 754 Rob Konrad 1976-11-12: fallback_dob 00-0009417; covered [1999, 2000, 2001, 2002, 2003]; missing []
 755 Sammy Morris 1977-03-23: fallback_dob 00-0019484; covered [2000, 2001, 2002, 2003]; missing []
 756 Arturo Freeman 1976-10-27: exact 00-0019551; covered [2000, 2001, 2002, 2003]; missing []
 757 Shawn Wooden 1973-10-23: exact 00-0018194; covered [1996, 1997, 1998, 1999, 2000, 2001, 2002, 2003]; missing []
 759 Jeno James 1977-01-12: fallback_dob 00-0019493; covered [2000, 2001]; missing []
 764 Ricky Williams 1977-05-21: fallback_dob 00-0017915; covered [1999, 2000, 2001, 2002, 2003]; missing []
 765 Travis Minor 1979-06-30: exact 00-0020448; covered [2001, 2002, 2003]; missing []
 767 Zach Thomas 1973-09-01: fallback_dob 00-0016344; covered [1996, 1997, 1998, 1999, 2000, 2001, 2002, 2003]; missing []
 769 Olindo Mare 1973-06-06: exact 00-0010373; covered [1997, 1998, 1999, 2000, 2001, 2002, 2003]; missing []
 770 Morlon Greenwood 1978-07-17: exact 00-0020449; covered [2001, 2002, 2003]; missing []
 771 Junior Seau 1969-01-19: fallback_dob 00-0014619; covered [1990, 1991, 1992, 1993, 1994, 1995, 1996, 1997, 1998, 1999, 2000, 2001, 2002, 2003]; missing []
 773 Corey Jenkins 1976-08-25: exact 00-0021913; covered [2003]; missing []
 774 Matt Turk 1968-06-16: exact 00-0016689; covered [1995, 1996, 1997, 1998, 1999, 2000, 2001, 2002, 2003]; missing []
 775 A.J. Feeley 1977-05-16: fallback_dob 00-0020305; covered [2002, 2003]; missing []
 776 Jay Fiedler 1971-12-29: exact 00-0005180; covered [1998, 1999, 2000, 2001, 2002, 2003]; missing []
 777 Sage Rosenfels 1978-03-06: exact 00-0020480; covered [2001, 2002, 2003]; missing []
 778 Sammy Knight 1975-09-10: exact 00-0009357; covered [1997, 1998, 1999, 2000, 2001, 2002, 2003]; missing []
 779 Antuan Edwards 1977-05-26: exact 00-0004747; covered [1999, 2000, 2001, 2002, 2003]; missing []
 784 Randy McMichael 1979-06-28: exact 00-0021236; covered [2002, 2003]; missing []
 785 Donald Lee 1980-08-31: exact 00-0021929; covered [2003]; missing []
 786 Ed Perry 1974-09-01: fallback_dob 00-0012809; covered [1997, 1998, 1999, 2000, 2001, 2002]; missing []
 787 David Boston 1978-08-19: exact 00-0001532; covered [1999, 2000, 2001, 2002, 2003]; missing []
 788 Chris Chambers 1978-08-12: exact 00-0020446; covered [2001, 2002, 2003]; missing []
 789 Derrius Thompson 1977-07-05: exact 00-0016373; covered [2000, 2001, 2002, 2003]; missing []
 790 Snoop Minnis 1977-02-06: fallback_dob 00-0020272; covered [2002, 2003]; missing []
 792 Terrence Wilkins 1975-07-29: exact 00-0017697; covered [1999, 2000, 2001, 2002, 2003]; missing []
 795 Brian Williams 1979-07-02: exact 00-0021229; covered [2002, 2003]; missing []
 796 Antoine Winfield 1977-06-24: exact 00-0018093; covered [1999, 2000, 2001, 2002, 2003]; missing []
 797 Ken Irvin 1972-07-11: fallback_dob 00-0008041; covered [1995, 1996, 1997, 1998, 1999, 2000, 2001, 2002, 2003]; missing []
 798 Eric Kelly 1977-01-15: exact 00-0020473; covered [2001, 2002, 2003]; missing []
 799 Kenny Mixon 1975-05-31: fallback_dob 00-0011446; covered [1998, 1999, 2000, 2001, 2002, 2003]; missing []
 801 Chuck Wiley 1975-03-06: fallback_dob 00-0017668; covered [1998, 1999, 2000, 2001, 2002, 2003]; missing []
 802 Nick Rogers 1979-05-31: fallback_dob 00-0021290; covered [2002, 2003]; missing []
 803 Lance Johnstone 1973-06-11: exact 00-0008664; covered [1996, 1997, 1998, 1999, 2000, 2001, 2002, 2003]; missing []
 805 Chris Hovan 1978-05-12: fallback_dob 00-0019696; covered [2000, 2001, 2002, 2003]; missing []
 806 Kevin Williams 1980-08-16: exact 00-0022073; covered [2003]; missing []
 807 Billy Lyon 1973-12-10: fallback_dob 00-0010196; covered [1998, 1999, 2000, 2001, 2002, 2003]; missing []
 808 Steve Martin 1974-05-31: fallback_dob 00-0010472; covered [1996, 1997, 1998, 1999, 2000, 2001, 2002, 2003]; missing []
 809 Jim Kleinsasser 1977-01-31: fallback_dob 00-0009323; covered [1999, 2000, 2001, 2002, 2003]; missing []
 811 Brian Russell 1978-02-05: exact 00-0020199; covered [2002, 2003]; missing []
 812 Tyrone Carter 1976-03-31: exact 00-0019537; covered [2000, 2001, 2002, 2003]; missing []
 817 Michael Bennett 1978-08-13: exact 00-0020514; covered [2001, 2002, 2003]; missing []
 818 Moe Williams 1974-07-26: ambiguous; seasons [1996, 1997, 1998, 1999, 2000, 2001, 2002, 2003]
 819 Onterrio Smith 1980-12-08: exact 00-0022138; covered [2003]; missing []
 821 E.J. Henderson 1980-08-03: fallback_dob 00-0022081; covered [2003]; missing []
 823 Aaron Elling 1978-05-31: exact 00-0021080; covered [2003]; missing []
 824 Chris Claiborne 1978-07-26: fallback_dob 00-0003005; covered [1999, 2000, 2001, 2002, 2003]; missing []
 826 Mike Nattiel 1980-11-08: fallback_dob 00-0021961; covered [2003]; missing []
 827 Raonall Smith 1978-10-22: exact 00-0021167; covered [2002]; missing []
 828 Darren Bennett 1965-01-09: exact 00-0001101; covered [1995, 1996, 1997, 1998, 1999, 2000, 2001, 2002, 2003]; missing []
 829 Daunte Culpepper 1977-01-28: exact 00-0003739; covered [1999, 2000, 2001, 2002, 2003]; missing []
 830 Gus Frerotte 1971-07-03: none; seasons [1994, 1995, 1996, 1997, 1998, 1999, 2000, 2001, 2002, 2003]
 832 Corey Chavous 1976-01-15: none; seasons [1998, 1999, 2000, 2001, 2002, 2003]
 833 Willie Offord 1978-12-22: exact 00-0021196; covered [2002, 2003]; missing []
 838 Jermaine Wiggins 1972-01-18: none; seasons [2000, 2001, 2002, 2003]
 840 Richard Angulo 1980-08-13: exact 00-0022041; covered [2003]; missing []
 841 Randy Moss 1977-02-13: exact 00-0011754; covered [1998, 1999, 2000, 2001, 2002, 2003]; missing []
 842 Marcus Robinson 1975-02-27: exact 00-0013888; covered [1998, 1999, 2000, 2001, 2002, 2003]; missing []
 843 Nate Burleson 1981-08-19: fallback_dob 00-0021999; covered [2003]; missing []
 844 Kelly Campbell 1980-07-23: fallback_dob 00-0020754; covered [2002, 2003]; missing []
 845 Keenan Howry 1981-06-17: exact 00-0022032; covered [2003]; missing []
 847 Brody Liddiard 1977-06-12: fallback_dob 00-0019194; covered [2000]; missing []
 848 Ty Law 1974-02-10: fallback_dob 00-0009687; covered [1995, 1996, 1997, 1998, 1999, 2000, 2001, 2002, 2003]; missing []
 849 Tyrone Poole 1972-02-03: exact 00-0013102; covered [1995, 1996, 1997, 1998, 1999, 2000, 2002, 2003]; missing []
 850 Otis Smith 1965-10-22: exact 00-0015270; covered [1991, 1992, 1993, 1994, 1995, 1996, 1997, 1998, 1999, 2000, 2001, 2002, 2003]; missing []
 851 Terrell Buckley 1971-06-07: fallback_dob 00-0002185; covered [1992, 1993, 1994, 1995, 1996, 1997, 1998, 1999, 2000, 2001, 2002, 2003]; missing []
 852 Jeff Burris 1972-06-07: fallback_dob 00-0002328; covered [1994, 1995, 1996, 1997, 1998, 1999, 2000, 2001, 2002, 2003]; missing []
 854 Ty Warren 1981-02-06: fallback_dob 00-0021989; covered [2003]; missing []
 855 Richard Seymour 1979-10-06: exact 00-0020442; covered [2001, 2002, 2003]; missing []
 856 Rodney Bailey 1979-10-07: exact 00-0020299; covered [2001, 2002, 2003]; missing []
 858 Keith Traylor 1969-09-03: fallback_dob 00-0016599; covered [1991, 1992, 1993, 1995, 1996, 1997, 1998, 1999, 2000, 2001, 2002, 2003]; missing []
 859 Dan Klecko 1981-01-12: exact 00-0021955; covered [2003]; missing []
 861 Fred McCrary 1972-09-19: fallback_dob 00-0010747; covered [1995, 1997, 1999, 2000, 2001, 2002, 2003]; missing []
 862 Patrick Pass 1977-12-31: exact 00-0019533; covered [2000, 2001, 2002, 2003]; missing []
 863 Eugene Wilson 1980-08-17: exact 00-0021992; covered [2003]; missing []
 868 Corey Dillon 1974-10-24: exact 00-0004304; covered [1997, 1998, 1999, 2000, 2001, 2002, 2003]; missing []
 869 Kevin Faulk 1976-06-05: exact 00-0005091; covered [1999, 2000, 2001, 2002, 2003]; missing []
 870 Michael Cloud 1975-07-01: exact 00-0003136; covered [1999, 2000, 2001, 2002, 2003]; missing []
 872 Roman Phifer 1968-03-05: exact 00-0012909; covered [1991, 1992, 1993, 1994, 1995, 1996, 1997, 1998, 1999, 2000, 2001, 2002, 2003]; missing []
 873 Tedy Bruschi 1973-06-09: exact 00-0002123; covered [1996, 1997, 1998, 1999, 2000, 2001, 2002, 2003]; missing []
 874 Ted Johnson 1972-12-04: exact 00-0008629; covered [1995, 1996, 1997, 1998, 1999, 2000, 2001, 2002, 2003]; missing []
 875 Larry Izzo 1974-09-26: fallback_dob 00-0008075; covered [1996, 1998, 1999, 2000, 2001, 2002, 2003]; missing []
 876 Adam Vinatieri 1972-12-28: exact 00-0016919; covered [1996, 1997, 1998, 1999, 2000, 2001, 2002, 2003]; missing []
 877 Rosevelt Colvin 1977-09-05: exact 00-0003338; covered [1999, 2000, 2001, 2002, 2003]; missing []
 878 Mike Vrabel 1975-08-14: fallback_dob 00-0016960; covered [1997, 1998, 1999, 2000, 2001, 2002, 2003]; missing []
 879 Willie McGinest 1971-12-11: fallback_dob 00-0010872; covered [1994, 1995, 1996, 1997, 1998, 1999, 2000, 2001, 2002, 2003]; missing []
 880 Josh Miller 1970-07-14: fallback_dob 00-0011279; covered [1996, 1997, 1998, 1999, 2000, 2001, 2002, 2003]; missing []
 881 Tom Brady 1977-08-03: fallback_dob 00-0019596; covered [2000, 2001, 2002, 2003]; missing []
 882 Rohan Davey 1978-04-14: none; seasons [2002, 2003]
 884 Rodney Harrison 1972-12-15: exact 00-0007030; covered [1994, 1995, 1996, 1997, 1998, 1999, 2000, 2001, 2002, 2003]; missing []
 889 Christian Fauria 1971-09-22: exact 00-0005101; covered [1995, 1996, 1997, 1998, 1999, 2000, 2001, 2002, 2003]; missing []
 890 Daniel Graham 1978-11-16: exact 00-0021154; covered [2002, 2003]; missing []
 892 Deion Branch 1979-07-18: fallback_dob 00-0021192; covered [2002, 2003]; missing []
 893 Troy Brown 1971-07-02: exact 00-0002068; covered [1993, 1994, 1995, 1996, 1997, 1998, 1999, 2000, 2001, 2002, 2003]; missing []
 894 David Patten 1974-08-19: exact 00-0012642; covered [1997, 1998, 1999, 2000, 2001, 2002, 2003]; missing []
 895 David Givens 1980-08-16: exact 00-0021353; covered [2002, 2003]; missing []
 896 Bethel Johnson 1979-02-11: exact 00-0021993; covered [2003]; missing []
 897 J.J. Stokes 1972-10-06: fallback_dob 00-0015751; covered [1995, 1996, 1997, 1998, 1999, 2000, 2001, 2002, 2003]; missing []
 901 Ashley Ambrose 1970-09-17: exact 00-0000261; covered [1992, 1993, 1994, 1995, 1996, 1997, 1998, 1999, 2000, 2001, 2002, 2003]; missing []
 902 Fred Thomas 1973-09-11: fallback_dob 00-0016263; covered [1996, 1997, 1998, 1999, 2000, 2001, 2002, 2003]; missing []
 903 Jason Craft 1976-02-13: exact 00-0003597; covered [1999, 2000, 2001, 2002, 2003]; missing []
 904 Fakhir Brown 1977-09-21: exact 00-0001934; covered [1999, 2000, 2002, 2003]; missing []
 905 Keyuo Craver 1980-08-22: exact 00-0021243; covered [2002, 2003]; missing []
 906 Charles Grant 1978-09-03: exact 00-0021156; covered [2002, 2003]; missing []
 907 Darren Howard 1976-11-19: exact 00-0019605; covered [2000, 2001, 2002, 2003]; missing []
 908 Willie Whitehead 1973-01-26: fallback_dob 00-0017585; covered [1999, 2000, 2001, 2002, 2003]; missing []
 910 Melvin Williams 1979-02-02: exact 00-0021898; covered [2003]; missing []
 911 Tony Bryant 1976-09-03: exact 00-0002151; covered [2000, 2001, 2002, 2003]; missing []
 912 Johnathan Sullivan 1981-01-21: exact 00-0022160; covered [2003]; missing []
 913 Brian Young 1977-07-08: fallback_dob 00-0019674; covered [2000, 2001, 2002, 2003]; missing []
 914 Kenny Smith 1977-09-08: ambiguous; seasons [2001, 2002, 2003]
 916 Sam Gash 1969-03-07: fallback_dob 00-0005822; covered [1992, 1993, 1994, 1995, 1996, 1997, 1998, 1999, 2000, 2001, 2002, 2003]; missing []
 919 Tebucky Jones 1974-10-06: exact 00-0008874; covered [1998, 1999, 2000, 2001, 2002, 2003]; missing []
 923 Deuce McAllister 1978-12-27: fallback_dob 00-0020527; covered [2001, 2002, 2003]; missing []
 924 Aaron Stecker 1975-11-13: exact 00-0015601; covered [2000, 2001, 2002, 2003]; missing []
 925 Lamar Smith 1970-11-29: exact 00-0015242; covered [1994, 1995, 1996, 1997, 1998, 1999, 2000, 2001, 2002, 2003]; missing []
 926 Orlando Ruff 1976-09-28: exact 00-0014153; covered [1999, 2000, 2001, 2002, 2003]; missing []
 927 Darrin Smith 1970-04-15: exact 00-0015132; covered [1993, 1994, 1995, 1996, 1997, 1998, 1999, 2000, 2001, 2002, 2003]; missing []
 928 Cie Grant 1979-11-27: fallback_dob 00-0022133; covered [2003]; missing []
 929 John Carney 1964-04-20: exact 00-0002655; covered [1988, 1990, 1991, 1992, 1993, 1994, 1995, 1996, 1997, 1998, 1999, 2000, 2001, 2002, 2003]; missing []
 930 Sedrick Hodge 1978-09-13: exact 00-0020294; covered [2001, 2002, 2003]; missing []
 931 Derrick Rodgers 1971-10-14: exact 00-0013935; covered [1997, 1998, 1999, 2000, 2001, 2002, 2003]; missing []
 933 Roger Knight 1978-10-11: exact 00-0020306; covered [2001, 2002, 2003]; missing []
 934 James Allen 1979-11-11: exact 00-0021207; covered [2002, 2003]; missing []
 935 Mitch Berger 1972-06-24: fallback_dob 00-0001157; covered [1994, 1996, 1997, 1998, 1999, 2000, 2001, 2002, 2003]; missing []
 936 Aaron Brooks 1974-03-24: none; seasons [2000, 2001, 2002, 2003]
 937 Todd Bouman 1972-08-01: exact 00-0001545; covered [2000, 2001, 2002]; missing []
 939 Jay Bellamy 1972-07-08: fallback_dob 00-0001058; covered [1994, 1995, 1996, 1997, 1998, 1999, 2000, 2001, 2002, 2003]; missing []
 940 Mel Mitchell 1979-02-10: fallback_dob 00-0021263; covered []; missing [2003]
 945 Boo Williams 1979-06-22: fallback_dob 00-0020171; covered [2001, 2002, 2003]; missing []
 946 Ernie Conwell 1972-08-17: fallback_dob 00-0003400; covered [1996, 1997, 1998, 2002, 2003]; missing []; unmapped ['1999:LA (team code LA in 1999: ambiguous: use RAM (Rams) or RAI (Raiders))', '2000:LA (team code LA in 2000: ambiguous: use RAM (Rams) or RAI (Raiders))', '2001:LA (team code LA in 2001: ambiguous: use RAM (Rams) or RAI (Raiders))']
 947 Jerome Pathon 1975-12-16: exact 00-0012637; covered [1998, 1999, 2000, 2001, 2002, 2003]; missing []
 948 Joe Horn 1972-01-16: fallback_dob 00-0007744; covered [1996, 1997, 1998, 1999, 2000, 2001, 2002, 2003]; missing []
 949 Donte' Stallworth 1980-11-10: exact 00-0021147; covered [2002, 2003]; missing []
 951 Michael Lewis 1971-11-14: exact 00-0019600; covered [2001, 2002, 2003]; missing []
 954 Will Allen 1978-08-05: fallback_dob 00-0020467; covered [2001, 2002, 2003]; missing []
 955 William Peterson 1979-06-15: none; seasons [2001, 2002, 2003]
 956 Terry Cousin 1975-04-11: exact 00-0003547; covered [1997, 1998, 1999, 2000, 2001, 2002, 2003]; missing []
 957 Frank Walker 1980-08-06: none; seasons [2003]
 958 Michael Strahan 1971-11-21: exact 00-0015795; covered [1993, 1994, 1995, 1996, 1997, 1998, 1999, 2000, 2001, 2002, 2003]; missing []
 959 Osi Umenyiora 1980-11-16: none; seasons [2003]
 960 Keith Washington 1972-12-18: exact 00-0017255; covered [1996, 1997, 1998, 1999, 2000, 2001, 2002, 2003]; missing []
 961 Lorenzo Bromell 1975-09-23: exact 00-0001811; covered [1998, 1999, 2000, 2001, 2002, 2003]; missing []
 963 Fred Robbins 1977-03-25: none; seasons [2000, 2001, 2002, 2003]
 964 William Joseph 1979-09-03: exact 00-0022173; covered [2003]; missing []
 965 Norman Hand 1972-09-04: exact 00-0006766; covered [1996, 1997, 1998, 1999, 2000, 2001, 2002, 2003]; missing []
 966 Martin Chase 1974-12-19: fallback_dob 00-0002908; covered [1999, 2000, 2001, 2002, 2003]; missing []
 967 Lance Legree 1977-12-22: exact 00-0020184; covered [2001, 2002, 2003]; missing []
 968 Jim Finn 1976-12-09: fallback_dob 00-0005229; covered [2000, 2001, 2002, 2003]; missing []
 969 Omar Stoutmire 1974-07-09: exact 00-0015781; covered [1997, 1998, 1999, 2000, 2001, 2002, 2003]; missing []
 974 Tiki Barber 1975-04-07: ambiguous; seasons [1997, 1998, 1999, 2000, 2001, 2002, 2003]
 975 Delvin Joyce 1978-09-21: exact 00-0020564; covered [2002, 2003]; missing []
 976 Ron Dayne 1978-03-14: fallback_dob 00-0019643; covered [2000, 2001, 2002]; missing []
 978 Nick Greisen 1979-08-10: exact 00-0021265; covered [2002, 2003]; missing []
 980 Matt Bryant 1975-05-29: fallback_dob 00-0020578; covered [2002, 2003]; missing []
 982 Carlos Emmons 1973-09-03: exact 00-0004901; covered [1996, 1997, 1998, 1999, 2000, 2001, 2002, 2003]; missing []
 983 Barrett Green 1977-10-19: none; seasons [2000, 2001, 2002, 2003]
 984 Kevin Lewis 1978-10-06: exact 00-0019154; covered [2000, 2001, 2002, 2003]; missing []
 985 Quincy Monk 1979-01-30: exact 00-0021107; covered [2002, 2003]; missing []
 986 Jeff Feagles 1966-08-07: none; seasons [1988, 1989, 1990, 1991, 1992, 1993, 1994, 1995, 1996, 1997, 1998, 1999, 2000, 2001, 2002, 2003]
 987 Kurt Warner 1971-06-22: fallback_dob 00-0017200; covered [1998, 2002, 2003]; missing []; unmapped ['1999:LA (team code LA in 1999: ambiguous: use RAM (Rams) or RAI (Raiders))', '2000:LA (team code LA in 2000: ambiguous: use RAM (Rams) or RAI (Raiders))', '2001:LA (team code LA in 2001: ambiguous: use RAM (Rams) or RAI (Raiders))']
 989 Jesse Palmer 1978-10-05: exact 00-0020483; covered [2001, 2002, 2003]; missing []
 990 Shaun Williams 1976-10-10: exact 00-0017930; covered [1998, 1999, 2000, 2001, 2002, 2003]; missing []
 995 Jeremy Shockey 1980-08-18: exact 00-0021148; covered [2002, 2003]; missing []
 996 Marcellus Rivers 1978-10-26: exact 00-0020187; covered [2001, 2002, 2003]; missing []
 997 Visanthe Shiancoe 1980-06-18: exact 00-0022054; covered [2003]; missing []
 998 Amani Toomer 1974-09-08: exact 00-0016550; covered [1996, 1997, 1998, 1999, 2000, 2001, 2002, 2003]; missing []
 999 Ike Hilliard 1976-04-05: fallback_dob 00-0007468; covered [1997, 1998, 1999, 2000, 2001, 2002, 2003]; missing []
1000 Tim Carter 1979-09-21: fallback_dob 00-0021174; covered [2002, 2003]; missing []
1001 Willie Ponder 1980-02-14: exact 00-0021923; covered [2003]; missing []
1006 Ryan Kuehl 1972-01-18: exact 00-0009496; covered [1997, 2000, 2001, 2002]; missing [1998, 2003]
1007 Donnie Abraham 1973-10-08: fallback_dob 00-0000017; covered [1996, 1997, 1998, 1999, 2000, 2001, 2002, 2003]; missing []
1008 David Barrett 1977-12-22: exact 00-0019469; covered [2000, 2001, 2002, 2003]; missing []
1009 Ray Mickens 1973-01-04: fallback_dob 00-0011186; covered [1996, 1997, 1998, 1999, 2000, 2001, 2002, 2003]; missing []
1011 Omare Lowe 1978-04-20: exact 00-0021274; covered [2003]; missing []
1012 Shaun Ellis 1977-06-24: fallback_dob 00-0019545; covered [2000, 2001, 2002, 2003]; missing []
1013 John Abraham 1978-05-06: exact 00-0019546; covered [2000, 2001, 2002, 2003]; missing []
1014 Matt Walters 1979-08-12: none; seasons [2003]
1015 Bryan Thomas 1979-06-07: exact 00-0021081; covered [2002, 2003]; missing []
1017 Jason Ferguson 1974-11-28: exact 00-0005150; covered [1997, 1998, 1999, 2000, 2002, 2003]; missing []
1018 Dewayne Robertson 1981-10-16: exact 00-0021988; covered [2003]; missing []
1019 Josh Evans 1972-09-06: fallback_dob 00-0004989; covered [1995, 1996, 1997, 1998, 1999, 2001, 2002, 2003]; missing []
1020 James Reed 1977-02-03: exact 00-0020355; covered [2001, 2002, 2003]; missing []
1022 Randy Chevrier 1976-06-06: exact 00-0020312; covered []; missing [2002]
1023 Jerald Sowell 1974-01-21: exact 00-0015420; covered [1997, 1998, 1999, 2000, 2001, 2002, 2003]; missing []
1024 B.J. Askew 1980-07-19: none; seasons [2003]
1025 Jon McGraw 1979-04-02: fallback_dob 00-0021187; covered [2002, 2003]; missing []
1030 Curtis Martin 1973-05-01: exact 00-0010442; covered [1995, 1996, 1997, 1998, 1999, 2000, 2001, 2002, 2003]; missing []
1031 Lamont Jordan 1978-11-11: exact 00-0020462; covered [2001, 2002, 2003]; missing []
1033 Sam Cowart 1975-02-26: fallback_dob 00-0003563; covered [1998, 1999, 2000, 2001, 2002, 2003]; missing []
1035 Doug Brien 1970-11-24: fallback_dob 00-0001759; covered [1994, 1995, 1996, 1997, 1998, 1999, 2000, 2001, 2002, 2003]; missing []
1036 Victor Hobson 1980-02-03: exact 00-0021996; covered [2003]; missing []
1037 Eric Barton 1977-09-29: exact 00-0000846; covered [1999, 2000, 2001, 2002, 2003]; missing []
1038 Quincy Stewart 1978-03-27: exact 00-0019789; covered [2001, 2002, 2003]; missing []
1039 Jason Glenn 1979-08-20: exact 00-0020401; covered [2001, 2002, 2003]; missing []
1041 Toby Gowin 1975-03-30: exact 00-0006181; covered [1997, 1998, 1999, 2000, 2001, 2002, 2003]; missing []
1042 Chad Pennington 1976-06-26: fallback_dob 00-0019559; covered [2000, 2001, 2002, 2003]; missing []
1044 Reggie Tongue 1973-04-11: fallback_dob 00-0016549; covered [1996, 1997, 1998, 1999, 2000, 2001, 2002, 2003]; missing []
1046 Derek Pagel 1979-10-24: exact 00-0021954; covered [2003]; missing []
1051 Anthony Becht 1977-08-08: exact 00-0019457; covered [2000, 2001, 2002, 2003]; missing []
1052 Chris Baker 1979-11-18: exact 00-0021213; covered [2002, 2003]; missing []
1053 James Dearth 1976-01-22: exact 00-0004112; covered [1999, 2001, 2002]; missing []
1054 Justin McCareins 1978-12-01: exact 00-0020381; covered [2001, 2002, 2003]; missing []
1055 Santana Moss 1979-06-01: exact 00-0020494; covered [2001, 2002, 2003]; missing []
1056 Wayne Chrebet 1973-08-14: exact 00-0002962; covered [1995, 1996, 1997, 1998, 1999, 2000, 2001, 2002, 2003]; missing []
1058 Ken-Yon Rambo 1978-10-04: exact 00-0020425; covered [2002, 2003]; missing []
1060 Charles Woodson 1976-10-07: exact 00-0018227; covered [1998, 1999, 2000, 2001, 2002, 2003]; missing []
1061 Phillip Buchanon 1980-09-19: exact 00-0021151; covered [2002, 2003]; missing []
1062 Denard Walker 1973-08-09: exact 00-0017026; covered [1997, 1998, 1999, 2000, 2001, 2002, 2003]; missing []
1063 Nnamdi Asomugha 1981-07-07: none; seasons [2003]
1064 Clarence Love 1976-06-16: exact 00-0010094; covered [1998, 2000, 2002, 2003]; missing []
1065 Chris Cooper 1977-12-27: none; seasons [2001, 2002, 2003]
1066 John Parrella 1969-11-22: exact 00-0012607; covered [1993, 1994, 1995, 1996, 1997, 1998, 1999, 2000, 2001, 2002, 2003]; missing []
1067 Akbar Gbaja-Biamila 1979-05-06: exact 00-0021574; covered [2003]; missing []
1068 Bobby Hamilton 1971-01-07: none; seasons [1996, 1997, 1998, 1999, 2000, 2001, 2002, 2003]
1069 Ted Washington 1968-04-13: fallback_dob 00-0017277; covered [1991, 1992, 1993, 1994, 1995, 1996, 1997, 1998, 1999, 2000, 2001, 2002]; missing []
1070 Warren Sapp 1972-12-19: exact 00-0014358; covered [1995, 1996, 1997, 1998, 1999, 2000, 2001, 2002, 2003]; missing []
1071 Zack Crockett 1972-12-02: fallback_dob 00-0003663; covered [1995, 1996, 1997, 1998, 1999, 2000, 2001, 2002, 2003]; missing []
1072 Chris Hetherington 1972-11-27: fallback_dob 00-0007357; covered [1996, 1997, 1998, 1999, 2000, 2001, 2002, 2003]; missing []
1073 Rod Woodson 1965-03-10: fallback_dob 00-0018229; covered [1987, 1988, 1989, 1990, 1991, 1992, 1993, 1994, 1995, 1996, 1997, 1998, 1999, 2000, 2001, 2002, 2003]; missing []
1074 Ray Buchanan 1971-09-29: fallback_dob 00-0002166; covered [1993, 1994, 1995, 1996, 1997, 1998, 1999, 2000, 2001, 2002, 2003]; missing []
1075 David Terrell 1975-07-08: exact 00-0016179; covered [2000, 2001, 2002, 2003]; missing []
1080 Tyrone Wheatley 1972-01-19: exact 00-0017486; covered [1995, 1996, 1997, 1998, 1999, 2000, 2001, 2002, 2003]; missing []
1081 Troy Hambrick 1978-11-06: none; seasons [2000, 2001, 2002, 2003]
1082 Amos Zereoue 1976-10-08: exact 00-0018501; covered [1999, 2000, 2001, 2002, 2003]; missing []
1083 Justin Fargas 1980-01-25: exact 00-0022093; covered [2003]; missing []
1084 Napoleon Harris 1979-02-25: exact 00-0021155; covered [2002, 2003]; missing []
1085 Dwayne Rudd 1976-02-03: exact 00-0014135; covered [1997, 1998, 1999, 2000, 2001, 2002, 2003]; missing []
1086 Danny Clark 1977-05-09: fallback_dob 00-0019506; covered [2000, 2001, 2002, 2003]; missing []
1087 Sebastian Janikowski 1978-03-02: exact 00-0019646; covered [2000, 2001, 2002, 2003]; missing []
1088 Travian Smith 1975-08-26: exact 00-0015329; covered [1998, 1999, 2000, 2001, 2002, 2003]; missing []
1089 Tyler Brayton 1979-11-20: exact 00-0022047; covered [2003]; missing []
1090 DeLawrence Grant 1979-11-18: exact 00-0020432; covered [2001, 2002, 2003]; missing []
1092 Shane Lechler 1976-08-07: fallback_dob 00-0019714; covered [2000, 2001, 2002, 2003]; missing []
1093 Rich Gannon 1966-01-20: fallback_dob 00-0005739; covered [1990, 1991, 1992, 1993]; missing [1987, 1988, 1995, 1996, 1997, 1998, 1999, 2000, 2001, 2002, 2003]
1094 Kerry Collins 1972-12-30: exact 00-0003292; covered [1995, 1996, 1997, 1998, 1999, 2000, 2001, 2002, 2003]; missing []
1095 Marques Tuiasosopo 1979-03-22: exact 00-0020405; covered [2001, 2002, 2003]; missing []
1096 Derrick Gibson 1979-03-22: exact 00-0020418; covered [2001, 2002, 2003]; missing []
1101 Doug Jolley 1979-01-02: exact 00-0021183; covered [2002, 2003]; missing []
1102 Roland Williams 1975-04-27: exact 00-0017924; covered [2001, 2002, 2003]; missing []; unmapped ['1999:LA (team code LA in 1999: ambiguous: use RAM (Rams) or RAI (Raiders))', '2000:LA (team code LA in 2000: ambiguous: use RAM (Rams) or RAI (Raiders))']
1103 Teyo Johnson 1981-11-29: exact 00-0022051; covered [2003]; missing []
1104 Tim Brown 1966-07-22: fallback_dob 00-0002058; covered [1988, 1989, 1990, 1991, 1992, 1993, 1994, 1995, 1996, 1997, 1998, 1999, 2000, 2001, 2002, 2003]; missing []
1105 Jerry Rice 1962-10-13: exact 00-0013639; covered [1985, 1986, 1987, 1988, 1989, 1990, 1991, 1992, 1993, 1994, 1995, 1996, 1997, 1998, 1999, 2000, 2001, 2002, 2003]; missing []
1106 Jerry Porter 1978-07-14: exact 00-0019703; covered [2000, 2001, 2002, 2003]; missing []
1107 Doug Gabriel 1980-08-27: fallback_dob 00-0022102; covered [2003]; missing []
1113 Sheldon Brown 1979-03-19: exact 00-0021186; covered [2002, 2003]; missing []
1114 Lito Sheppard 1981-04-08: exact 00-0021157; covered [2002, 2003]; missing []
1117 Roderick Hood 1981-10-03: exact 00-0021503; covered [2003]; missing []
1118 Ndukwe Kalu 1975-08-03: exact 00-0009001; covered [1997, 1998, 1999, 2000, 2001, 2002, 2003]; missing []
1119 Jevon Kearse 1976-09-03: exact 00-0009056; covered [1999, 2000, 2001, 2002, 2003]; missing []
1120 Derrick Burgess 1978-08-12: exact 00-0020504; covered [2002]; missing [2003]
1121 Jerome McDougle 1978-12-15: exact 00-0022163; covered [2003]; missing []
1122 Corey Simon 1977-03-02: exact 00-0019694; covered [2000, 2001, 2002, 2003]; missing []
1123 Darwin Walker 1977-06-15: exact 00-0019459; covered [2000, 2001, 2002, 2003]; missing []
1124 Sam Rayburn 1980-10-20: exact 00-0021514; covered [2003]; missing []
1125 Jon Ritchie 1974-09-04: exact 00-0013773; covered [1998, 1999, 2000, 2001, 2002, 2003]; missing []
1127 Brian Dawkins 1973-10-13: exact 00-0004073; covered [1996, 1997, 1998, 1999, 2000, 2001, 2002, 2003]; missing []
1134 Brian Westbrook 1979-09-02: exact 00-0021216; covered [2002, 2003]; missing []
1135 Correll Buckhalter 1978-10-06: exact 00-0020270; covered [2001, 2003]; missing []
1136 Reno Mahe 1980-06-03: fallback_dob 00-0021509; covered [2003]; missing []
1138 Mark Simoneau 1977-01-16: exact 00-0018957; covered [2000, 2001, 2002, 2003]; missing []
1139 Ike Reese 1973-10-16: fallback_dob 00-0013535; covered [1998, 1999, 2000, 2001, 2002, 2003]; missing []
1140 David Akers 1974-12-09: exact 00-0000108; covered [1998, 1999, 2000, 2001, 2002, 2003]; missing []
1141 Dhani Jones 1978-02-22: exact 00-0019635; covered [2001, 2002, 2003]; missing []
1142 Nate Wayne 1975-01-12: fallback_dob 00-0017340; covered [1998, 1999, 2000, 2001, 2002, 2003]; missing []
1143 Justin Ena 1979-11-20: none; seasons [2002, 2003]
1144 Keith Adams 1979-11-22: exact 00-0020488; covered [2001, 2002, 2003]; missing []
1145 Dirk Johnson 1975-06-01: exact 00-0008484; covered [2002, 2003]; missing []
1146 Donovan McNabb 1976-01-25: none; seasons [1999, 2000, 2001, 2002, 2003]
1147 Koy Detmer 1973-07-05: exact 00-0004229; covered [1998, 1999, 2000, 2001, 2002, 2003]; missing []
1148 Jeff Blake 1970-12-04: fallback_dob 00-0001335; covered [1992, 1994, 1995, 1996, 1997, 1998, 1999, 2000, 2001, 2002, 2003]; missing []
1150 Michael Lewis 1980-04-29: exact 00-0021185; covered [2002, 2003]; missing []
1151 Quintin Mikell 1980-09-16: exact 00-0021512; covered [2003]; missing []
1155 Chad Lewis 1971-10-05: exact 00-0009842; covered [1997, 1998, 1999, 2000, 2001, 2002, 2003]; missing []
1156 L.J. Smith 1980-05-13: fallback_dob 00-0022126; covered [2003]; missing []
1157 Mike Bartrum 1970-06-23: fallback_dob 00-0000849; covered [1993, 1995, 1996, 1997, 1998, 1999, 2000, 2001, 2002, 2003]; missing []
1158 Terrell Owens 1973-12-07: exact 00-0012478; covered [1996, 1997, 1998, 1999, 2000, 2001, 2002, 2003]; missing []
1159 Todd Pinkston 1977-04-23: fallback_dob 00-0019606; covered [2000, 2001, 2002, 2003]; missing []
1160 Freddie Mitchell 1978-11-28: exact 00-0020497; covered [2001, 2002, 2003]; missing []
1161 Greg Lewis 1980-02-12: fallback_dob 00-0021508; covered [2003]; missing []
1162 Sean Morey 1976-02-26: exact 00-0011641; covered [1999, 2003]; missing [2000]
1163 Billy McMullen 1980-03-08: fallback_dob 00-0022135; covered [2003]; missing []
1166 Chad Scott 1974-09-06: exact 00-0014539; covered [1997, 1999, 2000, 2001, 2002, 2003]; missing []
1167 Deshea Townsend 1975-09-08: fallback_dob 00-0016577; covered [1998, 1999, 2000, 2001, 2002, 2003]; missing []
1169 Ike Taylor 1980-05-05: fallback_dob 00-0021891; covered [2003]; missing []
1170 Chidi Iwuoma 1978-02-19: exact 00-0020082; covered [2001, 2002, 2003]; missing []
1171 Terry Fair 1976-07-20: fallback_dob 00-0005044; covered [1999, 2000, 2001, 2002]; missing []
1172 Aaron Smith 1976-04-09: none; seasons [1999, 2000, 2001, 2002, 2003]
1173 Kimo von Oelhoffen 1971-01-30: exact 00-0016956; covered [1994, 1995, 1996, 1997, 1998, 1999, 2000, 2001, 2002, 2003]; missing []
1174 Travis Kirschke 1974-09-06: exact 00-0009305; covered [1997, 1999, 2000, 2001, 2002, 2003]; missing []
1178 Casey Hampton 1977-09-03: exact 00-0020426; covered [2001, 2002, 2003]; missing []
1180 Dan Kreider 1977-03-11: exact 00-0019135; covered [2000, 2001, 2002, 2003]; missing []
1181 Verron Haynes 1979-02-17: exact 00-0021279; covered [2002, 2003]; missing []
1182 Mike Logan 1974-09-15: fallback_dob 00-0010031; covered [1997, 1998, 1999, 2000, 2001, 2002, 2003]; missing []
1183 Chris Hope 1980-09-29: fallback_dob 00-0021219; covered [2002, 2003]; missing []
1187 Duce Staley 1975-02-27: exact 00-0015523; covered [1997, 1998, 1999, 2000, 2001, 2002, 2003]; missing []
1188 Jerome Bettis 1972-02-16: exact 00-0001215; covered [1993, 1994, 1995, 1996, 1997, 1998, 1999, 2000, 2001, 2002, 2003]; missing []
1189 Kendrell Bell 1978-07-02: none; seasons [2001, 2002, 2003]
1190 James Farrior 1975-01-06: exact 00-0005082; covered [1997, 1998, 1999, 2000, 2001, 2002, 2003]; missing []
1191 Clint Kriewaldt 1976-03-17: none; seasons [1999, 2000, 2001, 2002, 2003]
1192 Jeff Reed 1979-04-09: fallback_dob 00-0020737; covered [2002, 2003]; missing []
1193 Clark Haggans 1977-01-10: exact 00-0019538; covered [2000, 2001, 2002, 2003]; missing []
1194 Joey Porter 1977-03-22: exact 00-0013126; covered [1999, 2000, 2001, 2002, 2003]; missing []
1196 Chris Gardocki 1970-02-07: fallback_dob 00-0005771; covered [1991, 1992, 1993, 1994, 1995, 1996, 1997, 1998, 1999, 2000, 2001, 2002, 2003]; missing []
1197 Tommy Maddox 1971-09-02: ambiguous; seasons [1992, 1993, 1994, 1995, 2001, 2002, 2003]
1199 Charlie Batch 1974-12-05: fallback_dob 00-0000865; covered [1998, 1999, 2000, 2001, 2003]; missing []
1201 Troy Polamalu 1981-04-19: exact 00-0022119; covered [2003]; missing []
1208 Jerame Tuman 1976-03-24: exact 00-0016677; covered [1999, 2000, 2001, 2002, 2003]; missing []
1209 Jay Riemersma 1973-05-17: fallback_dob 00-0013728; covered [1997, 1998, 1999, 2000, 2001, 2002, 2003]; missing []
1211 Plaxico Burress 1977-08-12: exact 00-0019642; covered [2000, 2001, 2002, 2003]; missing []
1212 Hines Ward 1976-03-08: exact 00-0017162; covered [1998, 1999, 2000, 2001, 2002, 2003]; missing []
1213 Antwaan Randle El 1979-08-17: exact 00-0021190; covered [2002, 2003]; missing []
1214 Lee Mays 1978-09-18: exact 00-0021309; covered [2002, 2003]; missing []
1215 Chris Doering 1973-05-19: fallback_dob 00-0004386; covered [1996, 1997, 1999, 2002, 2003]; missing []
1218 Mike Schneck 1977-08-04: fallback_dob 00-0018926; covered [2000, 2001, 2002, 2003]; missing []
1219 Jerametrius Butler 1978-11-28: exact 00-0020354; covered [2001, 2002, 2003]; missing []
1220 Travis Fisher 1979-09-12: exact 00-0021083; covered [2002, 2003]; missing []
1221 DeJuan Groce 1980-02-17: exact 00-0022007; covered [2003]; missing []
1222 Kevin Garrett 1980-07-29: exact 00-0022023; covered [2003]; missing []
1223 Leonard Little 1974-10-19: exact 00-0009978; covered [1998, 1999, 2000, 2001, 2002, 2003]; missing []
1224 Tyoka Jackson 1971-11-22: exact 00-0008202; covered [1994, 1996, 1997, 1998, 1999, 2000, 2001, 2002, 2003]; missing []
1225 Sean Moran 1973-06-05: exact 00-0011634; covered [1996, 1997, 1998, 1999, 2000, 2001, 2002, 2003]; missing []
1226 Erik Flowers 1978-03-01: exact 00-0019697; covered [2000, 2001, 2002, 2003]; missing []
1227 Bryce Fisher 1977-05-12: exact 00-0005243; covered [2001, 2002, 2003]; missing []
1230 Ryan Pickett 1979-10-08: exact 00-0020515; covered [2001, 2002, 2003]; missing []
1231 Damione Lewis 1978-03-01: exact 00-0020491; covered [2001, 2002, 2003]; missing []
1233 Jimmy Kennedy 1979-11-15: exact 00-0022155; covered [2003]; missing []
1234 Joey Goodspeed 1978-02-22: exact 00-0019134; covered [2002, 2003]; missing []
1235 Chris Massey 1979-08-21: fallback_dob 00-0021345; covered [2002, 2003]; missing []
1236 Arlen Harris 1980-04-22: exact 00-0021750; covered [2003]; missing []
1237 Aeneas Williams 1968-01-29: exact 00-0017710; covered [1991, 1992, 1993, 1994, 1995, 1996, 1997, 1998, 1999, 2000, 2001, 2002, 2003]; missing []
1238 Shane Walton 1979-10-09: exact 00-0022022; covered [2003]; missing []
1242 Marshall Faulk 1973-02-26: exact 00-0005092; covered [1994, 1995, 1996, 1997, 1998, 2002, 2003]; missing []; unmapped ['1999:LA (team code LA in 1999: ambiguous: use RAM (Rams) or RAI (Raiders))', '2000:LA (team code LA in 2000: ambiguous: use RAM (Rams) or RAI (Raiders))', '2001:LA (team code LA in 2001: ambiguous: use RAM (Rams) or RAI (Raiders))']
1243 Lamar Gordon 1980-01-07: exact 00-0021209; covered [2002, 2003]; missing []
1245 Robert Thomas 1980-07-17: exact 00-0021162; covered [2002]; missing []
1246 Brandon Spoon 1978-07-05: fallback_dob 00-0020323; covered []; missing [2002]
1247 Jeff Wilkins 1972-04-19: fallback_dob 00-0017693; covered [1994, 1995, 1996, 1997, 1998, 1999, 2000, 2001, 2002, 2003]; missing []
1248 Pisa Tinoisamoa 1981-07-15: exact 00-0022050; covered [2003]; missing []
1249 Tommy Polley 1978-01-11: none; seasons [2001, 2002, 2003]
1250 Jeremy Loyd 1980-07-30: exact 00-0021608; covered [2003]; missing []
1253 Sean Landeta 1962-01-06: exact 00-0009584; covered [1985, 1986, 1987, 1988, 1989, 1990, 1991, 1992, 1993, 1994, 1995, 1996, 1997, 1998, 1999, 2000, 2001, 2002, 2003]; missing []
1254 Marc Bulger 1977-04-05: exact 00-0019599; covered [2001, 2002, 2003]; missing []
1255 Chris Chandler 1965-10-12: fallback_dob 00-0002876; covered [1988, 1989, 1990, 1991, 1992, 1993, 1994, 1995, 1996, 1997, 1998, 1999, 2000, 2001, 2002, 2003]; missing []
1257 Adam Archuleta 1977-11-27: exact 00-0020521; covered [2001, 2002, 2003]; missing []
1258 Rich Coady 1976-01-26: fallback_dob 00-0003139; covered [1999, 2000, 2001, 2002, 2003]; missing []
1263 Brandon Manumaleuna 1980-01-04: exact 00-0020342; covered [2002, 2003]; missing []; unmapped ['2001:LA (team code LA in 2001: ambiguous: use RAM (Rams) or RAI (Raiders))']
1265 Torry Holt 1976-06-05: exact 00-0007681; covered [2002, 2003]; missing []; unmapped ['1999:LA (team code LA in 1999: ambiguous: use RAM (Rams) or RAI (Raiders))', '2000:LA (team code LA in 2000: ambiguous: use RAM (Rams) or RAI (Raiders))', '2001:LA (team code LA in 2001: ambiguous: use RAM (Rams) or RAI (Raiders))']
1266 Isaac Bruce 1972-11-10: exact 00-0002099; covered [1994, 1995, 1996, 1997, 1998, 2002, 2003]; missing []; unmapped ['1999:LA (team code LA in 1999: ambiguous: use RAM (Rams) or RAI (Raiders))', '2000:LA (team code LA in 2000: ambiguous: use RAM (Rams) or RAI (Raiders))', '2001:LA (team code LA in 2001: ambiguous: use RAM (Rams) or RAI (Raiders))']
1267 Dane Looker 1976-05-05: exact 00-0019242; covered [2002, 2003]; missing []
1268 Mike Furrey 1977-05-12: none; seasons [2003]
1269 Shaun McDonald 1981-06-13: none; seasons [2003]
1270 Kevin Curtis 1978-07-17: exact 00-0022001; covered [2003]; missing []
1272 Quentin Jammer 1979-06-19: exact 00-0021381; covered [2002, 2003]; missing []
1273 Sammy Davis 1980-04-08: fallback_dob 00-0021991; covered [2003]; missing []
1274 Jamar Fletcher 1979-08-28: exact 00-0020460; covered [2001, 2002, 2003]; missing []
1275 Drayton Florence 1980-12-19: exact 00-0021994; covered [2003]; missing []
1276 Kevin House 1979-01-09: exact 00-0020732; covered [2002, 2003]; missing []
1277 Otis Leverette 1982-08-10: none; seasons [2001, 2002, 2003]
1278 Adrian Dingle 1977-06-25: exact 00-0004320; covered [2000, 2001, 2002, 2003]; missing []
1279 DeQuincy Scott 1978-03-05: exact 00-0020202; covered [2002, 2003]; missing []
1282 Jamal Williams 1976-04-28: exact 00-0017813; covered [1998, 1999, 2000, 2001, 2002, 2003]; missing []
1284 Jason Fisk 1972-09-04: exact 00-0005263; covered [1995, 1996, 1997, 1998, 1999, 2000, 2001, 2002, 2003]; missing []
1286 Lorenzo Neal 1980-07-27: none; seasons [1993, 1994, 1995, 1996, 1997, 1998, 1999, 2000, 2001, 2002, 2003]
1287 Kwamie Lassiter 1978-12-07: none; seasons [1995, 1996, 1997, 1998, 1999, 2000, 2001, 2002, 2003]
1288 Jerry Wilson 1973-07-17: exact 00-0018036; covered [1996, 1997, 1998, 1999, 2001, 2002]; missing []
1292 LaDainian Tomlinson 1979-06-23: exact 00-0020536; covered [2001, 2002, 2003]; missing []
1293 Jesse Chatman 1979-09-22: exact 00-0020820; covered [2002, 2003]; missing []
1294 Leon Johnson 1977-09-15: none; seasons [1997, 1998, 1999, 2000, 2001, 2002, 2003]
1295 Doug Chapman 1977-08-22: exact 00-0019712; covered [2000, 2001, 2002, 2003]; missing []
1297 Donnie Edwards 1973-04-06: fallback_dob 00-0004757; covered [1996, 1997, 1998, 1999, 2000, 2001, 2002, 2003]; missing []
1298 Randall Godfrey 1973-04-06: exact 00-0006063; covered [1996, 1997, 1998, 1999, 2000, 2001, 2002, 2003]; missing []
1299 Zeke Moreno 1981-04-19: none; seasons [2001, 2002, 2003]
1301 Ben Leber 1979-08-16: none; seasons [2002, 2003]
1302 Steve Foley 1975-09-11: exact 00-0005384; covered [1998, 1999, 2000, 2001, 2003]; missing []
1303 Stephen Cooper 1979-06-19: exact 00-0021544; covered [2003]; missing []
1305 Drew Brees 1979-01-15: exact 00-0020531; covered [2001, 2002, 2003]; missing []
1307 Doug Flutie 1962-10-23: fallback_dob 00-0005363; covered [1986, 1987, 1988, 1989, 1998, 1999, 2000, 2001, 2002, 2003]; missing []
1308 Terrence Kiel 1981-06-16: none; seasons [2003]
1309 Vernon Fox 1979-10-09: exact 00-0020824; covered [2002, 2003]; missing []
1314 Antonio Gates 1980-06-18: exact 00-0021547; covered [2003]; missing []
1315 Justin Peelle 1981-05-13: none; seasons [2002, 2003]
1316 Josh Norman 1979-03-04: none; seasons [2002, 2003]
1317 Kevin Dyson 1975-06-23: exact 00-0004694; covered [1998, 1999, 2000, 2001, 2002, 2003]; missing []
1318 Tim Dwight 1975-07-13: fallback_dob 00-0004673; covered [1998, 1999, 2000, 2001, 2002, 2003]; missing []
1319 Eric Parker 1979-03-15: none; seasons [2002, 2003]
1320 Reche Caldwell 1979-03-28: fallback_dob 00-0021176; covered [2002, 2003]; missing []
1323 David Binn 1972-02-06: exact 00-0001255; covered [1995, 1996, 1997, 1998]; missing []
1325 Ahmed Plummer 1976-03-26: exact 00-0019603; covered [2000, 2001, 2002, 2003]; missing []
1326 Mike Rumph 1979-11-08: fallback_dob 00-0021158; covered [2002, 2003]; missing []
1328 Jimmy Williams 1979-03-10: exact 00-0020327; covered [2001, 2002, 2003]; missing []
1329 Rashad Holman 1978-01-17: exact 00-0020454; covered [2001, 2002, 2003]; missing []
1330 John Engelberger 1976-10-18: exact 00-0019651; covered [2000, 2001, 2002, 2003]; missing []
1331 Andre Carter 1979-05-12: exact 00-0020489; covered [2001, 2002, 2003]; missing []
1332 Andrew Williams 1979-04-18: exact 00-0022053; covered [2003]; missing []
1333 Brandon Whiting 1976-07-30: exact 00-0017594; covered [1998, 1999, 2000, 2001, 2002, 2003]; missing []
1334 Anthony Adams 1980-08-18: none; seasons [2003]
1335 Bryant Young 1972-01-27: exact 00-0018405; covered [1994, 1995, 1996, 1997, 1998, 1999, 2000, 2001, 2002, 2003]; missing []
1336 Josh Shaw 1979-09-17: none; seasons [2003]
1338 Fred Beasley 1974-09-16: none; seasons [1998, 1999, 2000, 2001, 2002, 2003]
1340 Terry Jackson 1976-01-10: fallback_dob 00-0008196; covered [1999, 2000, 2001, 2002]; missing []
1341 Ronnie Heard 1976-10-05: exact 00-0019070; covered [2000, 2001, 2002, 2003]; missing []
1345 Dwayne Ledford 1976-11-02: fallback_dob 00-0009735; covered [2001]; missing []
1346 Kevan Barlow 1979-01-07: exact 00-0020474; covered [2001, 2002, 2003]; missing []
1347 Jamal Robertson 1977-01-10: exact 00-0020587; covered [2002]; missing []
1349 Derek Smith 1975-01-18: exact 00-0015151; covered [1997, 1998, 1999, 2000, 2001, 2002, 2003]; missing []
1351 Todd Peterson 1970-02-04: fallback_dob 00-0012875; covered [1994, 1995, 1996, 1997, 1998, 1999, 2000, 2001, 2002, 2003]; missing []
1352 Julian Peterson 1978-07-28: exact 00-0019695; covered [2000, 2001, 2002, 2003]; missing []
1353 Jeff Ulbrich 1977-02-17: fallback_dob 00-0019586; covered [2000, 2001, 2002, 2003]; missing []
1354 Saleem Rasheed 1981-06-15: exact 00-0021195; covered [2002, 2003]; missing []
1355 Jamie Winborn 1979-05-14: exact 00-0020470; covered [2001, 2002, 2003]; missing []
1357 Tim Rattay 1977-03-15: fallback_dob 00-0019623; covered [2000, 2001, 2002, 2003]; missing []
1361 Tony Parrish 1975-11-23: exact 00-0012614; covered [1998, 1999, 2000, 2001, 2002, 2003]; missing []
1366 Eric Johnson 1979-09-15: exact 00-0020455; covered [2001, 2002]; missing []
1367 Aaron Walker 1980-03-14: exact 00-0022060; covered [2003]; missing []
1368 Brian Jennings 1976-10-14: exact 00-0019548; covered [2001, 2002, 2003]; missing []
1370 Brandon Lloyd 1981-07-15: none; seasons [2003]
1371 Curtis Conway 1971-03-13: none; seasons [1993, 1994, 1995, 1996, 1997, 1998, 1999, 2000, 2001, 2002, 2003]
1373 Cedrick Wilson 1978-12-17: exact 00-0020452; covered [2001, 2002, 2003]; missing []
1374 Arnaz Battle 1980-02-22: exact 00-0022064; covered [2003]; missing []
1378 Marcus Trufant 1980-12-25: exact 00-0022046; covered [2003]; missing []
1379 Bobby Taylor 1973-12-28: fallback_dob 00-0016082; covered [1995, 1996, 1997, 1998, 1999, 2000, 2001, 2002, 2003]; missing []
1380 Ken Lucas 1979-01-23: exact 00-0020499; covered [2001, 2002, 2003]; missing []
1381 Kris Richard 1979-10-28: fallback_dob 00-0021210; covered [2002, 2003]; missing []
1382 Chike Okeafor 1976-03-27: fallback_dob 00-0012333; covered [1999, 2000, 2001, 2002, 2003]; missing []
1383 Grant Wistrom 1976-07-03: exact 00-0018131; covered [1998, 1999, 2000, 2001, 2002, 2003]; missing []
1384 Brandon Mitchell 1975-06-19: exact 00-0011398; covered [1997, 1998, 1999, 2000, 2001, 2002, 2003]; missing []
1385 Antonio Cochran 1976-06-21: exact 00-0003161; covered [1999, 2000, 2001, 2002, 2003]; missing []
1386 Anton Palepoi 1978-01-19: none; seasons [2002, 2003]
1387 Cedric Woodard 1977-09-05: exact 00-0019496; covered [2001, 2002, 2003]; missing []
1389 Rashad Moore 1979-03-16: fallback_dob 00-0021965; covered [2003]; missing []
1390 Rocky Bernard 1979-04-19: fallback_dob 00-0021261; covered [2002, 2003]; missing []
1392 Mack Strong 1971-09-11: exact 00-0015830; covered [1994, 1995, 1996, 1997, 1998, 1999, 2000, 2001, 2002, 2003]; missing []
1393 Heath Evans 1978-12-30: fallback_dob 00-0020507; covered [2001, 2002, 2003]; missing []
1394 Ken Hamlin 1981-01-20: exact 00-0022049; covered [2003]; missing []
1399 Shaun Alexander 1977-08-30: exact 00-0019647; covered [2000, 2001, 2002, 2003]; missing []
1400 Maurice Morris 1979-12-01: exact 00-0021182; covered [2002, 2003]; missing []
1401 Kerry Carter 1980-12-19: exact 00-0021747; covered [2003]; missing []
1402 Orlando Huff 1978-08-14: exact 00-0020360; covered [2001, 2002, 2003]; missing []
1403 Solomon Bates 1982-04-18: exact 00-0022058; covered [2003]; missing []
1405 Josh Brown 1979-04-29: fallback_dob 00-0021940; covered [2003]; missing []
1406 Anthony Simmons 1976-06-20: exact 00-0014889; covered [1998, 1999, 2000, 2001, 2002, 2003]; missing []
1407 Chad Brown 1970-07-12: fallback_dob 00-0001887; covered [1993, 1994, 1995, 1996, 1997, 1998, 1999, 2000, 2001, 2002, 2003]; missing []
1408 D.D. Lewis 1980-11-08: none; seasons [2003]
1409 Isaiah Kacyvenski 1977-10-03: exact 00-0019474; covered [2000, 2001, 2002, 2003]; missing []
1410 Tom Rouen 1968-06-09: fallback_dob 00-0014083; covered [1993, 1994, 1995, 1996, 1997, 1998, 1999, 2000, 2001, 2002, 2003]; missing []
1411 Matt Hasselbeck 1975-09-25: fallback_dob 00-0007091; covered [1999, 2000, 2001, 2002, 2003]; missing []
1412 Trent Dilfer 1972-03-13: exact 00-0004293; covered [1994, 1995, 1996, 1997, 1998, 1999, 2000, 2001, 2002, 2003]; missing []
1413 Brock Huard 1976-04-15: exact 00-0007834; covered [2000, 2001, 2003]; missing []
1416 Damien Robinson 1973-12-22: exact 00-0013850; covered [1998, 1999, 2000, 2001, 2002, 2003]; missing []
1417 Terreal Bierria 1980-10-11: none; seasons [2003]
1421 Itula Mili 1973-04-20: exact 00-0011224; covered [1998, 1999, 2000, 2001, 2002, 2003]; missing []
1422 Jerramy Stevens 1979-11-13: exact 00-0021159; covered [2002, 2003]; missing []
1423 Koren Robinson 1980-03-19: exact 00-0020490; covered [2001, 2002, 2003]; missing []
1424 Darrell Jackson 1978-12-06: exact 00-0019663; covered [2000, 2001, 2002, 2003]; missing []
1425 Bobby Engram 1973-01-07: fallback_dob 00-0004915; covered [1996, 1997, 1998, 1999, 2000, 2001, 2002, 2003]; missing []
1426 Alex Bannister 1979-04-23: fallback_dob 00-0020361; covered [2001, 2002, 2003]; missing []
1431 Ronde Barber 1975-04-07: ambiguous; seasons [1997, 1998, 1999, 2000, 2001, 2002, 2003]
1432 Brian Kelly 1976-01-14: exact 00-0009106; covered [1998, 1999, 2000, 2001, 2002, 2003]; missing []
1433 Mario Edwards 1975-12-01: exact 00-0019620; covered [2000, 2001, 2002, 2003]; missing []
1434 Corey Ivy 1977-03-29: none; seasons [2001, 2002, 2003]
1435 Tom Knight 1974-12-29: fallback_dob 00-0009360; covered [1997, 1998, 1999, 2000, 2001, 2003]; missing []
1436 Greg Spires 1974-08-12: exact 00-0015477; covered [1998, 1999, 2000, 2001, 2002, 2003]; missing []
1437 Simeon Rice 1974-02-24: exact 00-0013644; covered [1996, 1997, 1998, 1999, 2000, 2001, 2002, 2003]; missing []
1438 Dewayne White 1979-10-19: fallback_dob 00-0021997; covered [2003]; missing []
1439 Ellis Wyms 1979-04-12: exact 00-0020392; covered [2001, 2002, 2003]; missing []
1440 Anthony McFarland 1977-12-18: exact 00-0010840; covered [1999, 2000, 2001, 2002, 2003]; missing []
1441 Darrell Russell 1976-05-27: exact 00-0014185; covered [1997, 1998, 1999, 2000, 2001, 2003]; missing []
1442 Chartric Darby 1975-10-22: exact 00-0003888; covered [2001, 2002, 2003]; missing []
1443 Mike Alstott 1973-12-21: fallback_dob 00-0000251; covered [1996, 1997, 1998, 1999, 2000, 2001, 2002, 2003]; missing []
1444 Greg Comella 1975-07-09: none; seasons [1998, 1999, 2000, 2001, 2002, 2003]
1445 Dwight Smith 1978-08-13: exact 00-0020385; covered [2001, 2002, 2003]; missing []
1451 Charlie Garner 1972-02-13: fallback_dob 00-0005779; covered [1994, 1995, 1996, 1997, 1998, 1999, 2000, 2001, 2002, 2003]; missing []
1452 Michael Pittman 1975-08-14: exact 00-0013013; covered [1998, 1999, 2000, 2001, 2002, 2003]; missing []
1453 Brandon Bennett 1973-02-03: exact 00-0001098; covered [1998, 2000, 2001, 2002, 2003]; missing []
1454 Jamel White 1978-02-11: exact 00-0019057; covered [2000, 2001, 2002, 2003]; missing []
1455 Shelton Quarles 1971-09-11: exact 00-0013322; covered [1997, 1998, 1999, 2000, 2001, 2002, 2003]; missing []
1456 Keith Burns 1972-05-16: exact 00-0002312; covered [1994, 1995, 1996, 1997, 1998, 1999, 2000, 2001, 2002, 2003]; missing []
1457 Martin Gramatica 1975-11-27: exact 00-0006223; covered [1999, 2000, 2001, 2002, 2003]; missing []
1458 Ian Gold 1978-08-23: exact 00-0019652; covered [2000, 2001, 2002, 2003]; missing []
1459 Derrick Brooks 1973-04-18: exact 00-0001833; covered [1995, 1996, 1997, 1998, 1999, 2000, 2001, 2002, 2003]; missing []
1460 Ryan Nece 1979-02-24: exact 00-0020747; covered [2002, 2003]; missing []
1462 Josh Bidwell 1976-03-13: fallback_dob 00-0001231; covered [2000, 2001, 2002, 2003]; missing []
1463 Brad Johnson 1968-09-13: fallback_dob 00-0008442; covered [1994, 1995, 1996, 1997, 1998, 1999, 2000, 2001, 2002, 2003]; missing []
1464 Brian Griese 1975-03-18: exact 00-0006423; covered [1998, 1999, 2000, 2001, 2002, 2003]; missing []
1466 Jermaine Phillips 1979-03-27: exact 00-0021270; covered [2002, 2003]; missing []
1472 Dave Moore 1969-11-11: fallback_dob 00-0011551; covered [1992, 1993, 1994, 1995, 1996, 1997, 1998, 1999, 2000, 2001, 2002, 2003]; missing []
1473 Rickey Dudley 1972-07-15: exact 00-0004574; covered [1996, 1997, 1998, 1999, 2000, 2001, 2002, 2003]; missing []
1474 Ken Dilger 1971-02-02: fallback_dob 00-0004294; covered [1995, 1996, 1997, 1998, 1999, 2000, 2001, 2002, 2003]; missing []
1476 Joey Galloway 1971-11-20: fallback_dob 00-0005720; covered [1995, 1996, 1997, 1998, 1999, 2000, 2001, 2002, 2003]; missing []
1477 Keenan McCardell 1970-01-06: exact 00-0010668; covered [1992, 1993, 1994, 1995, 1996, 1997, 1998, 1999, 2000, 2001, 2002, 2003]; missing []
1479 Joe Jurevicius 1974-12-23: exact 00-0008962; covered [1998, 1999, 2000, 2001, 2002, 2003]; missing []
1480 Charles Lee 1977-11-19: exact 00-0019505; covered [2000, 2001, 2003]; missing []
1484 Andre Dyson 1979-05-25: exact 00-0020503; covered [2001, 2002, 2003]; missing []
1485 Samari Rolle 1976-08-10: exact 00-0013995; covered [1998, 1999, 2000, 2001, 2002, 2003]; missing []
1486 Tony Beckham 1978-10-01: fallback_dob 00-0021237; covered [2002, 2003]; missing []
1487 Andre Woolfolk 1980-01-26: exact 00-0022076; covered [2003]; missing []
1490 Kevin Carter 1973-09-21: exact 00-0002742; covered [1995, 1996, 1997, 1998, 1999, 2000, 2001, 2002, 2003]; missing []
1491 Carlos Hall 1979-01-16: exact 00-0021342; covered [2002, 2003]; missing []
1495 Albert Haynesworth 1981-06-17: exact 00-0021149; covered [2002, 2003]; missing []
1496 Rien Long 1980-08-07: none; seasons [2003]
1499 Robert Holcombe 1975-12-11: exact 00-0007579; covered [1998, 2002, 2003]; missing []; unmapped ['1999:LA (team code LA in 1999: ambiguous: use RAM (Rams) or RAI (Raiders))', '2000:LA (team code LA in 2000: ambiguous: use RAM (Rams) or RAI (Raiders))', '2001:LA (team code LA in 2001: ambiguous: use RAM (Rams) or RAI (Raiders))']
1501 Lance Schulters 1975-05-27: fallback_dob 00-0014504; covered [1998, 1999, 2000, 2001, 2002, 2003]; missing []
1502 Lamont Thompson 1978-07-30: exact 00-0021170; covered [2002, 2003]; missing []
1507 Eddie George 1973-09-24: fallback_dob 00-0005883; covered [1996, 1997, 1998, 1999, 2000, 2001, 2002, 2003]; missing []
1508 Chris Brown 1981-04-17: fallback_dob 00-0022092; covered [2003]; missing []
1510 Rocky Calmus 1979-08-01: exact 00-0021202; covered [2002, 2003]; missing []
1511 Brad Kassell 1980-01-07: fallback_dob 00-0020836; covered [2002, 2003]; missing []
1514 Joe Nedney 1973-03-22: fallback_dob 00-0011970; covered [1996, 1997, 1998, 1999, 2000, 2001, 2002, 2003]; missing []
1515 Peter Sirmon 1977-02-18: exact 00-0019588; covered [2000, 2001, 2002, 2003]; missing []
1516 Keith Bulluck 1977-04-04: exact 00-0019648; covered [2000, 2001, 2002, 2003]; missing []
1517 Rocky Boiman 1980-01-24: exact 00-0021250; covered [2002, 2003]; missing []
1518 Craig Hentrich 1971-05-18: exact 00-0007308; covered [1994, 1995, 1996, 1997, 1998, 1999, 2000, 2001, 2002, 2003]; missing []
1519 Steve McNair 1973-02-14: exact 00-0011024; covered [1995, 1996, 1997, 1998, 1999, 2000, 2001, 2002, 2003]; missing []
1520 Billy Volek 1976-04-28: fallback_dob 00-0019041; covered [2000, 2003]; missing []
1522 Tank Williams 1980-06-30: fallback_dob 00-0021173; covered [2002, 2003]; missing []
1527 Erron Kinney 1977-07-28: exact 00-0019659; covered [2000, 2001, 2002, 2003]; missing []
1529 Shad Meier 1978-06-07: fallback_dob 00-0020476; covered [2001, 2002, 2003]; missing []
1530 Derrick Mason 1974-01-17: exact 00-0010500; covered [1997, 1998, 1999, 2000, 2001, 2002, 2003]; missing []
1531 Drew Bennett 1978-08-26: fallback_dob 00-0019976; covered [2001, 2002, 2003]; missing []
1532 Tyrone Calico 1980-11-09: exact 00-0022087; covered [2003]; missing []
1533 Darrell Hill 1979-06-19: exact 00-0021329; covered [2002]; missing []
1534 Jake Schifino 1979-11-15: fallback_dob 00-0021264; covered []; missing [2002]
1537 Shawn Springs 1975-03-11: exact 00-0015495; covered [1997, 1998, 1999, 2000, 2001, 2002, 2003]; missing []
1538 Fred Smoot 1979-04-17: fallback_dob 00-0020522; covered [2001, 2002, 2003]; missing []
1539 Walt Harris 1974-08-10: fallback_dob 00-0007007; covered [1996, 1997, 1998, 1999, 2000, 2001, 2002, 2003]; missing []
1540 Rashad Bauman 1979-05-07: fallback_dob 00-0021204; covered [2002, 2003]; missing []
1541 Ralph Brown 1978-09-16: exact 00-0019613; covered [2001, 2002, 2003]; missing []
1542 Ade Jimoh 1980-04-18: fallback_dob 00-0021583; covered [2003]; missing []
1543 Renaldo Wynn 1974-09-03: exact 00-0018351; covered [1997, 1998, 1999, 2000, 2001, 2002, 2003]; missing []
1544 Phillip Daniels 1973-03-04: exact 00-0003874; covered [1996, 1997, 1998, 1999, 2000, 2001, 2002, 2003]; missing []
1545 Regan Upshaw 1974-08-12: none; seasons [1996, 1997, 1998, 1999, 2000, 2001, 2002, 2003]
1546 Cornelius Griffin 1976-12-03: exact 00-0019700; covered [2000, 2001, 2002, 2003]; missing []
1547 Jermaine Haley 1973-02-13: exact 00-0006636; covered [2000, 2001, 2002, 2003]; missing []
1548 Brandon Noble 1974-04-10: exact 00-0012135; covered [1999, 2000, 2001, 2002]; missing []
1549 Joe Salave'a 1975-03-25: exact 00-0014260; covered [1998, 1999, 2000, 2001, 2003]; missing []
1550 Rock Cartwright 1979-12-03: fallback_dob 00-0021357; covered [2002, 2003]; missing []
1551 Matt Bowen 1976-11-12: fallback_dob 00-0019574; covered [2000, 2001, 2002, 2003]; missing []
1552 Todd Franz 1976-04-12: fallback_dob 00-0019615; covered [2000, 2002, 2003]; missing []
1556 Clinton Portis 1981-09-01: exact 00-0021179; covered [2002, 2003]; missing []
1557 Ladell Betts 1979-08-27: exact 00-0021184; covered [2002, 2003]; missing []
1558 Chad Morton 1977-04-04: exact 00-0019590; covered [2000, 2001, 2002, 2003]; missing []
1559 Micheal Barrow 1969-04-19: none; seasons [1993, 1994, 1995, 1996, 1997, 1998, 1999, 2000, 2001, 2002, 2003]
1560 Kevin Mitchell 1971-01-01: exact 00-0011415; covered [1994, 1995, 1996, 1997, 1998, 1999, 2000, 2001, 2002, 2003]; missing []
1561 Clifton Smith 1980-07-21: exact 00-0021585; covered [2003]; missing []
1562 John Hall 1974-03-17: exact 00-0006662; covered [1997, 1998, 1999, 2000, 2001, 2002, 2003]; missing []
1563 Marcus Washington 1977-09-17: none; seasons [2000, 2001, 2002, 2003]
1564 LaVar Arrington 1978-06-20: exact 00-0019692; covered [2000, 2001, 2003]; missing []
1565 Antonio Pierce 1978-10-26: exact 00-0020006; covered [2001, 2002, 2003]; missing []
1566 Tom Tupa 1966-02-06: fallback_dob 00-0016683; covered [1988, 1989, 1990, 1991, 1992, 1994, 1995, 1996, 1997, 1998, 1999, 2000, 2001, 2002, 2003]; missing []
1567 Mark Brunell 1970-09-17: exact 00-0002110; covered [1994, 1995, 1996, 1997, 1998, 1999, 2000, 2001, 2002, 2003]; missing []
1568 Patrick Ramsey 1979-02-14: exact 00-0021379; covered [2002, 2003]; missing []
1569 Tim Hasselbeck 1978-04-06: fallback_dob 00-0019816; covered [2002]; missing []
1571 Ifeanyi Ohalete 1979-05-22: exact 00-0020005; covered [2001, 2002, 2003]; missing []
1572 Andre Lott 1979-05-31: exact 00-0021272; covered [2002, 2003]; missing []
1577 Walter Rasby 1972-09-07: exact 00-0013422; covered [1994, 1995, 1996, 1997, 1998, 1999, 2000, 2001, 2002, 2003]; missing []
1578 Brian Kozlowski 1970-10-04: exact 00-0009443; covered [1994, 1995, 1996, 1997, 1998, 1999, 2000, 2001, 2002, 2003]; missing []
1580 Robert Royal 1979-05-15: exact 00-0021273; covered []; missing [2002]
1581 Mike Sellers 1975-07-21: exact 00-0014655; covered [1999, 2000, 2001]; missing [2002]
1582 Rod Gardner 1977-10-26: fallback_dob 00-0020525; covered [2001, 2002, 2003]; missing []
1583 Laveranues Coles 1977-12-29: exact 00-0018958; covered [2000, 2001, 2002, 2003]; missing []
1584 James Thrash 1975-04-28: exact 00-0016440; covered [1997, 1998, 1999, 2000, 2001, 2002, 2003]; missing []
1585 Darnerien McCants 1978-08-01: exact 00-0020464; covered [2001, 2002, 2003]; missing []
1586 Taylor Jacobs 1981-05-30: exact 00-0022124; covered [2003]; missing []
1590 Anthony Henry 1981-01-18: none; seasons [2001, 2002, 2003]
1591 Daylon McCutcheon 1978-06-09: none; seasons [1999, 2000, 2001, 2002, 2003]
1592 Roosevelt Williams 1983-07-21: none; seasons [2002, 2003]
1593 Michael Lehan 1973-03-10: none; seasons [2003]
1594 Courtney Brown 1981-05-04: none; seasons [2000, 2001, 2002, 2003]
1595 Kenard Lang 1979-11-25: none; seasons [1997, 1998, 1999, 2000, 2001, 2002, 2003]
1596 Ebenezer Ekuban 1981-04-06: none; seasons [1999, 2000, 2001, 2002, 2003]
1597 Mark Word 1979-05-17: none; seasons [2002, 2003]
1598 Felipe Claybrooks 1978-12-22: none; seasons [2001, 2003]
1599 Gerard Warren 1978-09-10: none; seasons [2001, 2002, 2003]
1600 Orpheus Roye 1979-03-16: none; seasons [1996, 1997, 1998, 1999, 2000, 2001, 2002, 2003]
1601 Alvin McKinley 1979-08-18: none; seasons [2000, 2001, 2002, 2003]
1602 Michael Myers 1976-11-24: none; seasons [1998, 1999, 2000, 2001, 2002, 2003]
1604 Steve Heiden 1979-03-19: none; seasons [1999, 2000, 2001, 2002, 2003]
1605 Terrelle Smith 1980-08-11: none; seasons [2000, 2001, 2002, 2003]
1606 Earl Little 1980-12-11: none; seasons [1998, 1999, 2000, 2001, 2002, 2003]
1607 Chris Crocker 1981-05-11: none; seasons [2003]
1611 Lee Suggs 1978-08-31: none; seasons [2003]
1612 William Green 1970-11-30: none; seasons [2002, 2003]
1613 James Jackson 1979-07-14: none; seasons [2001, 2002, 2003]
1615 Andra Davis 1979-06-12: fallback_dob 00-0021175; covered [2002, 2003]; missing []
1616 Barry Gardner 1976-10-26: none; seasons [1999, 2000, 2001, 2002, 2003]
1617 Phil Dawson 1980-09-07: none; seasons [1999, 2000, 2001, 2002, 2003]
1618 Chaun Thompson 1975-06-12: none; seasons [2003]
1619 Warrick Holdman 1978-07-06: none; seasons [1999, 2000, 2001, 2002, 2003]
1620 Kevin Bentley 1981-09-24: none; seasons [2002, 2003]
1621 Ben Taylor 1980-05-22: none; seasons [2002, 2003]
1622 Brant Boyer 1982-01-12: none; seasons [1994, 1995, 1996, 1997, 1998, 1999, 2000, 2001, 2002, 2003]
1624 Jeff Garcia 1970-02-24: exact 00-0005755; covered [1999, 2000, 2001, 2002, 2003]; missing []
1625 Kelly Holcomb 1975-11-22: none; seasons [1997, 2001, 2002, 2003]
1627 Robert Griffith 1981-08-17: none; seasons [1994, 1995, 1996, 1997, 1998, 1999, 2000, 2001, 2002, 2003]
1633 Aaron Shea 1978-03-12: none; seasons [2000, 2001, 2002, 2003]
1634 Darnell Sanders 1973-05-14: none; seasons [2002, 2003]
1635 Quincy Morgan 1977-10-08: none; seasons [2001, 2002, 2003]
1636 Andre' Davis 1981-02-25: none; seasons [2002, 2003]
1637 Dennis Northcutt 1981-08-16: none; seasons [2000, 2001, 2002, 2003]
1638 Andre King 1979-09-12: none; seasons [2001, 2002, 2003]
1639 Frisman Jackson 1976-08-04: fallback_dob 00-0020430; covered [2002, 2003]; missing []
1643 Aaron Glenn 1972-07-16: exact 00-0006034; covered [1994, 1995, 1996, 1997, 1998, 1999, 2000, 2001, 2002, 2003]; missing []
1645 Marcus Coleman 1974-05-24: exact 00-0003231; covered [1996, 1997, 1998, 1999, 2000, 2001, 2002, 2003]; missing []
1646 Kenny Wright 1977-09-14: fallback_dob 00-0018308; covered [1999, 2000, 2001, 2002, 2003]; missing []
1648 Gary Walker 1973-02-28: exact 00-0017033; covered [1995, 1996, 1997, 1998, 1999, 2000, 2001, 2002, 2003]; missing []
1649 Robaire Smith 1977-11-15: exact 00-0019573; covered [2000, 2001, 2002, 2003]; missing []
1650 Corey Sears 1973-04-15: exact 00-0014618; covered [1998, 1999, 2000, 2002, 2003]; missing []
1651 Jerry DeLoach 1977-07-17: exact 00-0019285; covered [2001, 2002, 2003]; missing []
1652 Terrance Martin 1979-07-16: none; seasons [2003]
1654 Seth Payne 1975-02-12: exact 00-0012689; covered [1997, 1998, 1999, 2000, 2001, 2002, 2003]; missing []
1655 Junior Ioane 1977-07-21: exact 00-0019470; covered [2001, 2002, 2003]; missing []
1656 Jarrod Baxter 1979-03-09: exact 00-0021253; covered [2002]; missing []
1657 Charles Stackhouse 1980-04-11: exact 00-0020849; covered [2002, 2003]; missing []
1658 Marlon McCree 1977-03-17: exact 00-0020280; covered [2001, 2002, 2003]; missing []
1662 Fred Weary 1977-09-30: exact 00-0021193; covered [2003]; missing []
1663 Domanick Davis 1980-10-01: none; seasons [2003]
1664 Tony Hollings 1981-12-01: exact 00-0022116; covered [2003]; missing []
1665 Jonathan Wells 1979-07-21: exact 00-0021223; covered [2002, 2003]; missing []
1667 Jamie Sharper 1974-11-23: fallback_dob 00-0014725; covered [1997, 1998, 1999, 2000, 2001, 2002, 2003]; missing []
1668 Jay Foreman 1976-12-18: none; seasons [1999, 2000, 2001, 2002, 2003]
1669 DaShon Polk 1977-03-13: exact 00-0019508; covered [2000, 2001, 2002, 2003]; missing []
1670 Troy Evans 1977-12-03: exact 00-0019809; covered [2002, 2003]; missing []
1671 Kris Brown 1976-12-23: fallback_dob 00-0001980; covered [1999, 2000, 2001, 2002, 2003]; missing []
1672 Kailee Wong 1976-05-23: exact 00-0018168; covered [1998, 1999, 2000, 2001, 2002, 2003]; missing []
1675 Antwan Peek 1979-10-29: exact 00-0022052; covered [2003]; missing []
1676 Chad Stanley 1976-01-29: fallback_dob 00-0015550; covered [1999, 2000, 2001, 2002, 2003]; missing []
1677 David Carr 1979-07-21: exact 00-0020608; covered [2002, 2003]; missing []
1678 Tony Banks 1973-04-05: fallback_dob 00-0000722; covered [1996, 1997, 1998, 1999, 2000, 2001, 2003]; missing []
1679 Dave Ragone 1979-10-03: fallback_dob 00-0022091; covered [2003]; missing []
1681 Eric Brown 1975-03-20: exact 00-0001931; covered [1998, 1999, 2000, 2001, 2002, 2003]; missing []
1685 Billy Miller 1977-04-24: exact 00-0011236; covered [2000, 2002, 2003]; missing []
1686 Mark Bruener 1972-09-16: exact 00-0002102; covered [1995, 1996, 1997, 1998, 1999, 2000, 2001, 2002, 2003]; missing []
1689 Andre Johnson 1981-07-11: exact 00-0022044; covered [2003]; missing []
1690 Corey Bradford 1975-12-08: exact 00-0001627; covered [1998, 1999, 2000, 2001, 2002, 2003]; missing []
1691 Jabar Gaffney 1980-12-01: fallback_dob 00-0021163; covered [2002, 2003]; missing []
1692 J.J. Moses 1979-09-12: fallback_dob 00-0019779; covered [2002, 2003]; missing []
1694 Ron Dugans 1977-04-27: fallback_dob 00-0019708; covered [2001, 2002]; missing [2003]
1696 Kenny Holmes 1973-10-24: fallback_dob 00-0007659; covered [1997, 1998, 1999, 2000, 2001, 2002, 2003]; missing []
1697 Kurt Kittner 1980-01-23: exact 00-0021271; covered [2002]; missing []
1698 Larry Centers 1968-06-01: exact 00-0002846; covered [1990, 1991, 1992, 1993, 1994, 1995, 1996, 1997, 1998, 1999, 2000, 2001, 2002, 2003]; missing []
1699 Antowain Smith 1972-03-14: exact 00-0015091; covered [1997, 1998, 1999, 2000, 2001, 2002, 2003]; missing []
1701 Jody Littleton 1974-10-23: exact 00-0009983; covered [2003]; missing []
1702 Mike Caldwell 1971-08-31: fallback_dob 00-0002518; covered [1993, 1994, 1995, 1996, 1997, 1998, 1999, 2000, 2001, 2002, 2003]; missing []
1703 Ricky Williams 1978-08-29: exact 00-0020739; covered [2002, 2003]; missing []
1704 Tyrone Williams 1973-05-31: fallback_dob 00-0017948; covered [1996, 1997, 1998, 1999, 2000, 2001, 2002, 2003]; missing []
1705 Frank Ferrara 1975-12-07: exact 00-0005165; covered [2002, 2003]; missing []
1706 Juqua Thomas 1978-05-15: none; seasons [2001, 2002, 2003]
1707 Tim Wansley 1979-11-07: none; seasons [2002]
1708 Jarvis Green 1979-01-12: exact 00-0021244; covered [2002, 2003]; missing []
1709 Billy Lafleur 1976-02-25: fallback_dob 00-0019084; covered [2002, 2003]; missing []
1710 Oronde Gadsden 1971-08-20: exact 00-0005668; covered [1998, 1999, 2000, 2001, 2002, 2003]; missing []
1711 Craig Nall 1979-04-21: exact 00-0021277; covered [2002]; missing []
1712 Leonard Myers 1978-12-18: exact 00-0020359; covered [2001, 2002, 2003]; missing []
1714 James Atkins 1978-06-23: exact 00-0020811; covered [2002]; missing []
1716 Eric Westmoreland 1977-03-11: exact 00-0020357; covered [2001, 2002, 2003]; missing []
1717 Dorsett Davis 1978-08-21: none; seasons [2002]
1719 Gary Stills 1974-07-11: exact 00-0015725; covered [1999, 2000, 2001, 2002, 2003]; missing []
1721 Wesly Mallard 1978-11-21: exact 00-0021298; covered [2002, 2003]; missing []
1722 John Owens 1980-01-10: exact 00-0021255; covered [2003]; missing []
1724 Carlos Polk 1977-02-22: exact 00-0020339; covered [2001, 2002, 2003]; missing []
1725 Asante Samuel 1981-01-06: exact 00-0021956; covered [2003]; missing []
1726 Frank Sanders 1973-02-17: exact 00-0014328; covered [1995, 1996, 1997, 1998, 1999, 2000, 2001, 2002, 2003]; missing []
1728 Mike Echols 1978-10-13: fallback_dob 00-0021233; covered [2002, 2003]; missing []
1729 Javor Mills 1979-05-11: exact 00-0020620; covered [2002]; missing []
1731 Jason Simmons 1976-03-30: exact 00-0014902; covered [1998, 1999, 2000, 2001, 2002, 2003]; missing []
1734 Rushen Jones 1980-04-21: none; seasons [2003]
1735 Shantee Orr 1981-05-28: exact 00-0021616; covered [2003]; missing []
1737 Eddie Johnson 1981-03-02: fallback_dob 00-0022105; covered [2003]; missing []
1738 Reinard Wilson 1973-12-17: none; seasons [1998, 1999, 2000, 2001, 2002, 2003]
1739 Ike Charlton 1977-10-08: none; seasons [2000, 2001, 2002, 2003]
1743 Jeff Gooch 1974-10-31: fallback_dob 00-0006103; covered [1996, 1997, 1998, 1999, 2000, 2001, 2002, 2003]; missing []
1744 Eric Downing 1978-09-16: exact 00-0020269; covered [2001, 2002, 2003]; missing []
1746 Dwayne Levels 1979-05-09: exact 00-0020724; covered [2002]; missing []
1747 LaDairis Jackson 1979-06-16: exact 00-0020070; covered [2003]; missing []
1748 Filip Filipovic 1977-11-05: exact 00-0020976; covered []; missing [2003]
1749 Barron Tanner 1973-09-14: exact 00-0016041; covered [1997, 1998, 2000, 2001, 2002, 2003]; missing []
1750 Patrick Hape 1979-02-27: none; seasons [1997, 1998, 1999, 2000, 2001, 2002, 2003]
1751 Patrick Chukwurah 1981-10-17: none; seasons [2002, 2003]
1752 Bill Gramatica 1978-07-10: fallback_dob 00-0020296; covered [2001, 2002, 2003]; missing []
1753 Cedric Scott 1980-01-23: none; seasons [2002, 2003]
1755 Jeff Chandler 1979-06-18: fallback_dob 00-0021226; covered [2002, 2003]; missing []
1757 Craig Jarrett 1979-07-19: none; seasons [2003]
1758 Matt Chatham 1977-06-28: exact 00-0002909; covered [2000, 2001, 2002, 2003]; missing []
1759 Phillip Crosby 1976-11-05: exact 00-0019353; covered [2002, 2003]; missing []
1760 Bobby Setzer 1976-06-16: fallback_dob 00-0018932; covered [2002]; missing [2003]
1761 Khalid Abdullah 1979-03-06: exact 00-0021957; covered [2003]; missing []
1762 Brooks Barnard 1979-11-04: exact 00-0021648; covered [2003]; missing []
1764 Pat Dennis 1978-06-03: none; seasons [2001, 2002, 2003]
1765 Chris Akins 1976-11-29: fallback_dob 00-0000112; covered [1999, 2000, 2001, 2002, 2003]; missing []
1766 Jason Doering 1978-04-22: exact 00-0020310; covered [2001, 2002, 2003]; missing []
1768 Kenyatta Wright 1978-02-19: exact 00-0019362; covered [2000, 2001, 2003]; missing []
1769 Hayden Epstein 1979-01-27: none; seasons [2003]
1770 Alvin Porter 1977-05-10: exact 00-0020152; covered [2002, 2003]; missing []
1771 Donnel Thompson 1978-02-17: exact 00-0019139; covered [2001, 2002]; missing []
1772 Justin Lucas 1976-07-15: exact 00-0018563; covered [1999, 2000, 2001, 2002, 2003]; missing []
1775 Wade Richey 1976-05-17: none; seasons [1998, 1999, 2000, 2001, 2002, 2003]
1776 Deon Dyer 1977-10-02: exact 00-0019473; covered [2001, 2002]; missing [2003]
1777 Sylvester Morris 1977-10-06: exact 00-0019726; covered [2001]; missing [2003]
1778 Joe Tuipala 1976-09-13: fallback_dob 00-0018599; covered [2001, 2002]; missing []
1779 Tee Martin 1978-07-25: fallback_dob 00-0019633; covered [2000, 2001, 2003]; missing []
1780 Charlie Clemons 1972-07-04: exact 00-0003111; covered [1997, 1998, 1999, 2001, 2002, 2003]; missing []
1785 Stanley Pritchett 1973-12-22: exact 00-0013262; covered [1996, 1997, 1998, 1999, 2000, 2001, 2002, 2003]; missing []
1786 Jason Perry 1976-08-01: exact 00-0012813; covered [2000, 2001, 2002]; missing [2003]
1788 Lyle West 1976-12-20: fallback_dob 00-0017460; covered [1999, 2000, 2002, 2003]; missing []
1789 Quentin McCord 1978-06-26: fallback_dob 00-0020340; covered [2001, 2002, 2003]; missing []
1790 John Nix 1977-12-22: none; seasons [2001, 2002]
1792 Jason Gildon 1972-07-31: exact 00-0005967; covered [1994, 1995, 1996, 1997, 1998, 1999, 2000, 2001, 2002, 2003]; missing []
1793 Keith Heinrich 1976-11-03: none; seasons [2002, 2003]
1796 Mikhael Ricks 1974-11-14: exact 00-0013712; covered [1998, 1999, 2000, 2001, 2002, 2003]; missing []
1797 Justin Kurpeikis 1977-07-17: exact 00-0019949; covered [2002]; missing []
1799 Tim Johnson 1978-02-07: exact 00-0020227; covered [2002, 2003]; missing []
1801 Kevin Stemke 1978-11-23: exact 00-0019855; covered []; missing [2003]
1804 Brandon Moore 1979-01-16: exact 00-0020664; covered [2002, 2003]; missing []
1805 Robert Mathis 1981-02-26: exact 00-0022059; covered [2003]; missing []
1806 Sultan McCullough 1980-02-12: none; seasons [2003]
1807 Kassim Osgood 1979-04-14: none; seasons [2003]
1809 Siddeeq Shabazz 1981-02-05: exact 00-0022114; covered [2003]; missing []
1811 Keyon Nash 1979-03-11: fallback_dob 00-0021299; covered [2002]; missing []
1812 Karl Williams 1971-04-10: exact 00-0017847; covered [1996, 1997, 1998, 1999, 2000, 2001, 2002, 2003]; missing []
1813 Hank Poteat 1977-08-30: none; seasons [2000, 2001, 2002, 2003]
1814 Delbert Cowsette 1977-09-03: exact 00-0018965; covered [2001, 2002]; missing []
1815 Marcus Bell 1977-07-19: exact 00-0019472; covered [2001, 2002]; missing [2003]
1816 Danny Farmer 1977-05-21: fallback_dob 00-0019543; covered [2001, 2002]; missing [2003]
1817 Zack Bronson 1974-01-28: fallback_dob 00-0001816; covered [1997, 1998, 1999, 2000, 2001, 2002, 2003]; missing []
1819 Will Overstreet 1979-10-07: fallback_dob 00-0021205; covered [2002, 2003]; missing []
1820 Ramon Walker 1979-11-08: exact 00-0021266; covered [2002, 2003]; missing []
1821 Josh Mallard 1979-03-21: none; seasons [2003]
1822 Tim Duncan 1979-06-12: exact 00-0021052; covered [2003]; missing []
1823 Matt Mitrione 1978-07-15: fallback_dob 00-0020847; covered []; missing [2003]
1824 Roderick Babers 1980-10-06: exact 00-0022056; covered [2003]; missing []
1825 Jamie Duncan 1975-07-20: exact 00-0004624; covered [1998, 1999, 2000, 2001, 2002, 2003]; missing []
1829 Walter Young 1979-12-07: exact 00-0021886; covered [2003]; missing []
1833 Deke Cooper 1977-10-18: fallback_dob 00-0019293; covered [2002, 2003]; missing []
1834 Alvis Whitted 1974-09-04: exact 00-0017611; covered [1998, 1999, 2000, 2001, 2002, 2003]; missing []
1835 Trung Canidate 1977-03-03: exact 00-0019649; covered [2002, 2003]; missing []; unmapped ['2000:LA (team code LA in 2000: ambiguous: use RAM (Rams) or RAI (Raiders))', '2001:LA (team code LA in 2001: ambiguous: use RAM (Rams) or RAI (Raiders))']
1837 Jared DeVries 1976-06-11: exact 00-0004242; covered [1999, 2000, 2001, 2002, 2003]; missing []
1838 Jamal Reynolds 1979-02-20: fallback_dob 00-0020459; covered [2001, 2002, 2003]; missing []
1839 Lewis Sanders 1978-06-22: exact 00-0019465; covered [2000, 2002, 2003]; missing []
1840 Dustin Lyman 1976-08-05: exact 00-0019464; covered [2000, 2001, 2002, 2003]; missing []
1841 Jameel Cook 1979-02-08: exact 00-0020391; covered [2001, 2002, 2003]; missing []
1842 Steve Bush 1974-07-04: fallback_dob 00-0002380; covered [1997, 1998, 1999, 2000, 2001, 2002, 2003]; missing []
1843 Clint Stoerner 1977-12-29: fallback_dob 00-0019442; covered [2001, 2002]; missing []
1844 Larry Foote 1980-06-12: fallback_dob 00-0021246; covered [2002, 2003]; missing []
1845 Brett Keisel 1978-09-19: exact 00-0021344; covered [2002]; missing []
1846 Edward Thomas 1974-09-27: none; seasons [2002, 2003]
1849 Tully Banta-Cain 1980-08-28: exact 00-0022038; covered [2003]; missing []
1852 George Wrighster 1981-04-01: exact 00-0021980; covered [2003]; missing []
1854 Travaris Robinson 1981-09-01: exact 00-0021474; covered [2003]; missing []
1857 Donnie Nickey 1980-04-25: exact 00-0022100; covered [2003]; missing []
1858 Scott Shields 1976-03-29: exact 00-0014810; covered [2000]; missing [2001]
1859 Paul Grasmanis 1974-08-02: exact 00-0006251; covered [1996, 1997, 1998, 1999, 2000, 2001, 2002, 2003]; missing []
1860 Germane Crowell 1976-09-13: exact 00-0003700; covered [1999, 2000, 2001, 2002]; missing [2003]
1861 Pete Mitchell 1971-10-09: fallback_dob 00-0011425; covered [1996, 1997, 1998, 1999, 2000, 2001, 2002, 2003]; missing []
1862 Robert Tate 1973-10-19: exact 00-0016061; covered [1998, 1999, 2000, 2001, 2002]; missing [2003]
1864 Monty Beisel 1978-08-20: exact 00-0020478; covered [2001, 2002, 2003]; missing []
1865 Travis Dorsch 1979-09-04: exact 00-0021232; covered [2003]; missing []
1866 James Fenderson 1976-10-24: exact 00-0020173; covered [2001, 2002, 2003]; missing []
1867 Deon Humphrey 1976-05-07: exact 00-0007911; covered [2000, 2001, 2003]; missing []
1868 Joe Dean Davenport 1976-10-29: fallback_dob 00-0019065; covered [2001, 2002, 2003]; missing []
1869 Danny Boyd 1978-06-01: fallback_dob 00-0020577; covered []; missing [2003]
1870 Cleveland Pinkney 1977-09-14: exact 00-0019776; covered [2003]; missing []
1874 Tyreo Harrison 1980-05-15: exact 00-0021101; covered [2002]; missing []
1875 Leigh Bodden 1971-06-27: none; seasons [2003]
1877 Tron LaFavor 1979-11-27: exact 00-0022062; covered [2003]; missing []
1879 Steve Gleason 1977-03-19: fallback_dob 00-0019053; covered [2000, 2001, 2002, 2003]; missing []
1881 Chris Cole 1977-10-12: none; seasons [2000, 2001, 2003]
1883 Jason Bell 1978-04-01: exact 00-0020110; covered [2001, 2002, 2003]; missing []
1884 Kevin Swayne 1975-01-17: exact 00-0015959; covered [2001, 2002, 2003]; missing []
1885 Stephen Trejo 1977-11-20: exact 00-0020094; covered [2001, 2002, 2003]; missing []
1886 Lemar Marshall 1976-12-17: exact 00-0010421; covered [2002, 2003]; missing []
1888 Jason McAddley 1979-07-28: exact 00-0021094; covered [2002, 2003]; missing []
1889 Sam Simmons 1979-11-25: fallback_dob 00-0021283; covered []; missing [2002]
1890 Randy Hymes 1979-08-07: exact 00-0020984; covered []; missing [2003]
1891 Travis Carroll 1978-10-26: exact 00-0020729; covered [2002, 2003]; missing []
1893 Leonard Stephens 1978-07-09: exact 00-0019035; covered []; missing [2003]
1896 Ian Scott 1981-11-08: fallback_dob 00-0022140; covered [2003]; missing []
1899 Marquand Manuel 1979-07-11: exact 00-0021096; covered [2002, 2003]; missing []
1900 Joe Johnson 1972-07-11: fallback_dob 00-0008541; covered [1994, 1995, 1996, 1997, 1998, 2000, 2001, 2002, 2003]; missing []
1902 Henri Crockett 1974-10-28: exact 00-0003660; covered [1997, 1998, 1999, 2000, 2001, 2002, 2003]; missing []
1903 John Jones 1975-04-04: exact 00-0019404; covered [2001, 2002]; missing []
1904 Moran Norris 1978-06-16: fallback_dob 00-0020508; covered [2001, 2002, 2003]; missing []
1907 Rob Johnson 1973-03-18: exact 00-0008612; covered [1995, 1996, 1997, 1998, 1999, 2000, 2001, 2002, 2003]; missing []
1908 Doug Evans 1970-05-13: fallback_dob 00-0004978; covered [1993, 1994, 1995, 1996, 1997, 1998, 1999, 2000, 2001, 2002, 2003]; missing []
1909 Arland Bruce 1977-11-23: exact 00-0018996; covered [2003]; missing []
1910 Jeremiah Trotter 1977-01-20: exact 00-0016624; covered [1998, 1999, 2000, 2001, 2002, 2003]; missing []
1911 Shannon Sharpe 1981-03-23: none; seasons [1990, 1991, 1992, 1993, 1994, 1995, 1996, 1997, 1998, 1999, 2000, 2001, 2002, 2003]
1912 Gilbert Brown 1971-02-22: exact 00-0001940; covered [1993, 1994, 1995, 1996, 1997, 1998, 1999, 2001, 2002, 2003]; missing []
1913 Antonio Freeman 1972-05-27: exact 00-0005562; covered [1995, 1996, 1997, 1998, 1999, 2000, 2001, 2002, 2003]; missing []
1914 Bill Schroeder 1971-01-09: fallback_dob 00-0014489; covered [1997, 1998, 1999, 2000, 2001, 2002]; missing []
1915 Seth Marler 1981-03-27: fallback_dob 00-0021462; covered [2003]; missing []
1916 Harold Morrow 1973-02-24: exact 00-0011718; covered [1996, 1997, 1998, 1999, 2000, 2001, 2002]; missing []
1917 Jason Sehorn 1971-04-15: exact 00-0014637; covered [1994, 1995, 1996, 1997, 1999, 2000, 2001, 2002, 2003]; missing []
1918 Chad Bratzke 1971-09-15: exact 00-0001707; covered [1994, 1995, 1996, 1997, 1998, 1999, 2000, 2001, 2002, 2003]; missing []
1919 Victor Green 1969-12-08: exact 00-0006356; covered [1994, 1995, 1996, 1997, 1998, 1999, 2000, 2001, 2002, 2003]; missing []
1920 Mo Lewis 1969-10-21: fallback_dob 00-0009886; covered [1991, 1992, 1993, 1994, 1995, 1996, 1997, 1998, 1999, 2000, 2001, 2002, 2003]; missing []
1921 Marvin Jones 1972-06-28: exact 00-0008819; covered [1993, 1994, 1995, 1996, 1997, 1999, 2000, 2001, 2002, 2003]; missing []
1922 Dedric Ward 1974-09-29: exact 00-0017160; covered [1997, 1998, 1999, 2000, 2001, 2002, 2003]; missing []
1923 Raymond Walls 1979-07-24: exact 00-0020324; covered [2001, 2003]; missing []
1924 D'Wayne Bates 1975-12-04: exact 00-0000869; covered [1999, 2000, 2001, 2002, 2003]; missing []
1925 Corey Harris 1976-11-28: exact 00-0018614; covered [1999, 2000, 2001, 2002, 2003]; missing []
1926 Lester Towns 1977-08-28: exact 00-0019624; covered [2000, 2001, 2002, 2003]; missing []
1927 Chris Redman 1977-07-07: exact 00-0019709; covered [2000, 2001, 2002, 2003]; missing []
1929 Stacey Mack 1974-06-26: none; seasons [1999, 2000, 2001, 2002, 2003]
1930 Tay Cody 1977-10-06: exact 00-0020447; covered [2001, 2002, 2003]; missing []
1931 Owen Pochman 1977-08-02: exact 00-0020379; covered [2001, 2003]; missing []
1934 Charles Hill 1980-11-01: exact 00-0021208; covered [2003]; missing []
1936 J.R. Redmond 1977-09-28: fallback_dob 00-0019722; covered [2000, 2001, 2002, 2003]; missing []
