index,name,team,gsis,matched_2026,method,source_name,name_equivalent
0,Garrett Williams,ARZ,00-0039007,True,fc stable GSIS corroborated in roster,Garrett Williams,True
1,Kalen King,ARZ,00-0039239,True,fc stable GSIS corroborated in roster,Kalen King,True
2,Andrew Wingard,ARZ,00-0035378,True,fc stable GSIS corroborated in roster,Andrew Wingard,True
3,Will Johnson,ARZ,00-0040751,True,fc stable GSIS corroborated in roster,Will Johnson,True
4,Jack Gibbens,ARZ,00-0037596,True,fc stable GSIS corroborated in roster,Jack Gibbens,True
5,Eku Leota,ARZ,00-0038782,True,fc stable GSIS corroborated in roster,Eku Leota,True
6,Roy Lopez,ARZ,00-0036568,True,fc stable GSIS corroborated in roster,Roy Lopez,True
7,Zaven Collins,ARZ,00-0036933,True,fc stable GSIS corroborated in roster,Zaven Collins,True
8,Baron Browning,ARZ,00-0036995,True,fc stable GSIS corroborated in roster,Baron Browning,True
9,Walter Nolen,ARZ,00-0040706,True,fc stable GSIS corroborated in roster,Walter Nolen,True
10,Dante Stills,ARZ,00-0038623,True,fc stable GSIS corroborated in roster,Dante Stills,True
11,Josh Sweat,ARZ,00-0034381,True,fc stable GSIS corroborated in roster,Josh Sweat,True
12,Jordan Burch,ARZ,00-0040137,True,fc stable GSIS corroborated in roster,Jordan Burch,True
13,Karson Sharar,ARZ,00-0041093,True,fc stable GSIS corroborated in roster,Karson Sharar,True
14,Jeremiyah Love,ARZ,00-0041027,True,fc stable GSIS corroborated in roster,Jeremiyah Love,True
15,Bam Knight,ARZ,00-0037157,True,fc stable GSIS corroborated in roster,Bam Knight,True
16,Denzel Burke,ARZ,00-0040195,True,fc stable GSIS corroborated in roster,Denzel Burke,True
17,Kei'Trel Clark,ARZ,00-0038984,True,fc stable GSIS corroborated in roster,Kei'Trel Clark,True
18,Paris Johnson,ARZ,00-0038540,True,fc stable GSIS corroborated in roster,Paris Johnson Jr.,True
19,Jayden Williams,ARZ,00-0041113,True,fc stable GSIS corroborated in roster,Jayden Williams,True
20,Jon Gaines,ARZ,00-0038571,True,fc stable GSIS corroborated in roster,Jon Gaines II,True
21,Tyler Allgeier,ARZ,00-0037263,True,fc stable GSIS corroborated in roster,Tyler Allgeier,True
22,Reggie Virgil,ARZ,00-0041070,True,fc stable GSIS corroborated in roster,Reggie Virgil,True
23,Hunter Long,ARZ,00-0037004,True,fc stable GSIS corroborated in roster,Hunter Long,True
24,Casey Kreiter,ARZ,00-0030957,True,fc stable GSIS corroborated in roster,Casey Kreiter,True
25,Mack Wilson,ARZ,00-0035144,True,fc stable GSIS corroborated in roster,Mack Wilson,True
26,Darius Robinson,ARZ,00-0039854,True,fc stable GSIS corroborated in roster,Darius Robinson,True
27,Chad Ryland,ARZ,00-0038567,True,fc stable GSIS corroborated in roster,Chad Ryland,True
28,Cody Simon,ARZ,00-0040645,True,fc stable GSIS corroborated in roster,Cody Simon,True
29,Andrew Billings,ARZ,00-0033066,True,fc stable GSIS corroborated in roster,Andrew Billings,True
30,L.J. Collier,ARZ,00-0035636,True,fc stable GSIS corroborated in roster,L.J. Collier,True
31,Wydett Williams,ARZ,00-0041370,True,fc stable GSIS corroborated in roster,Wydett Williams Jr.,True
32,Budda Baker,ARZ,00-0033890,True,fc stable GSIS corroborated in roster,Budda Baker,True
33,Dadrion Taylor-Demerson,ARZ,00-0039864,True,fc stable GSIS corroborated in roster,Dadrion Taylor-Demerson,True
34,Blake Gillikin,ARZ,00-0035859,True,fc stable GSIS corroborated in roster,Blake Gillikin,True
35,Jacoby Brissett,ARZ,00-0033119,True,fc stable GSIS corroborated in roster,Jacoby Brissett,True
36,Gardner Minshew,ARZ,00-0035289,True,fc stable GSIS corroborated in roster,Gardner Minshew,True
37,Carson Beck,ARZ,00-0041561,True,fc stable GSIS corroborated in roster,Carson Beck,True
38,Max Melton,ARZ,00-0039807,True,fc stable GSIS corroborated in roster,Max Melton,True
39,Elijah Wilkinson,ARZ,00-0033676,True,fc stable GSIS corroborated in roster,Elijah Wilkinson,True
40,Hayden Conner,ARZ,00-0040219,True,fc stable GSIS corroborated in roster,Hayden Conner,True
41,Isaac Seumalo,ARZ,00-0032954,True,fc stable GSIS corroborated in roster,Isaac Seumalo,True
42,Trey McBride,ARZ,00-0037744,True,fc stable GSIS corroborated in roster,Trey McBride,True
43,Elijah Higgins,ARZ,00-0039041,True,fc stable GSIS corroborated in roster,Elijah Higgins,True
44,Michael Wilson,ARZ,00-0038559,True,fc stable GSIS corroborated in roster,Michael Wilson,True
45,Jalen Brooks,ARZ,00-0038640,True,fc stable GSIS corroborated in roster,Jalen Brooks,True
46,Marvin Harrison,ARZ,00-0039849,True,fc stable GSIS corroborated in roster,Marvin Harrison Jr.,True
47,Simi Fehoko,ARZ,00-0036646,True,fc stable GSIS corroborated in roster,Simi Fehoko,True
48,Kendrick Bourne,ARZ,00-0033307,True,fc stable GSIS corroborated in roster,Kendrick Bourne,True
49,Devin Duvernay,ARZ,00-0036331,True,fc stable GSIS corroborated in roster,Devin Duvernay,True
50,Josh Fryar,ARZ,00-0040382,True,fc stable GSIS corroborated in roster,Josh Fryar,True
51,Isaiah Adams,ARZ,00-0039808,True,fc stable GSIS corroborated in roster,Isaiah Adams,True
52,Hjalte Froholdt,ARZ,00-0035258,True,fc stable GSIS corroborated in roster,Hjalte Froholdt,True
53,Mike Hughes,ATL,00-0034843,True,fc stable GSIS corroborated in roster,Mike Hughes,True
54,Jessie Bates,ATL,00-0034675,True,fc stable GSIS corroborated in roster,Jessie Bates,True
55,Malcolm DeWalt,ATL,00-0041188,True,fc stable GSIS corroborated in roster,Malcolm DeWalt IV,True
56,Xavier Watts,ATL,00-0040148,True,fc stable GSIS corroborated in roster,Xavier Watts,True
57,DeMarcco Hellams,ATL,00-0038628,True,fc stable GSIS corroborated in roster,DeMarcco Hellams,True
58,Jack Strand,ATL,00-0041194,True,fc stable GSIS corroborated in roster,Jack Strand,True
59,Sydney Brown,ATL,00-0039002,True,fc stable GSIS corroborated in roster,Sydney Brown,True
60,Za'Darius Smith,ATL,00-0031576,True,fc stable GSIS corroborated in roster,Za'Darius Smith,True
61,Yasir Abdullah,ATL,00-0038580,True,fc stable GSIS corroborated in roster,Yasir Abdullah,True
62,Cameron Thomas,ATL,00-0037815,True,fc stable GSIS corroborated in roster,Cameron Thomas,True
63,Bralen Trice,ATL,00-0039837,True,fc stable GSIS corroborated in roster,Bralen Trice,True
64,Samson Ebukam,ATL,00-0033945,True,fc stable GSIS corroborated in roster,Samson Ebukam,True
65,Gervon Dexter,ATL,00-0039070,True,fc stable GSIS corroborated in roster,Gervon Dexter Sr.,True
66,Brandon Dorlus,ATL,00-0039859,True,fc stable GSIS corroborated in roster,Brandon Dorlus,True
67,LaCale London,ATL,00-0036204,True,fc stable GSIS corroborated in roster,LaCale London,True
68,Jared Ivey,ATL,00-0040056,True,fc stable GSIS corroborated in roster,Jared Ivey,True
69,Bijan Robinson,ATL,00-0038542,True,fc stable GSIS corroborated in roster,Bijan Robinson,True
70,Nick Muse,ATL,00-0037317,True,fc stable GSIS corroborated in roster,Nick Muse,True
71,Billy Bowman,ATL,00-0040156,True,fc stable GSIS corroborated in roster,Billy Bowman Jr.,True
72,Mike Ford,ATL,00-0034639,True,fc stable GSIS corroborated in roster,Mike Ford,True
73,Jake Matthews,ATL,00-0031279,True,fc stable GSIS corroborated in roster,Jake Matthews,True
74,Kyle Hinton,ATL,00-0036354,True,fc stable GSIS corroborated in roster,Kyle Hinton,True
75,Ethan Onianwa,ATL,00-0041121,True,fc stable GSIS corroborated in roster,Ethan Onianwa,True
76,Corey Levin,ATL,00-0033793,True,fc stable GSIS corroborated in roster,Corey Levin,True
77,Brian Robinson,ATL,00-0037746,True,fc stable GSIS corroborated in roster,Brian Robinson,True
78,Liam McCullough,ATL,00-0036082,True,fc stable GSIS corroborated in roster,Liam McCullough,True
79,Maason Smith,ATL,00-0039889,True,fc stable GSIS corroborated in roster,Maason Smith,True
80,Divine Deablo,ATL,00-0036990,True,fc stable GSIS corroborated in roster,Divine Deablo,True
81,Christian Harris,ATL,00-0037823,True,fc stable GSIS corroborated in roster,Christian Harris,True
82,Nick Folk,ATL,00-0025565,True,fc stable GSIS corroborated in roster,Nick Folk,True
83,Kendal Daniels,ATL,00-0041066,True,fc stable GSIS corroborated in roster,Kendal Daniels,True
84,Josh Woods,ATL,00-0034801,True,fc stable GSIS corroborated in roster,Josh Woods,True
85,Harold Perkins,ATL,00-0041112,True,fc stable GSIS corroborated in roster,Harold Perkins Jr.,True
86,Zach Harrison,ATL,00-0038980,True,fc stable GSIS corroborated in roster,Zach Harrison,True
87,Jake Bailey,ATL,00-0035280,True,fc stable GSIS corroborated in roster,Jake Bailey,True
88,Michael Penix,ATL,00-0039917,True,fc stable GSIS corroborated in roster,Michael Penix Jr.,True
89,Tua Tagovailoa,ATL,00-0036212,True,fc stable GSIS corroborated in roster,Tua Tagovailoa,True
90,Cooper Rush,ATL,00-0033662,True,fc stable GSIS corroborated in roster,Cooper Rush,True
91,C.J. Henderson,ATL,00-0036281,True,fc stable GSIS corroborated in roster,C.J. Henderson,True
92,Avieon Terrell,ATL,00-0041469,True,fc stable GSIS corroborated in roster,Avieon Terrell,True
93,Jawaan Taylor,ATL,00-0035237,True,fc stable GSIS corroborated in roster,Jawaan Taylor,True
94,Ryan Neuzil,ATL,00-0036833,True,fc stable GSIS corroborated in roster,Ryan Neuzil,True
95,Matthew Bergeron,ATL,00-0039048,True,fc stable GSIS corroborated in roster,Matthew Bergeron,True
96,Kyle Pitts,ATL,00-0036970,True,fc stable GSIS corroborated in roster,Kyle Pitts,True
97,Charlie Woerner,ATL,00-0036429,True,fc stable GSIS corroborated in roster,Charlie Woerner,True
98,Austin Hooper,ATL,00-0032392,True,fc stable GSIS corroborated in roster,Austin Hooper,True
99,Drake London,ATL,00-0037238,True,fc stable GSIS corroborated in roster,Drake London,True
100,Zachariah Branch,ATL,00-0041044,True,fc stable GSIS corroborated in roster,Zachariah Branch,True
101,Jahan Dotson,ATL,00-0037741,True,fc stable GSIS corroborated in roster,Jahan Dotson,True
102,Chris Blair,ATL,00-0036463,True,fc stable GSIS corroborated in roster,Chris Blair,True
103,Olamide Zaccheaus,ATL,00-0035208,True,fc stable GSIS corroborated in roster,Olamide Zaccheaus,True
104,Michael Jerrell,ATL,00-0039842,True,fc stable GSIS corroborated in roster,Michael Jerrell,True
105,Chris Lindstrom,ATL,00-0035630,True,fc stable GSIS corroborated in roster,Chris Lindstrom,True
106,Nate Wiggins,BAL,00-0039232,True,fc stable GSIS corroborated in roster,Nate Wiggins,True
107,Malaki Starks,BAL,00-0040688,True,fc stable GSIS corroborated in roster,Malaki Starks,True
108,Chidobe Awuzie,BAL,00-0033548,True,fc stable GSIS corroborated in roster,Chidobe Awuzie,True
109,Keondre Jackson,BAL,00-0040104,True,fc stable GSIS corroborated in roster,Keondre Jackson,True
110,Jaylinn Hawkins,BAL,00-0036302,True,fc stable GSIS corroborated in roster,Jaylinn Hawkins,True
111,Tavius Robinson,BAL,00-0038505,True,fc stable GSIS corroborated in roster,Tavius Robinson,True
112,Ethan Burke,BAL,00-0040978,True,fc stable GSIS corroborated in roster,Ethan Burke,True
113,Nnamdi Madubuike,BAL,00-0036130,True,fc stable GSIS corroborated in roster,Nnamdi Madubuike,True
114,Zion Young,BAL,00-0041494,True,fc stable GSIS corroborated in roster,Zion Young,True
115,Trey Hendrickson,BAL,00-0033935,True,fc stable GSIS corroborated in roster,Trey Hendrickson,True
116,Travis Jones,BAL,00-0037756,True,fc stable GSIS corroborated in roster,Travis Jones,True
117,Mike Green,BAL,00-0040722,True,fc stable GSIS corroborated in roster,Mike Green,True
118,Derrick Henry,BAL,00-0032764,True,fc stable GSIS corroborated in roster,Derrick Henry,True
119,Rasheen Ali,BAL,00-0039796,True,fc stable GSIS corroborated in roster,Rasheen Ali,True
120,Marlon Humphrey,BAL,00-0033281,True,fc stable GSIS corroborated in roster,Marlon Humphrey,True
121,Keyon Martin,BAL,00-0040636,True,fc stable GSIS corroborated in roster,Keyon Martin,True
122,Ronnie Stanley,BAL,00-0032965,True,fc stable GSIS corroborated in roster,Ronnie Stanley,True
123,Emery Jones,BAL,00-0040068,True,fc stable GSIS corroborated in roster,Emery Jones Jr.,True
124,John Simpson,BAL,00-0036369,True,fc stable GSIS corroborated in roster,John Simpson,True
125,Justice Hill,BAL,00-0034975,True,fc stable GSIS corroborated in roster,Justice Hill,True
126,Josh Cuevas,BAL,00-0040887,True,fc stable GSIS corroborated in roster,Josh Cuevas,True
127,Calais Campbell,BAL,00-0026190,True,fc stable GSIS corroborated in roster,Calais Campbell,True
128,Carl Jones,BAL,00-0039460,True,fc stable GSIS corroborated in roster,Carl Jones,True
129,Roquan Smith,BAL,00-0034874,True,fc stable GSIS corroborated in roster,Roquan Smith,True
130,Jay Higgins,BAL,00-0040100,True,fc stable GSIS corroborated in roster,Jay Higgins,True
131,Tyler Loop,BAL,00-0040074,True,fc stable GSIS corroborated in roster,Tyler Loop,True
132,Teddye Buchanan,BAL,00-0040069,True,fc stable GSIS corroborated in roster,Teddye Buchanan,True
133,John Jenkins,BAL,00-0030070,True,fc stable GSIS corroborated in roster,John Jenkins,True
134,Trenton Simpson,BAL,00-0038504,True,fc stable GSIS corroborated in roster,Trenton Simpson,True
135,Aeneas Peebles,BAL,00-0040076,True,fc stable GSIS corroborated in roster,Aeneas Peebles,True
136,Ryan Eckley,BAL,00-0040898,True,fc stable GSIS corroborated in roster,Ryan Eckley,True
137,Lamar Jackson,BAL,00-0034796,True,fc stable GSIS corroborated in roster,Lamar Jackson,True
138,Tyler Huntley,BAL,00-0035993,True,fc stable GSIS corroborated in roster,Tyler Huntley,True
139,Joe Fagnano,BAL,00-0040981,True,fc stable GSIS corroborated in roster,Joe Fagnano,True
140,Broderick Washington,BAL,00-0036081,True,fc stable GSIS corroborated in roster,Broderick Washington,True
141,Kyle Hamilton,BAL,00-0038038,True,fc stable GSIS corroborated in roster,Kyle Hamilton,True
142,Chandler Rivers,BAL,00-0040885,True,fc stable GSIS corroborated in roster,Chandler Rivers,True
143,Roger Rosengarten,BAL,00-0039233,True,fc stable GSIS corroborated in roster,Roger Rosengarten,True
144,Jovaughn Gwyn,BAL,00-0038629,True,fc stable GSIS corroborated in roster,Jovaughn Gwyn,True
145,Olaivavega Ioane,BAL,00-0040866,True,fc stable GSIS corroborated in roster,Olaivavega Ioane,True
146,Nick Moore,BAL,00-0035408,True,fc stable GSIS corroborated in roster,Nick Moore,True
147,Mark Andrews,BAL,00-0034753,True,fc stable GSIS corroborated in roster,Mark Andrews,True
148,Durham Smythe,BAL,00-0034798,True,fc stable GSIS corroborated in roster,Durham Smythe,True
149,Matthew Hibner,BAL,00-0040879,True,fc stable GSIS corroborated in roster,Matthew Hibner,True
150,Zay Flowers,BAL,00-0039064,True,fc stable GSIS corroborated in roster,Zay Flowers,True
151,Chris Moore,BAL,00-0032398,True,fc stable GSIS corroborated in roster,Chris Moore,True
152,Rashod Bateman,BAL,00-0036550,True,fc stable GSIS corroborated in roster,Rashod Bateman,True
153,Elijah Sarratt,BAL,00-0040876,True,fc stable GSIS corroborated in roster,Elijah Sarratt,True
154,Devontez Walker,BAL,00-0039792,True,fc stable GSIS corroborated in roster,Devontez Walker,True
155,LaJohntay Wester,BAL,00-0040075,True,fc stable GSIS corroborated in roster,LaJohntay Wester,True
156,Carson Vinson,BAL,00-0040070,True,fc stable GSIS corroborated in roster,Carson Vinson,True
157,Andrew Vorhees,BAL,00-0038383,True,fc stable GSIS corroborated in roster,Andrew Vorhees,True
158,Ethan Pocic,BAL,00-0033901,True,fc stable GSIS corroborated in roster,Ethan Pocic,True
159,Christian Benford,BUF,00-0037288,True,fc stable GSIS corroborated in roster,Christian Benford,True
160,Sam Franklin,BUF,00-0036037,True,fc stable GSIS corroborated in roster,Sam Franklin Jr.,True
161,Davison Igbinosun,BUF,00-0041391,True,fc stable GSIS corroborated in roster,Davison Igbinosun,True
162,Cole Bishop,BUF,00-0039872,True,fc stable GSIS corroborated in roster,Cole Bishop,True
163,Greg Rousseau,BUF,00-0036914,True,fc stable GSIS corroborated in roster,Greg Rousseau,True
164,Michael Danna,BUF,00-0036378,True,fc stable GSIS corroborated in roster,Michael Danna,True
165,Michael Hoecht,BUF,00-0035933,True,fc stable GSIS corroborated in roster,Michael Hoecht,True
166,Deone Walker,BUF,00-0040710,True,fc stable GSIS corroborated in roster,Deone Walker,True
167,Bradley Chubb,BUF,00-0034832,True,fc stable GSIS corroborated in roster,Bradley Chubb,True
168,T.J. Sanders,BUF,00-0040724,True,fc stable GSIS corroborated in roster,T.J. Sanders,True
169,TJ Parker,BUF,00-0041036,True,fc stable GSIS corroborated in roster,TJ Parker,True
170,Ed Oliver,BUF,00-0035230,True,fc stable GSIS corroborated in roster,Ed Oliver,True
171,Greg Gaines,BUF,00-0035667,True,fc stable GSIS corroborated in roster,Greg Gaines,True
172,Javon Solomon,BUF,00-0039879,True,fc stable GSIS corroborated in roster,Javon Solomon,True
173,James Cook,BUF,00-0037248,True,fc stable GSIS corroborated in roster,James Cook,True
174,Ty Johnson,BUF,00-0035537,True,fc stable GSIS corroborated in roster,Ty Johnson,True
175,Maxwell Hairston,BUF,00-0040709,True,fc stable GSIS corroborated in roster,Maxwell Hairston,True
176,Jordan Hancock,BUF,00-0040192,True,fc stable GSIS corroborated in roster,Jordan Hancock,True
177,Dion Dawkins,BUF,00-0033904,True,fc stable GSIS corroborated in roster,Dion Dawkins,True
178,Tylan Grable,BUF,00-0039882,True,fc stable GSIS corroborated in roster,Tylan Grable,True
179,Austin Corbett,BUF,00-0034261,True,fc stable GSIS corroborated in roster,Austin Corbett,True
180,Ray Davis,BUF,00-0039875,True,fc stable GSIS corroborated in roster,Ray Davis,True
181,Keleki Latu,BUF,00-0040363,True,fc stable GSIS corroborated in roster,Keleki Latu,True
182,Dorian Williams,BUF,00-0038557,True,fc stable GSIS corroborated in roster,Dorian Williams,True
183,Kaleb Elarms-Orr,BUF,00-0041444,True,fc stable GSIS corroborated in roster,Kaleb Elarms-Orr,True
184,Tyler Bass,BUF,00-0036162,True,fc stable GSIS corroborated in roster,Tyler Bass,True
185,Terrel Bernard,BUF,00-0037254,True,fc stable GSIS corroborated in roster,Terrel Bernard,True
186,Reid Ferguson,BUF,00-0032497,True,fc stable GSIS corroborated in roster,Reid Ferguson,True
187,Joe Andreessen,BUF,00-0039763,True,fc stable GSIS corroborated in roster,Joe Andreessen,True
188,Landon Jackson,BUF,00-0040132,True,fc stable GSIS corroborated in roster,Landon Jackson,True
189,Tommy Doman,BUF,00-0041126,True,fc stable GSIS corroborated in roster,Tommy Doman Jr.,True
190,Josh Allen,BUF,00-0034857,True,fc stable GSIS corroborated in roster,Josh Allen,True
191,Kyle Allen,BUF,00-0034577,True,fc stable GSIS corroborated in roster,Kyle Allen,True
192,DeWayne Carter,BUF,00-0039873,True,fc stable GSIS corroborated in roster,DeWayne Carter,True
193,Dee Alford,BUF,00-0037034,True,fc stable GSIS corroborated in roster,Dee Alford,True
194,C.J. Gardner-Johnson,BUF,00-0035253,True,fc stable GSIS corroborated in roster,C.J. Gardner-Johnson,True
195,Spencer Brown,BUF,00-0036976,True,fc stable GSIS corroborated in roster,Spencer Brown,True
196,Ar'maj Reed-Adams,BUF,00-0041128,True,fc stable GSIS corroborated in roster,Ar'maj Reed-Adams,True
197,Alec Anderson,BUF,00-0037428,True,fc stable GSIS corroborated in roster,Alec Anderson,True
198,Lloyd Cushenberry,BUF,00-0036391,True,fc stable GSIS corroborated in roster,Lloyd Cushenberry III,True
199,Dalton Kincaid,BUF,00-0038933,True,fc stable GSIS corroborated in roster,Dalton Kincaid,True
200,Dawson Knox,BUF,00-0035689,True,fc stable GSIS corroborated in roster,Dawson Knox,True
201,Jackson Hawes,BUF,00-0040194,True,fc stable GSIS corroborated in roster,Jackson Hawes,True
202,DJ Moore,BUF,00-0034827,True,fc stable GSIS corroborated in roster,DJ Moore,True
203,Skyler Bell,BUF,00-0041443,True,fc stable GSIS corroborated in roster,Skyler Bell,True
204,Khalil Shakir,BUF,00-0037261,True,fc stable GSIS corroborated in roster,Khalil Shakir,True
205,Damar Hamlin,BUF,00-0036888,True,fc stable GSIS corroborated in roster,Damar Hamlin,True
206,Keon Coleman,BUF,00-0039901,True,fc stable GSIS corroborated in roster,Keon Coleman,True
207,Josh Palmer,BUF,00-0036988,True,fc stable GSIS corroborated in roster,Josh Palmer,True
208,Jalon Kilgore,BUF,00-0041086,True,fc stable GSIS corroborated in roster,Jalon Kilgore,True
209,Jude Bowry,BUF,00-0041548,True,fc stable GSIS corroborated in roster,Jude Bowry,True
210,O'Cyrus Torrence,BUF,00-0038548,True,fc stable GSIS corroborated in roster,O'Cyrus Torrence,True
211,Connor McGovern,BUF,00-0035679,True,fc stable GSIS corroborated in roster,Connor McGovern,True
212,Mike Jackson,CAR,00-0035277,True,fc stable GSIS corroborated in roster,Mike Jackson,True
213,Lathan Ransom,CAR,00-0040159,True,fc stable GSIS corroborated in roster,Lathan Ransom,True
214,Tre'von Moehrig,CAR,00-0036962,True,fc stable GSIS corroborated in roster,Tre'von Moehrig,True
215,Will Lee,CAR,00-0041063,True,fc stable GSIS corroborated in roster,Will Lee III,True
216,Zakee Wheatley,CAR,00-0041076,True,fc stable GSIS corroborated in roster,Zakee Wheatley,True
217,Patrick Jones,CAR,00-0037007,True,fc stable GSIS corroborated in roster,Patrick Jones II,True
218,Thomas Incoom,CAR,00-0038791,True,fc stable GSIS corroborated in roster,Thomas Incoom,True
219,Trevis Gipson,CAR,00-0036305,True,fc stable GSIS corroborated in roster,Trevis Gipson,True
220,Derrick Brown,CAR,00-0036220,True,fc stable GSIS corroborated in roster,Derrick Brown,True
221,Bobby Brown,CAR,00-0036903,True,fc stable GSIS corroborated in roster,Bobby Brown III,True
222,Jaelan Phillips,CAR,00-0036934,True,fc stable GSIS corroborated in roster,Jaelan Phillips,True
223,Princely Umanmielen,CAR,00-0040136,True,fc stable GSIS corroborated in roster,Princely Umanmielen,True
224,Cam Jackson,CAR,00-0040174,True,fc stable GSIS corroborated in roster,Cam Jackson,True
225,Lee Hunter,CAR,00-0041478,True,fc stable GSIS corroborated in roster,Lee Hunter,True
226,Aaron Hall,CAR,00-0041148,True,fc stable GSIS corroborated in roster,Aaron Hall,True
227,Chuba Hubbard,CAR,00-0036555,True,fc stable GSIS corroborated in roster,Chuba Hubbard,True
228,AJ Dillon,CAR,00-0036265,True,fc stable GSIS corroborated in roster,AJ Dillon,True
229,Jaycee Horn,CAR,00-0036944,True,fc stable GSIS corroborated in roster,Jaycee Horn,True
230,Akayleb Evans,CAR,00-0038101,True,fc stable GSIS corroborated in roster,Akayleb Evans,True
231,Rasheed Walker,CAR,00-0037196,True,fc stable GSIS corroborated in roster,Rasheed Walker,True
232,Robert Hunt,CAR,00-0036325,True,fc stable GSIS corroborated in roster,Robert Hunt,True
233,Albert Reese,CAR,00-0041138,True,fc stable GSIS corroborated in roster,Albert Reese,True
234,Luke Fortner,CAR,00-0037814,True,fc stable GSIS corroborated in roster,Luke Fortner,True
235,Jonathon Brooks,CAR,00-0039344,True,fc stable GSIS corroborated in roster,Jonathon Brooks,True
236,Feleipe Franks,CAR,00-0036825,True,fc stable GSIS corroborated in roster,Feleipe Franks,True
237,Ja'Tavion Sanders,CAR,00-0039356,True,fc stable GSIS corroborated in roster,Ja'Tavion Sanders,True
238,Devin Lloyd,CAR,00-0037244,True,fc stable GSIS corroborated in roster,Devin Lloyd,True
239,Claudin Cherelus,CAR,00-0038493,True,fc stable GSIS corroborated in roster,Claudin Cherelus,True
240,Tyrel Dodson,CAR,00-0035352,True,fc stable GSIS corroborated in roster,Tyrel Dodson,True
241,Ryan Fitzgerald,CAR,00-0040279,True,fc stable GSIS corroborated in roster,Ryan Fitzgerald,True
242,Bobby Okereke,CAR,00-0035687,True,fc stable GSIS corroborated in roster,Bobby Okereke,True
243,Sam Hecht,CAR,00-0041071,True,fc stable GSIS corroborated in roster,Sam Hecht,True
244,Jackson Kuwatch,CAR,00-0041119,True,fc stable GSIS corroborated in roster,Jackson Kuwatch,True
245,J.J. Jansen,CAR,00-0026027,True,fc stable GSIS corroborated in roster,J.J. Jansen,True
246,TeRah Edwards,CAR,00-0040458,True,fc stable GSIS corroborated in roster,TeRah Edwards,True
247,Sam Martin,CAR,00-0030092,True,fc stable GSIS corroborated in roster,Sam Martin,True
248,Bryce Young,CAR,00-0039150,True,fc stable GSIS corroborated in roster,Bryce Young,True
249,Kenny Pickett,CAR,00-0038102,True,fc stable GSIS corroborated in roster,Kenny Pickett,True
250,Haynes King,CAR,00-0041149,True,fc stable GSIS corroborated in roster,Haynes King,True
251,Chau Smith-Wade,CAR,00-0039380,True,fc stable GSIS corroborated in roster,Chau Smith-Wade,True
252,Nick Scott,CAR,00-0035669,True,fc stable GSIS corroborated in roster,Nick Scott,True
253,Monroe Freeling,CAR,00-0041034,True,fc stable GSIS corroborated in roster,Monroe Freeling,True
254,Corey Bullock,CAR,00-0039242,True,fc stable GSIS corroborated in roster,Corey Bullock,True
255,Damien Lewis,CAR,00-0036417,True,fc stable GSIS corroborated in roster,Damien Lewis,True
256,Tommy Tremble,CAR,00-0037005,True,fc stable GSIS corroborated in roster,Tommy Tremble,True
257,Mitchell Evans,CAR,00-0040187,True,fc stable GSIS corroborated in roster,Mitchell Evans,True
258,Darren Waller,CAR,00-0031610,True,fc stable GSIS corroborated in roster,Darren Waller,True
259,Tetairoa McMillan,CAR,00-0040124,True,fc stable GSIS corroborated in roster,Tetairoa McMillan,True
260,Brycen Tremayne,CAR,00-0038840,True,fc stable GSIS corroborated in roster,Brycen Tremayne,True
261,Jalen Coker,CAR,00-0039491,True,fc stable GSIS corroborated in roster,Jalen Coker,True
262,John Metchie,CAR,00-0037614,True,fc stable GSIS corroborated in roster,John Metchie III,True
263,Xavier Legette,CAR,00-0039342,True,fc stable GSIS corroborated in roster,Xavier Legette,True
264,Stone Forsythe,CAR,00-0036653,True,fc stable GSIS corroborated in roster,Stone Forsythe,True
265,Jaylon Johnson,CHI,00-0036292,True,fc stable GSIS corroborated in roster,Jaylon Johnson,True
266,Skyler Thomas,CHI,00-0041175,True,fc stable GSIS corroborated in roster,Skyler Thomas,True
267,Dillon Thieneman,CHI,00-0041538,True,fc stable GSIS corroborated in roster,Dillon Thieneman,True
268,Josh Blackwell,CHI,00-0037129,True,fc stable GSIS corroborated in roster,Josh Blackwell,True
269,Elijah Hicks,CHI,00-0037096,True,fc stable GSIS corroborated in roster,Elijah Hicks,True
270,Xavier Woods,CHI,00-0033579,True,fc stable GSIS corroborated in roster,Xavier Woods,True
271,Montez Sweat,CHI,00-0035647,True,fc stable GSIS corroborated in roster,Montez Sweat,True
272,Daniel Hardy,CHI,00-0037843,True,fc stable GSIS corroborated in roster,Daniel Hardy,True
273,Dayo Odeyingbo,CHI,00-0036480,True,fc stable GSIS corroborated in roster,Dayo Odeyingbo,True
274,Grady Jarrett,CHI,00-0031583,True,fc stable GSIS corroborated in roster,Grady Jarrett,True
275,James Lynch,CHI,00-0036337,True,fc stable GSIS corroborated in roster,James Lynch,True
276,Kentavius Street,CHI,00-0034320,True,fc stable GSIS corroborated in roster,Kentavius Street,True
277,Austin Booker,CHI,00-0039840,True,fc stable GSIS corroborated in roster,Austin Booker,True
278,Jamree Kromah,CHI,00-0039461,True,fc stable GSIS corroborated in roster,Jamree Kromah,True
279,D'Andre Swift,CHI,00-0036275,True,fc stable GSIS corroborated in roster,D'Andre Swift,True
280,Roschon Johnson,CHI,00-0039021,True,fc stable GSIS corroborated in roster,Roschon Johnson,True
281,Tyrique Stevenson,CHI,00-0039071,True,fc stable GSIS corroborated in roster,Tyrique Stevenson,True
282,Clark Phillips,CHI,00-0038568,True,fc stable GSIS corroborated in roster,Clark Phillips III,True
283,Braxton Jones,CHI,00-0037081,True,fc stable GSIS corroborated in roster,Braxton Jones,True
284,Jordan McFadden,CHI,00-0038595,True,fc stable GSIS corroborated in roster,Jordan McFadden,True
285,Garrett Bradbury,CHI,00-0035588,True,fc stable GSIS corroborated in roster,Garrett Bradbury,True
286,Theo Benedet,CHI,00-0039459,True,fc stable GSIS corroborated in roster,Theo Benedet,True
287,Scott Daly,CHI,00-0034067,True,fc stable GSIS corroborated in roster,Scott Daly,True
288,Kyle Monangai,CHI,00-0040236,True,fc stable GSIS corroborated in roster,Kyle Monangai,True
289,Sam Roush,CHI,00-0041558,True,fc stable GSIS corroborated in roster,Sam Roush,True
290,Neville Gallimore,CHI,00-0036366,True,fc stable GSIS corroborated in roster,Neville Gallimore,True
291,T.J. Edwards,CHI,00-0035386,True,fc stable GSIS corroborated in roster,T.J. Edwards,True
292,D'Marco Jackson,CHI,00-0037271,True,fc stable GSIS corroborated in roster,D'Marco Jackson,True
293,Cairo Santos,CHI,00-0031203,True,fc stable GSIS corroborated in roster,Cairo Santos,True
294,Devin Bush,CHI,00-0035525,True,fc stable GSIS corroborated in roster,Devin Bush,True
295,Jack Sanborn,CHI,00-0037109,True,fc stable GSIS corroborated in roster,Jack Sanborn,True
296,Keyshaun Elliott,CHI,00-0041085,True,fc stable GSIS corroborated in roster,Keyshaun Elliott,True
297,Jordan van den Berg,CHI,00-0041110,True,fc stable GSIS corroborated in roster,Jordan van den Berg,True
298,Tory Taylor,CHI,00-0039745,True,fc stable GSIS corroborated in roster,Tory Taylor,True
299,Caleb Williams,CHI,00-0039918,True,fc stable GSIS corroborated in roster,Caleb Williams,True
300,Tyson Bagent,CHI,00-0038416,True,fc stable GSIS corroborated in roster,Tyson Bagent,True
301,Case Keenum,CHI,00-0028986,True,fc stable GSIS corroborated in roster,Case Keenum,True
302,Cam Lewis,CHI,00-0035357,True,fc stable GSIS corroborated in roster,Cam Lewis,True
303,Malik Muhammad,CHI,00-0041060,True,fc stable GSIS corroborated in roster,Malik Muhammad,True
304,Darnell Wright,CHI,00-0038932,True,fc stable GSIS corroborated in roster,Darnell Wright,True
305,Joe Thuney,CHI,00-0032391,True,fc stable GSIS corroborated in roster,Joe Thuney,True
306,Luke Newman,CHI,00-0040210,True,fc stable GSIS corroborated in roster,Luke Newman,True
307,Logan Jones,CHI,00-0041539,True,fc stable GSIS corroborated in roster,Logan Jones,True
308,Colston Loveland,CHI,00-0040126,True,fc stable GSIS corroborated in roster,Colston Loveland,True
309,Cole Kmet,CHI,00-0036290,True,fc stable GSIS corroborated in roster,Cole Kmet,True
310,Rome Odunze,CHI,00-0039919,True,fc stable GSIS corroborated in roster,Rome Odunze,True
311,Zavion Thomas,CHI,00-0041051,True,fc stable GSIS corroborated in roster,Zavion Thomas,True
312,Luther Burden,CHI,00-0040735,True,fc stable GSIS corroborated in roster,Luther Burden III,True
313,Jahdae Walker,CHI,00-0040277,True,fc stable GSIS corroborated in roster,Jahdae Walker,True
314,Kalif Raymond,CHI,00-0032464,True,fc stable GSIS corroborated in roster,Kalif Raymond,True
315,Jayden Loving,CHI,00-0041171,True,fc stable GSIS corroborated in roster,Jayden Loving,True
316,Ozzy Trapilo,CHI,00-0040740,True,unique name plus team or DOB,Ozzy Trapilo,True
317,Jonah Jackson,CHI,00-0036258,True,fc stable GSIS corroborated in roster,Jonah Jackson,True
318,Daxton Hill,CIN,00-0037743,True,fc stable GSIS corroborated in roster,Daxton Hill,True
319,PJ Jules,CIN,00-0039632,True,fc stable GSIS corroborated in roster,PJ Jules,True
320,Tacario Davis,CIN,00-0041464,True,fc stable GSIS corroborated in roster,Tacario Davis,True
321,Jordan Battle,CIN,00-0038560,True,fc stable GSIS corroborated in roster,Jordan Battle,True
322,Bryan Cook,CIN,00-0037193,True,fc stable GSIS corroborated in roster,Bryan Cook,True
323,Boye Mafe,CIN,00-0038133,True,fc stable GSIS corroborated in roster,Boye Mafe,True
324,Cedric Johnson,CIN,00-0039752,True,fc stable GSIS corroborated in roster,Cedric Johnson,True
325,Cashius Howell,CIN,00-0041546,True,fc stable GSIS corroborated in roster,Cashius Howell,True
326,Dexter Lawrence,CIN,00-0035683,True,fc stable GSIS corroborated in roster,Dexter Lawrence,True
327,Myles Murphy,CIN,00-0038546,True,fc stable GSIS corroborated in roster,Myles Murphy,True
328,Jonathan Allen,CIN,00-0033523,True,fc stable GSIS corroborated in roster,Jonathan Allen,True
329,Shemar Stewart,CIN,00-0040756,True,fc stable GSIS corroborated in roster,Shemar Stewart,True
330,B.J. Hill,CIN,00-0034800,True,fc stable GSIS corroborated in roster,B.J. Hill,True
331,Chase Brown,CIN,00-0038597,True,fc stable GSIS corroborated in roster,Chase Brown,True
332,Tahj Brooks,CIN,00-0040208,True,fc stable GSIS corroborated in roster,Tahj Brooks,True
333,DJ Turner,CIN,00-0038549,True,fc stable GSIS corroborated in roster,DJ Turner II,True
334,D.J. Ivey,CIN,00-0038642,True,fc stable GSIS corroborated in roster,D.J. Ivey,True
335,Orlando Brown,CIN,00-0034752,True,fc stable GSIS corroborated in roster,Orlando Brown,True
336,Myles Hinton,CIN,00-0040015,True,fc stable GSIS corroborated in roster,Myles Hinton,True
337,Jalen Rivers,CIN,00-0040180,True,fc stable GSIS corroborated in roster,Jalen Rivers,True
338,Samaje Perine,CIN,00-0033526,True,fc stable GSIS corroborated in roster,Samaje Perine,True
339,Connor Lew,CIN,00-0041062,True,fc stable GSIS corroborated in roster,Connor Lew,True
340,William Wagner,CIN,00-0040379,True,fc stable GSIS corroborated in roster,William Wagner,True
341,Barrett Carter,CIN,00-0040157,True,fc stable GSIS corroborated in roster,Barrett Carter,True
342,Oren Burks,CIN,00-0034754,True,fc stable GSIS corroborated in roster,Oren Burks,True
343,Tedarrell Slaton,CIN,00-0036642,True,fc stable GSIS corroborated in roster,Tedarrell Slaton,True
344,Evan McPherson,CIN,00-0036854,True,fc stable GSIS corroborated in roster,Evan McPherson,True
345,Demetrius Knight,CIN,00-0040738,True,fc stable GSIS corroborated in roster,Demetrius Knight Jr.,True
346,Kris Jenkins,CIN,00-0039908,True,fc stable GSIS corroborated in roster,Kris Jenkins,True
347,Swayze Bozeman,CIN,00-0039313,True,fc stable GSIS corroborated in roster,Swayze Bozeman,True
348,Landon Robinson,CIN,00-0041118,True,fc stable GSIS corroborated in roster,Landon Robinson,True
349,Ryan Rehkow,CIN,00-0039323,True,fc stable GSIS corroborated in roster,Ryan Rehkow,True
350,Joe Burrow,CIN,00-0036442,True,fc stable GSIS corroborated in roster,Joe Burrow,True
351,Joe Flacco,CIN,00-0026158,True,fc stable GSIS corroborated in roster,Joe Flacco,True
352,Kyle Dugger,CIN,00-0036231,True,fc stable GSIS corroborated in roster,Kyle Dugger,True
353,Jalen Davis,CIN,00-0034446,True,fc stable GSIS corroborated in roster,Jalen Davis,True
354,Josh Newton,CIN,00-0039375,True,fc stable GSIS corroborated in roster,Josh Newton,True
355,Amarius Mims,CIN,00-0039925,True,fc stable GSIS corroborated in roster,Amarius Mims,True
356,Jacob Bayer,CIN,00-0040359,True,fc stable GSIS corroborated in roster,Jacob Bayer,True
357,Dylan Fairchild,CIN,00-0040140,True,fc stable GSIS corroborated in roster,Dylan Fairchild,True
358,Ted Karras,CIN,00-0032445,True,fc stable GSIS corroborated in roster,Ted Karras,True
359,Mike Gesicki,CIN,00-0034829,True,fc stable GSIS corroborated in roster,Mike Gesicki,True
360,Drew Sample,CIN,00-0035631,True,fc stable GSIS corroborated in roster,Drew Sample,True
361,Erick All,CIN,00-0039814,True,fc stable GSIS corroborated in roster,Erick All,True
362,Jack Endries,CIN,00-0041116,True,fc stable GSIS corroborated in roster,Jack Endries,True
363,Ja'Marr Chase,CIN,00-0036900,True,fc stable GSIS corroborated in roster,Ja'Marr Chase,True
364,Colbie Young,CIN,00-0041069,True,fc stable GSIS corroborated in roster,Colbie Young,True
365,Tee Higgins,CIN,00-0036410,True,fc stable GSIS corroborated in roster,Tee Higgins,True
366,Dohnte Meyers,CIN,00-0040785,True,fc stable GSIS corroborated in roster,Dohnte Meyers,True
367,Andrei Iosivas,CIN,00-0038619,True,fc stable GSIS corroborated in roster,Andrei Iosivas,True
368,Ke'Shawn Williams,CIN,00-0040534,True,fc stable GSIS corroborated in roster,Ke'Shawn Williams,True
369,Javon Foster,CIN,00-0039742,True,fc stable GSIS corroborated in roster,Javon Foster,True
370,Dalton Risner,CIN,00-0035702,True,fc stable GSIS corroborated in roster,Dalton Risner,True
371,Cobie Durant,DAL,00-0037839,True,fc stable GSIS corroborated in roster,Cobie Durant,True
372,Caelen Carson,DAL,00-0039387,True,fc stable GSIS corroborated in roster,Caelen Carson,True
373,Malik Hooker,DAL,00-0033877,True,fc stable GSIS corroborated in roster,Malik Hooker,True
374,P.J. Locke,DAL,00-0035227,True,fc stable GSIS corroborated in roster,P.J. Locke,True
375,Shavon Revel,DAL,00-0040008,True,fc stable GSIS corroborated in roster,Shavon Revel Jr.,True
376,Rashan Gary,DAL,00-0034967,True,fc stable GSIS corroborated in roster,Rashan Gary,True
377,James Houston,DAL,00-0037310,True,fc stable GSIS corroborated in roster,James Houston,True
378,Von Miller,DAL,00-0027940,True,fc stable GSIS corroborated in roster,Von Miller,True
379,Otito Ogbonnia,DAL,00-0037270,True,fc stable GSIS corroborated in roster,Otito Ogbonnia,True
380,Malachi Lawrence,DAL,00-0041537,True,fc stable GSIS corroborated in roster,Malachi Lawrence,True
381,Donovan Ezeiruaku,DAL,00-0040725,True,fc stable GSIS corroborated in roster,Donovan Ezeiruaku,True
382,Tyrus Wheat,DAL,00-0038742,True,fc stable GSIS corroborated in roster,Tyrus Wheat,True
383,Quinnen Williams,DAL,00-0035718,True,fc stable GSIS corroborated in roster,Quinnen Williams,True
384,Hunter Luepke,DAL,00-0038738,True,fc stable GSIS corroborated in roster,Hunter Luepke,True
385,Emari Demercado,DAL,00-0038705,True,fc stable GSIS corroborated in roster,Emari Demercado,True
386,DaRon Bland,DAL,00-0037275,True,fc stable GSIS corroborated in roster,DaRon Bland,True
387,Tyler Guyton,DAL,00-0039341,True,fc stable GSIS corroborated in roster,Tyler Guyton,True
388,Nick Leverett,DAL,00-0036105,True,fc stable GSIS corroborated in roster,Nick Leverett,True
389,Broderick Jones,DAL,00-0039109,True,fc stable GSIS corroborated in roster,Broderick Jones,True
390,Trent Sieg,DAL,00-0034198,True,fc stable GSIS corroborated in roster,Trent Sieg,True
391,Javonte Williams,DAL,00-0036997,True,fc stable GSIS corroborated in roster,Javonte Williams,True
392,Tyler Goodson,DAL,00-0037120,True,fc stable GSIS corroborated in roster,Tyler Goodson,True
393,Camden Brown,DAL,00-0040930,True,fc stable GSIS corroborated in roster,Camden Brown,True
394,DeMarvion Overshown,DAL,00-0038556,True,fc stable GSIS corroborated in roster,DeMarvion Overshown,True
395,Shemar James,DAL,00-0040011,True,fc stable GSIS corroborated in roster,Shemar James,True
396,Brandon Aubrey,DAL,00-0037692,True,fc stable GSIS corroborated in roster,Brandon Aubrey,True
397,Dee Winters,DAL,00-0038625,True,fc stable GSIS corroborated in roster,Dee Winters,True
398,Kenny Clark,DAL,00-0033120,True,fc stable GSIS corroborated in roster,Kenny Clark,True
399,Jaishawn Barham,DAL,00-0040872,True,fc stable GSIS corroborated in roster,Jaishawn Barham,True
400,Bryan Anger,DAL,00-0029692,True,fc stable GSIS corroborated in roster,Bryan Anger,True
401,Dak Prescott,DAL,00-0033077,True,fc stable GSIS corroborated in roster,Dak Prescott,True
402,Sam Howell,DAL,00-0037077,True,fc stable GSIS corroborated in roster,Sam Howell,True
403,Jonathan Bullard,DAL,00-0033093,True,fc stable GSIS corroborated in roster,Jonathan Bullard,True
404,LT Overton,DAL,00-0040880,True,fc stable GSIS corroborated in roster,LT Overton,True
405,Caleb Downs,DAL,00-0040865,True,fc stable GSIS corroborated in roster,Caleb Downs,True
406,Ameer Speed,DAL,00-0038624,True,fc stable GSIS corroborated in roster,Ameer Speed,True
407,Terence Steele,DAL,00-0036036,True,fc stable GSIS corroborated in roster,Terence Steele,True
408,Jalen Thompson,DAL,00-0035705,True,fc stable GSIS corroborated in roster,Jalen Thompson,True
409,TJ Bass,DAL,00-0038731,True,fc stable GSIS corroborated in roster,TJ Bass,True
410,Markquese Bell,DAL,00-0037561,True,fc stable GSIS corroborated in roster,Markquese Bell,True
411,Ajani Cornelius,DAL,00-0040017,True,fc stable GSIS corroborated in roster,Ajani Cornelius,True
412,Jake Ferguson,DAL,00-0038041,True,fc stable GSIS corroborated in roster,Jake Ferguson,True
413,Brevyn Spann-Ford,DAL,00-0039530,True,fc stable GSIS corroborated in roster,Brevyn Spann-Ford,True
414,Luke Schoonmaker,DAL,00-0038547,True,fc stable GSIS corroborated in roster,Luke Schoonmaker,True
415,Alijah Clark,DAL,00-0040045,True,fc stable GSIS corroborated in roster,Alijah Clark,True
416,CeeDee Lamb,DAL,00-0036358,True,fc stable GSIS corroborated in roster,CeeDee Lamb,True
417,KaVontae Turpin,DAL,00-0037801,True,fc stable GSIS corroborated in roster,KaVontae Turpin,True
418,George Pickens,DAL,00-0037247,True,fc stable GSIS corroborated in roster,George Pickens,True
419,Jonathan Mingo,DAL,00-0039062,True,fc stable GSIS corroborated in roster,Jonathan Mingo,True
420,Ryan Flournoy,DAL,00-0039410,True,fc stable GSIS corroborated in roster,Ryan Flournoy,True
421,Drew Shelton,DAL,00-0040874,True,fc stable GSIS corroborated in roster,Drew Shelton,True
422,Tyler Booker,DAL,00-0040007,True,fc stable GSIS corroborated in roster,Tyler Booker,True
423,Cooper Beebe,DAL,00-0039348,True,fc stable GSIS corroborated in roster,Cooper Beebe,True
424,Pat Surtain,DEN,00-0036874,True,fc stable GSIS corroborated in roster,Pat Surtain II,True
425,Talanoa Hufanga,DEN,00-0036564,True,fc stable GSIS corroborated in roster,Talanoa Hufanga,True
426,Kris Abrams-Draine,DEN,00-0039371,True,fc stable GSIS corroborated in roster,Kris Abrams-Draine,True
427,JL Skinner,DEN,00-0038605,True,fc stable GSIS corroborated in roster,JL Skinner,True
428,Tycen Anderson,DEN,00-0037752,True,fc stable GSIS corroborated in roster,Tycen Anderson,True
429,Devon Key,DEN,00-0036683,True,fc stable GSIS corroborated in roster,Devon Key,True
430,Jonah Elliss,DEN,00-0039809,True,fc stable GSIS corroborated in roster,Jonah Elliss,True
431,D.J. Jones,DEN,00-0033297,True,fc stable GSIS corroborated in roster,D.J. Jones,True
432,Dondrea Tillman,DEN,00-0037799,True,fc stable GSIS corroborated in roster,Dondrea Tillman,True
433,Malcolm Roach,DEN,00-0035763,True,fc stable GSIS corroborated in roster,Malcolm Roach,True
434,Nik Bonitto,DEN,00-0037249,True,fc stable GSIS corroborated in roster,Nik Bonitto,True
435,Eyioma Uwazurike,DEN,00-0038106,True,fc stable GSIS corroborated in roster,Eyioma Uwazurike,True
436,Que Robinson,DEN,00-0040168,True,fc stable GSIS corroborated in roster,Que Robinson,True
437,Zach Allen,DEN,00-0035248,True,fc stable GSIS corroborated in roster,Zach Allen,True
438,J.K. Dobbins,DEN,00-0036158,True,fc stable GSIS corroborated in roster,J.K. Dobbins,True
439,Jonah Coleman,DEN,00-0041496,True,fc stable GSIS corroborated in roster,Jonah Coleman,True
440,Riley Moss,DEN,00-0038552,True,fc stable GSIS corroborated in roster,Riley Moss,True
441,Jahdae Barron,DEN,00-0040720,True,fc stable GSIS corroborated in roster,Jahdae Barron,True
442,Garett Bolles,DEN,00-0033538,True,fc stable GSIS corroborated in roster,Garett Bolles,True
443,Alex Palczewski,DEN,00-0038796,True,fc stable GSIS corroborated in roster,Alex Palczewski,True
444,Kage Casey,DEN,00-0041498,True,fc stable GSIS corroborated in roster,Kage Casey,True
445,RJ Harvey,DEN,00-0040730,True,fc stable GSIS corroborated in roster,RJ Harvey,True
446,Tyler Badie,DEN,00-0037085,True,fc stable GSIS corroborated in roster,Tyler Badie,True
447,Lil'Jordan Humphrey,DEN,00-0035406,True,fc stable GSIS corroborated in roster,Lil'Jordan Humphrey,True
448,Dallen Bentley,DEN,00-0041133,True,fc stable GSIS corroborated in roster,Dallen Bentley,True
449,Alex Singleton,DEN,00-0031898,True,fc stable GSIS corroborated in roster,Alex Singleton,True
450,Karene Reid,DEN,00-0040449,True,fc stable GSIS corroborated in roster,Karene Reid,True
451,Wil Lutz,DEN,00-0032569,True,fc stable GSIS corroborated in roster,Wil Lutz,True
452,Justin Strnad,DEN,00-0036428,True,fc stable GSIS corroborated in roster,Justin Strnad,True
453,Sai'vion Jones,DEN,00-0040153,True,fc stable GSIS corroborated in roster,Sai'vion Jones,True
454,Jordan Turner,DEN,00-0040634,True,fc stable GSIS corroborated in roster,Jordan Turner,True
455,Jordan Jackson,DEN,00-0037294,True,fc stable GSIS corroborated in roster,Jordan Jackson,True
456,Jeremy Crawshaw,DEN,00-0040223,True,fc stable GSIS corroborated in roster,Jeremy Crawshaw,True
457,Bo Nix,DEN,00-0039732,True,fc stable GSIS corroborated in roster,Bo Nix,True
458,Jarrett Stidham,DEN,00-0035264,True,fc stable GSIS corroborated in roster,Jarrett Stidham,True
459,Sam Ehlinger,DEN,00-0036879,True,fc stable GSIS corroborated in roster,Sam Ehlinger,True
460,Ja'Quan McMillian,DEN,00-0037384,True,fc stable GSIS corroborated in roster,Ja'Quan McMillian,True
461,Brandon Jones,DEN,00-0036221,True,fc stable GSIS corroborated in roster,Brandon Jones,True
462,Mike McGlinchey,DEN,00-0034847,True,fc stable GSIS corroborated in roster,Mike McGlinchey,True
463,Luke Wattenberg,DEN,00-0037278,True,fc stable GSIS corroborated in roster,Luke Wattenberg,True
464,Ben Powers,DEN,00-0034978,True,fc stable GSIS corroborated in roster,Ben Powers,True
465,Tyler Onyedim,DEN,00-0041552,True,fc stable GSIS corroborated in roster,Tyler Onyedim,True
466,Evan Engram,DEN,00-0033881,True,fc stable GSIS corroborated in roster,Evan Engram,True
467,Adam Trautman,DEN,00-0036422,True,fc stable GSIS corroborated in roster,Adam Trautman,True
468,Nate Adkins,DEN,00-0038783,True,fc stable GSIS corroborated in roster,Nate Adkins,True
469,Jaylen Waddle,DEN,00-0036613,True,fc stable GSIS corroborated in roster,Jaylen Waddle,True
470,Pat Bryant,DEN,00-0040134,True,fc stable GSIS corroborated in roster,Pat Bryant,True
471,Courtland Sutton,DEN,00-0034348,True,fc stable GSIS corroborated in roster,Courtland Sutton,True
472,Troy Franklin,DEN,00-0039868,True,fc stable GSIS corroborated in roster,Troy Franklin,True
473,Marvin Mims,DEN,00-0038976,True,fc stable GSIS corroborated in roster,Marvin Mims Jr.,True
474,Matt Peart,DEN,00-0036392,True,fc stable GSIS corroborated in roster,Matt Peart,True
475,Quinn Meinerz,DEN,00-0037001,True,fc stable GSIS corroborated in roster,Quinn Meinerz,True
476,Alex Forsyth,DEN,00-0038649,True,fc stable GSIS corroborated in roster,Alex Forsyth,True
477,D.J. Reed,DET,00-0034384,True,fc stable GSIS corroborated in roster,D.J. Reed,True
478,Chuck Clark,DET,00-0033294,True,fc stable GSIS corroborated in roster,Chuck Clark,True
479,Bishop Fitzgerald,DET,00-0040914,True,fc stable GSIS corroborated in roster,Bishop Fitzgerald,True
480,Roger McCreary,DET,00-0038125,True,fc stable GSIS corroborated in roster,Roger McCreary,True
481,Ennis Rakestraw,DET,00-0039862,True,fc stable GSIS corroborated in roster,Ennis Rakestraw Jr.,True
482,Thomas Harper,DET,00-0039660,True,fc stable GSIS corroborated in roster,Thomas Harper,True
483,Aidan Hutchinson,DET,00-0037236,True,fc stable GSIS corroborated in roster,Aidan Hutchinson,True
484,D.J. Wonnum,DET,00-0036335,True,fc stable GSIS corroborated in roster,D.J. Wonnum,True
485,Eric O'Neill,DET,00-0041459,True,fc stable GSIS corroborated in roster,Eric O'Neill,True
486,Trevor Nowaske,DET,00-0038660,True,fc stable GSIS corroborated in roster,Trevor Nowaske,True
487,Tyler Lacy,DET,00-0038940,True,fc stable GSIS corroborated in roster,Tyler Lacy,True
488,Derrick Moore,DET,00-0041441,True,fc stable GSIS corroborated in roster,Derrick Moore,True
489,Ahmed Hassanein,DET,00-0040761,True,unique name plus team or DOB,Ahmed Hassanein,True
490,Alim McNeill,DET,00-0036624,True,fc stable GSIS corroborated in roster,Alim McNeill,True
491,Jahmyr Gibbs,DET,00-0039139,True,fc stable GSIS corroborated in roster,Jahmyr Gibbs,True
492,Rock Ya-Sin,DET,00-0035637,True,fc stable GSIS corroborated in roster,Rock Ya-Sin,True
493,Christian Izien,DET,00-0038820,True,fc stable GSIS corroborated in roster,Christian Izien,True
494,Penei Sewell,DET,00-0036880,True,fc stable GSIS corroborated in roster,Penei Sewell,True
495,Blake Miller,DET,00-0041439,True,fc stable GSIS corroborated in roster,Blake Miller,True
496,Christian Mahogany,DET,00-0039408,True,fc stable GSIS corroborated in roster,Christian Mahogany,True
497,Sione Vaki,DET,00-0039364,True,fc stable GSIS corroborated in roster,Sione Vaki,True
498,Jacob Saylors,DET,00-0038896,True,fc stable GSIS corroborated in roster,Jacob Saylors,True
499,Jackson Meeks,DET,00-0040390,True,fc stable GSIS corroborated in roster,Jackson Meeks,True
500,Miles Frazier,DET,00-0040193,True,fc stable GSIS corroborated in roster,Miles Frazier,True
501,Juice Scruggs,DET,00-0038936,True,fc stable GSIS corroborated in roster,Juice Scruggs,True
502,Hogan Hatten,DET,00-0039445,True,fc stable GSIS corroborated in roster,Hogan Hatten,True
503,Derrick Barnes,DET,00-0036964,True,fc stable GSIS corroborated in roster,Derrick Barnes,True
504,Devin White,DET,00-0035707,True,fc stable GSIS corroborated in roster,Devin White,True
505,Jake Bates,DET,00-0039172,True,fc stable GSIS corroborated in roster,Jake Bates,True
506,Jack Campbell,DET,00-0039018,True,fc stable GSIS corroborated in roster,Jack Campbell,True
507,Jimmy Rolder,DET,00-0041442,True,fc stable GSIS corroborated in roster,Jimmy Rolder,True
508,Malcolm Rodriguez,DET,00-0037289,True,fc stable GSIS corroborated in roster,Malcolm Rodriguez,True
509,Tyleik Williams,DET,00-0040672,True,fc stable GSIS corroborated in roster,Tyleik Williams,True
510,Levi Onwuzurike,DET,00-0036954,True,fc stable GSIS corroborated in roster,Levi Onwuzurike,True
511,Jack Fox,DET,00-0035156,True,fc stable GSIS corroborated in roster,Jack Fox,True
512,Jared Goff,DET,00-0033106,True,fc stable GSIS corroborated in roster,Jared Goff,True
513,Joshua Dobbs,DET,00-0033949,True,fc stable GSIS corroborated in roster,Joshua Dobbs,True
514,Mekhi Wingo,DET,00-0039396,True,fc stable GSIS corroborated in roster,Mekhi Wingo,True
515,Keith Abney,DET,00-0041445,True,fc stable GSIS corroborated in roster,Keith Abney II,True
516,Khalil Dorsey,DET,00-0036124,True,fc stable GSIS corroborated in roster,Khalil Dorsey,True
517,Larry Borom,DET,00-0036905,True,fc stable GSIS corroborated in roster,Larry Borom,True
518,Ben Bartch,DET,00-0036272,True,fc stable GSIS corroborated in roster,Ben Bartch,True
519,Tate Ratledge,DET,00-0040728,True,unique name plus team or DOB,Tate Ratledge,True
520,Sam LaPorta,DET,00-0039065,True,fc stable GSIS corroborated in roster,Sam LaPorta,True
521,Brock Wright,DET,00-0036754,True,fc stable GSIS corroborated in roster,Brock Wright,True
522,Tyler Conklin,DET,00-0034270,True,fc stable GSIS corroborated in roster,Tyler Conklin,True
523,Amon-Ra St. Brown,DET,00-0036963,True,fc stable GSIS corroborated in roster,Amon-Ra St. Brown,True
524,Tom Kennedy,DET,00-0035544,True,fc stable GSIS corroborated in roster,Tom Kennedy,True
525,Jameson Williams,DET,00-0037240,True,fc stable GSIS corroborated in roster,Jameson Williams,True
526,Tay Martin,DET,00-0037524,True,fc stable GSIS corroborated in roster,Tay Martin,True
527,Isaac TeSlaa,DET,00-0040669,True,fc stable GSIS corroborated in roster,Isaac TeSlaa,True
528,Skyler Gill-Howard,DET,00-0041447,True,fc stable GSIS corroborated in roster,Skyler Gill-Howard,True
529,Devin Cochran,DET,00-0037414,True,fc stable GSIS corroborated in roster,Devin Cochran,True
530,Keisean Nixon,GB,00-0035133,True,fc stable GSIS corroborated in roster,Keisean Nixon,True
531,Evan Williams,GB,00-0039813,True,fc stable GSIS corroborated in roster,Evan Williams,True
532,Benjamin St-Juste,GB,00-0036625,True,fc stable GSIS corroborated in roster,Benjamin St-Juste,True
533,J. Michael Sturdivant,GB,00-0040948,True,fc stable GSIS corroborated in roster,J. Michael Sturdivant,True
534,Xavier McKinney,GB,00-0036388,True,fc stable GSIS corroborated in roster,Xavier McKinney,True
535,Kitan Oladapo,GB,00-0039818,True,fc stable GSIS corroborated in roster,Kitan Oladapo,True
536,Josh Whyle,GB,00-0038589,True,fc stable GSIS corroborated in roster,Josh Whyle,True
537,Mark Redman,GB,00-0040598,True,fc stable GSIS corroborated in roster,Mark Redman,True
538,Lukas Van Ness,GB,00-0039112,True,fc stable GSIS corroborated in roster,Lukas Van Ness,True
539,Devonte Wyatt,GB,00-0037075,True,fc stable GSIS corroborated in roster,Devonte Wyatt,True
540,Brenton Cox,GB,00-0038463,True,fc stable GSIS corroborated in roster,Brenton Cox Jr.,True
541,Javon Hargrave,GB,00-0033109,True,fc stable GSIS corroborated in roster,Javon Hargrave,True
542,Barryn Sorrell,GB,00-0040010,True,fc stable GSIS corroborated in roster,Barryn Sorrell,True
543,Karl Brooks,GB,00-0038398,True,fc stable GSIS corroborated in roster,Karl Brooks,True
544,Dani Dennis-Sutton,GB,00-0040877,True,fc stable GSIS corroborated in roster,Dani Dennis-Sutton,True
545,Jonathan Ford,GB,00-0037094,True,fc stable GSIS corroborated in roster,Jonathan Ford,True
546,Anthony Campbell,GB,00-0040689,True,fc stable GSIS corroborated in roster,Anthony Campbell,True
547,MarShawn Lloyd,GB,00-0039811,True,fc stable GSIS corroborated in roster,MarShawn Lloyd,True
548,Kaleb Johnson,GB,00-0040142,True,fc stable GSIS corroborated in roster,Kaleb Johnson,True
549,Brandon Cisse,GB,00-0041470,True,fc stable GSIS corroborated in roster,Brandon Cisse,True
550,Carrington Valentine,GB,00-0038408,True,fc stable GSIS corroborated in roster,Carrington Valentine,True
551,John Williams,GB,00-0040023,True,fc stable GSIS corroborated in roster,John Williams,True
552,Jacob Monk,GB,00-0039817,True,fc stable GSIS corroborated in roster,Jacob Monk,True
553,Jordan Morgan,GB,00-0039904,True,fc stable GSIS corroborated in roster,Jordan Morgan,True
554,Chris Brooks,GB,00-0038685,True,fc stable GSIS corroborated in roster,Chris Brooks,True
555,Jager Burton,GB,00-0040884,True,fc stable GSIS corroborated in roster,Jager Burton,True
556,Matthew Orzech,GB,00-0035118,True,fc stable GSIS corroborated in roster,Matthew Orzech,True
557,Edgerrin Cooper,GB,00-0039850,True,fc stable GSIS corroborated in roster,Edgerrin Cooper,True
558,Ty'Ron Hopper,GB,00-0039812,True,fc stable GSIS corroborated in roster,Ty'Ron Hopper,True
559,Nick Niemann,GB,00-0036648,True,fc stable GSIS corroborated in roster,Nick Niemann,True
560,Trey Smack,GB,00-0040899,True,fc stable GSIS corroborated in roster,Trey Smack,True
561,Zaire Franklin,GB,00-0034431,True,fc stable GSIS corroborated in roster,Zaire Franklin,True
562,Warren Brinson,GB,00-0040016,True,fc stable GSIS corroborated in roster,Warren Brinson,True
563,Isaiah McDuffie,GB,00-0036658,True,fc stable GSIS corroborated in roster,Isaiah McDuffie,True
564,Daniel Whelan,GB,00-0037547,True,fc stable GSIS corroborated in roster,Daniel Whelan,True
565,Jordan Love,GB,00-0036264,True,fc stable GSIS corroborated in roster,Jordan Love,True
566,Tyrod Taylor,GB,00-0028118,True,fc stable GSIS corroborated in roster,Tyrod Taylor,True
567,Chris McClellan,GB,00-0040869,True,fc stable GSIS corroborated in roster,Chris McClellan,True
568,Javon Bullard,GB,00-0039867,True,fc stable GSIS corroborated in roster,Javon Bullard,True
569,Kamal Hadden,GB,00-0039831,True,fc stable GSIS corroborated in roster,Kamal Hadden,True
570,Zach Bako-Bewele,GB,00-0037817,True,fc stable GSIS corroborated in roster,Zach Bako-Bewele,True
571,Donovan Jennings,GB,00-0039272,True,fc stable GSIS corroborated in roster,Donovan Jennings,True
572,Travis Glover,GB,00-0039819,True,fc stable GSIS corroborated in roster,Travis Glover,True
573,Tucker Kraft,GB,00-0038996,True,fc stable GSIS corroborated in roster,Tucker Kraft,True
574,Jonnu Smith,GB,00-0033858,True,fc stable GSIS corroborated in roster,Jonnu Smith,True
575,Christian Watson,GB,00-0038124,True,fc stable GSIS corroborated in roster,Christian Watson,True
576,Skyy Moore,GB,00-0038090,True,fc stable GSIS corroborated in roster,Skyy Moore,True
577,Bo Melton,GB,00-0037091,True,fc stable GSIS corroborated in roster,Bo Melton,True
578,Jayden Reed,GB,00-0039146,True,fc stable GSIS corroborated in roster,Jayden Reed,True
579,Matthew Golden,GB,00-0040667,True,fc stable GSIS corroborated in roster,Matthew Golden,True
580,Anthony Belton,GB,00-0040726,True,unique name plus team or DOB,Anthony Belton,True
581,Aaron Banks,GB,00-0036551,True,fc stable GSIS corroborated in roster,Aaron Banks,True
582,Sean Rhyan,GB,00-0037076,True,fc stable GSIS corroborated in roster,Sean Rhyan,True
583,Sauce Gardner,IND,00-0037190,True,fc stable GSIS corroborated in roster,Sauce Gardner,True
584,Jonathan Owens,IND,00-0034485,True,fc stable GSIS corroborated in roster,Jonathan Owens,True
585,Hunter Wohler,IND,00-0040235,True,fc stable GSIS corroborated in roster,Hunter Wohler,True
586,Cam Taylor-Britt,IND,00-0037753,True,fc stable GSIS corroborated in roster,Cam Taylor-Britt,True
587,Laquon Treadwell,IND,00-0032951,True,fc stable GSIS corroborated in roster,Laquon Treadwell,True
588,Arden Key,IND,00-0034825,True,fc stable GSIS corroborated in roster,Arden Key,True
589,George Gumbs,IND,00-0041080,True,fc stable GSIS corroborated in roster,George Gumbs Jr.,True
590,Jaylahn Tuimoloau,IND,00-0040744,True,fc stable GSIS corroborated in roster,Jaylahn Tuimoloau,True
591,Laiatu Latu,IND,00-0039340,True,fc stable GSIS corroborated in roster,Laiatu Latu,True
592,Caden Curry,IND,00-0041111,True,fc stable GSIS corroborated in roster,Caden Curry,True
593,DeForest Buckner,IND,00-0032378,True,fc stable GSIS corroborated in roster,DeForest Buckner,True
594,Jonathan Taylor,IND,00-0036223,True,fc stable GSIS corroborated in roster,Jonathan Taylor,True
595,Charvarius Ward,IND,00-0034573,True,fc stable GSIS corroborated in roster,Charvarius Ward,True
596,Kapena Gushiken,IND,00-0040928,True,fc stable GSIS corroborated in roster,Kapena Gushiken,True
597,Bernhard Raimann,IND,00-0037757,True,fc stable GSIS corroborated in roster,Bernhard Raimann,True
598,Quenton Nelson,IND,00-0034342,True,fc stable GSIS corroborated in roster,Quenton Nelson,True
599,Jalen Farmer,IND,00-0041517,True,fc stable GSIS corroborated in roster,Jalen Farmer,True
600,Seth McGowan,IND,00-0041125,True,fc stable GSIS corroborated in roster,Seth McGowan,True
601,DJ Giddens,IND,00-0040179,True,fc stable GSIS corroborated in roster,DJ Giddens,True
602,Deion Burks,IND,00-0041132,True,fc stable GSIS corroborated in roster,Deion Burks,True
603,Luke Rhodes,IND,00-0032753,True,fc stable GSIS corroborated in roster,Luke Rhodes,True
604,Akeem Davis-Gaither,IND,00-0036298,True,fc stable GSIS corroborated in roster,Akeem Davis-Gaither,True
605,Bryce Boettcher,IND,00-0041518,True,fc stable GSIS corroborated in roster,Bryce Boettcher,True
606,Tahj Chambers,IND,00-0041227,True,fc stable GSIS corroborated in roster,Tahj Chambers,True
607,Spencer Shrader,IND,00-0039576,True,fc stable GSIS corroborated in roster,Spencer Shrader,True
608,Grover Stewart,IND,00-0033952,True,fc stable GSIS corroborated in roster,Grover Stewart,True
609,Jaylon Carlies,IND,00-0039377,True,fc stable GSIS corroborated in roster,Jaylon Carlies,True
610,Jerry Tillery,IND,00-0035674,True,fc stable GSIS corroborated in roster,Jerry Tillery,True
611,Austin Ajiake,IND,00-0039178,True,fc stable GSIS corroborated in roster,Austin Ajiake,True
612,CJ Allen,IND,00-0041039,True,fc stable GSIS corroborated in roster,CJ Allen,True
613,Adetomiwa Adebawore,IND,00-0039031,True,fc stable GSIS corroborated in roster,Adetomiwa Adebawore,True
614,Rigoberto Sanchez,IND,00-0033269,True,fc stable GSIS corroborated in roster,Rigoberto Sanchez,True
615,Daniel Jones,IND,00-0035710,True,fc stable GSIS corroborated in roster,Daniel Jones,True
616,Anthony Richardson,IND,00-0039164,True,fc stable GSIS corroborated in roster,Anthony Richardson,True
617,Riley Leonard,IND,00-0040206,True,fc stable GSIS corroborated in roster,Riley Leonard,True
618,Tim Smith,IND,00-0040207,True,fc stable GSIS corroborated in roster,Tim Smith,True
619,Justin Walley,IND,00-0040139,True,fc stable GSIS corroborated in roster,Justin Walley,True
620,Camryn Bynum,IND,00-0036629,True,fc stable GSIS corroborated in roster,Camryn Bynum,True
621,A.J. Haulcy,IND,00-0041043,True,fc stable GSIS corroborated in roster,A.J. Haulcy,True
622,Jalen Travis,IND,00-0040163,True,fc stable GSIS corroborated in roster,Jalen Travis,True
623,Tanor Bortolini,IND,00-0039744,True,fc stable GSIS corroborated in roster,Tanor Bortolini,True
624,Matt Goncalves,IND,00-0039736,True,fc stable GSIS corroborated in roster,Matt Goncalves,True
625,Sedrick Van Pran,IND,00-0039876,True,fc stable GSIS corroborated in roster,Sedrick Van Pran-Granger,False
626,Tyler Warren,IND,00-0040128,True,fc stable GSIS corroborated in roster,Tyler Warren,True
627,Mo Alie-Cox,IND,00-0033217,True,fc stable GSIS corroborated in roster,Mo Alie-Cox,True
628,Andrew Ogletree,IND,00-0037292,True,fc stable GSIS corroborated in roster,Andrew Ogletree,True
629,Alec Pierce,IND,00-0037664,True,fc stable GSIS corroborated in roster,Alec Pierce,True
630,Darius Slayton,IND,00-0035535,True,fc stable GSIS corroborated in roster,Darius Slayton,True
631,Josh Downs,IND,00-0038997,True,fc stable GSIS corroborated in roster,Josh Downs,True
632,Ashton Dulin,IND,00-0035021,True,fc stable GSIS corroborated in roster,Ashton Dulin,True
633,Keenan Allen,IND,00-0030279,True,fc stable GSIS corroborated in roster,Keenan Allen,True
634,Luke Tenuta,IND,00-0037305,True,fc stable GSIS corroborated in roster,Luke Tenuta,True
635,Dalton Tucker,IND,00-0039578,True,fc stable GSIS corroborated in roster,Dalton Tucker,True
636,Montaric Brown,JAX,00-0037313,True,fc stable GSIS corroborated in roster,Montaric Brown,True
637,Caleb Ransaw,JAX,00-0040145,True,fc stable GSIS corroborated in roster,Caleb Ransaw,True
638,Eric Murray,JAX,00-0033038,True,fc stable GSIS corroborated in roster,Eric Murray,True
639,Jarrian Jones,JAX,00-0039353,True,fc stable GSIS corroborated in roster,Jarrian Jones,True
640,Rayuan Lane,JAX,00-0040213,True,fc stable GSIS corroborated in roster,Rayuan Lane III,True
641,Travon Walker,JAX,00-0037235,True,fc stable GSIS corroborated in roster,Travon Walker,True
642,Wesley Williams,JAX,00-0041059,True,fc stable GSIS corroborated in roster,Wesley Williams,True
643,Danny Striggow,JAX,00-0040342,True,fc stable GSIS corroborated in roster,Danny Striggow,True
644,DaVon Hamilton,JAX,00-0036262,True,fc stable GSIS corroborated in roster,DaVon Hamilton,True
645,Albert Regis,JAX,00-0041045,True,fc stable GSIS corroborated in roster,Albert Regis,True
646,Josh Hines-Allen,JAX,00-0035642,True,fc stable GSIS corroborated in roster,Josh Hines-Allen,True
647,Arik Armstead,JAX,00-0032164,True,fc stable GSIS corroborated in roster,Arik Armstead,True
648,Matt Dickerson,JAX,00-0034657,True,fc stable GSIS corroborated in roster,Matt Dickerson,True
649,Bryan Thomas,JAX,00-0041218,True,fc stable GSIS corroborated in roster,Bryan Thomas Jr.,True
650,Bhayshul Tuten,JAX,00-0040719,True,fc stable GSIS corroborated in roster,Bhayshul Tuten,True
651,LeQuint Allen,JAX,00-0040238,True,fc stable GSIS corroborated in roster,LeQuint Allen Jr.,True
652,Jourdan Lewis,JAX,00-0033928,True,fc stable GSIS corroborated in roster,Jourdan Lewis,True
653,Anton Harrison,JAX,00-0038934,True,fc stable GSIS corroborated in roster,Anton Harrison,True
654,Wyatt Milum,JAX,00-0040146,True,fc stable GSIS corroborated in roster,Wyatt Milum,True
655,Emmanuel Pregnon,JAX,00-0041050,True,fc stable GSIS corroborated in roster,Emmanuel Pregnon,True
656,Chris Rodriguez,JAX,00-0038611,True,fc stable GSIS corroborated in roster,Chris Rodriguez Jr.,True
657,Ameer Abdullah,JAX,00-0032104,True,fc stable GSIS corroborated in roster,Ameer Abdullah,True
658,Quintin Morris,JAX,00-0036590,True,fc stable GSIS corroborated in roster,Quintin Morris,True
659,Tanner Koziol,JAX,00-0041084,True,fc stable GSIS corroborated in roster,Tanner Koziol,True
660,Foye Oluokun,JAX,00-0034413,True,fc stable GSIS corroborated in roster,Foyesade Oluokun,False
661,Dennis Gardeck,JAX,00-0034473,True,fc stable GSIS corroborated in roster,Dennis Gardeck,True
662,Cam Little,JAX,00-0039409,True,fc stable GSIS corroborated in roster,Cam Little,True
663,Ventrell Miller,JAX,00-0038570,True,fc stable GSIS corroborated in roster,Ventrell Miller,True
664,Jack Kiser,JAX,00-0040723,True,fc stable GSIS corroborated in roster,Jack Kiser,True
665,Jahlani Tavai,JAX,00-0035240,True,fc stable GSIS corroborated in roster,Jahlani Tavai,True
666,Ruke Orhorhoro,JAX,00-0039733,True,fc stable GSIS corroborated in roster,Ruke Orhorhoro,True
667,Branson Combs,JAX,00-0040326,True,fc stable GSIS corroborated in roster,Branson Combs,True
668,Logan Cooke,JAX,00-0034437,True,fc stable GSIS corroborated in roster,Logan Cooke,True
669,Trevor Lawrence,JAX,00-0036971,True,fc stable GSIS corroborated in roster,Trevor Lawrence,True
670,Quinn Ewers,JAX,00-0040234,True,fc stable GSIS corroborated in roster,Quinn Ewers,True
671,Jalen Huskey,JAX,00-0041055,True,fc stable GSIS corroborated in roster,Jalen Huskey,True
672,Christian Braswell,JAX,00-0038616,True,fc stable GSIS corroborated in roster,Christian Braswell,True
673,Antonio Johnson,JAX,00-0038596,True,fc stable GSIS corroborated in roster,Antonio Johnson,True
674,Cole Van Lanen,JAX,00-0036655,True,fc stable GSIS corroborated in roster,Cole Van Lanen,True
675,Robert Hainsey,JAX,00-0036985,True,fc stable GSIS corroborated in roster,Robert Hainsey,True
676,Ezra Cleveland,JAX,00-0036327,True,fc stable GSIS corroborated in roster,Ezra Cleveland,True
677,Ross Matiscik,JAX,00-0035827,True,fc stable GSIS corroborated in roster,Ross Matiscik,True
678,Brenton Strange,JAX,00-0038935,True,fc stable GSIS corroborated in roster,Brenton Strange,True
679,Nate Boerkircher,JAX,00-0041503,True,fc stable GSIS corroborated in roster,Nate Boerkircher,True
680,Travis Hunter,JAX,00-0040718,True,fc stable GSIS corroborated in roster,Travis Hunter,True
681,Jakobi Meyers,JAX,00-0034960,True,fc stable GSIS corroborated in roster,Jakobi Meyers,True
682,Josh Cameron,JAX,00-0041100,True,fc stable GSIS corroborated in roster,Josh Cameron,True
683,Brian Thomas,JAX,00-0039893,True,fc stable GSIS corroborated in roster,Brian Thomas Jr.,True
684,Parker Washington,JAX,00-0038606,True,fc stable GSIS corroborated in roster,Parker Washington,True
685,C.J. Williams,JAX,00-0041106,True,fc stable GSIS corroborated in roster,C.J. Williams,True
686,Walker Little,JAX,00-0036975,True,fc stable GSIS corroborated in roster,Walker Little,True
687,Daniel Faalele,JAX,00-0038118,True,fc stable GSIS corroborated in roster,Daniel Faalele,True
688,Jonah Monheim,JAX,00-0040227,True,fc stable GSIS corroborated in roster,Jonah Monheim,True
689,L'Jarius Sneed,KC,00-0036374,True,fc stable GSIS corroborated in roster,L'Jarius Sneed,True
690,Alohi Gilman,KC,00-0036380,True,fc stable GSIS corroborated in roster,Alohi Gilman,True
691,Xavier Nwankpa,KC,00-0040957,True,fc stable GSIS corroborated in roster,Xavier Nwankpa,True
692,Jadon Canady,KC,00-0041497,True,fc stable GSIS corroborated in roster,Jadon Canady,True
693,George Karlaftis,KC,00-0037192,True,fc stable GSIS corroborated in roster,George Karlaftis,True
694,Khyiris Tonga,KC,00-0036909,True,fc stable GSIS corroborated in roster,Khyiris Tonga,True
695,Ashton Gillotte,KC,00-0040640,True,fc stable GSIS corroborated in roster,Ashton Gillotte,True
696,Peter Woods,KC,00-0041545,True,fc stable GSIS corroborated in roster,Peter Woods,True
697,Jack Pyburn,KC,00-0041256,True,fc stable GSIS corroborated in roster,Jack Pyburn,True
698,Felix Anudike-Uzomah,KC,00-0039006,True,fc stable GSIS corroborated in roster,Felix Anudike-Uzomah,True
699,Chris Jones,KC,00-0032762,True,fc stable GSIS corroborated in roster,Chris Jones,True
700,Bryson Eason,KC,00-0041358,True,fc stable GSIS corroborated in roster,Bryson Eason,True
701,R Mason Thomas,KC,00-0041501,True,fc stable GSIS corroborated in roster,R Mason Thomas,True
702,Ben VanSumeren,KC,00-0038489,True,fc stable GSIS corroborated in roster,Ben VanSumeren,True
703,Emmett Johnson,KC,00-0041013,True,fc stable GSIS corroborated in roster,Emmett Johnson,True
704,Mansoor Delane,KC,00-0041543,True,fc stable GSIS corroborated in roster,Mansoor Delane,True
705,Christian Roland-Wallace,KC,00-0039324,True,fc stable GSIS corroborated in roster,Christian Roland-Wallace,True
706,Josh Simmons,KC,00-0040116,True,fc stable GSIS corroborated in roster,Josh Simmons,True
707,Mike Caliendo,KC,00-0037207,True,fc stable GSIS corroborated in roster,Mike Caliendo,True
708,Diego Pounds,KC,00-0040987,True,fc stable GSIS corroborated in roster,Diego Pounds,True
709,Creed Humphrey,KC,00-0036623,True,fc stable GSIS corroborated in roster,Creed Humphrey,True
710,Kenneth Walker,KC,00-0038134,True,fc stable GSIS corroborated in roster,Kenneth Walker III,True
711,Brashard Smith,KC,00-0040078,True,fc stable GSIS corroborated in roster,Brashard Smith,True
712,Jared Wiley,KC,00-0039824,True,fc stable GSIS corroborated in roster,Jared Wiley,True
713,Drue Tranquill,KC,00-0035262,True,fc stable GSIS corroborated in roster,Drue Tranquill,True
714,Jeffrey Bassa,KC,00-0040072,True,fc stable GSIS corroborated in roster,Jeffrey Bassa,True
715,Harrison Butker,KC,00-0033303,True,fc stable GSIS corroborated in roster,Harrison Butker,True
716,Nick Bolton,KC,00-0036621,True,fc stable GSIS corroborated in roster,Nick Bolton,True
717,James Winchester,KC,00-0030615,True,fc stable GSIS corroborated in roster,James Winchester,True
718,Jack Cochrane,KC,00-0037208,True,fc stable GSIS corroborated in roster,Jack Cochrane,True
719,Chamarri Conner,KC,00-0038982,True,fc stable GSIS corroborated in roster,Chamarri Conner,True
720,Jaden Hicks,KC,00-0039825,True,fc stable GSIS corroborated in roster,Jaden Hicks,True
721,Matt Araiza,KC,00-0037284,True,fc stable GSIS corroborated in roster,Matt Araiza,True
722,Patrick Mahomes,KC,00-0033873,True,fc stable GSIS corroborated in roster,Patrick Mahomes,True
723,Justin Fields,KC,00-0036945,True,fc stable GSIS corroborated in roster,Justin Fields,True
724,Garrett Nussmeier,KC,00-0040906,True,fc stable GSIS corroborated in roster,Garrett Nussmeier,True
725,Nohl Williams,KC,00-0040670,True,fc stable GSIS corroborated in roster,Nohl Williams,True
726,Kristian Fulton,KC,00-0036416,True,fc stable GSIS corroborated in roster,Kristian Fulton,True
727,Kahlil Benson,KC,00-0041019,True,fc stable GSIS corroborated in roster,Kahlil Benson,True
728,Joshua Ezeudu,KC,00-0037807,True,fc stable GSIS corroborated in roster,Joshua Ezeudu,True
729,Kingsley Suamataia,KC,00-0039844,True,fc stable GSIS corroborated in roster,Kingsley Suamataia,True
730,Hunter Nourzad,KC,00-0039827,True,fc stable GSIS corroborated in roster,Hunter Nourzad,True
731,Travis Kelce,KC,00-0030506,True,fc stable GSIS corroborated in roster,Travis Kelce,True
732,Noah Gray,KC,00-0036637,True,fc stable GSIS corroborated in roster,Noah Gray,True
733,Jake Briningstool,KC,00-0040081,True,fc stable GSIS corroborated in roster,Jake Briningstool,True
734,Rashee Rice,KC,00-0039067,True,fc stable GSIS corroborated in roster,Rashee Rice,True
735,Cyrus Allen,KC,00-0040890,True,fc stable GSIS corroborated in roster,Cyrus Allen,True
736,Xavier Worthy,KC,00-0039894,True,fc stable GSIS corroborated in roster,Xavier Worthy,True
737,Jalen Royals,KC,00-0040646,True,fc stable GSIS corroborated in roster,Jalen Royals,True
738,Tyquan Thornton,KC,00-0038104,True,fc stable GSIS corroborated in roster,Tyquan Thornton,True
739,Nikko Remigio,KC,00-0038519,True,fc stable GSIS corroborated in roster,Nikko Remigio,True
740,Jaylon Moore,KC,00-0036557,True,fc stable GSIS corroborated in roster,Jaylon Moore,True
741,Trey Smith,KC,00-0036660,True,fc stable GSIS corroborated in roster,Trey Smith,True
742,Jason Marshall,MIA,00-0040178,True,fc stable GSIS corroborated in roster,Jason Marshall Jr.,True
743,Zayne Anderson,MIA,00-0036677,True,fc stable GSIS corroborated in roster,Zayne Anderson,True
744,Michael Taaffe,MIA,00-0041528,True,fc stable GSIS corroborated in roster,Michael Taaffe,True
745,Jaylin Simpson,MIA,00-0039383,True,fc stable GSIS corroborated in roster,Jaylin Simpson,True
746,Chop Robinson,MIA,00-0039911,True,fc stable GSIS corroborated in roster,Chop Robinson,True
747,Keith Cooper,MIA,00-0040655,True,fc stable GSIS corroborated in roster,Keith Cooper Jr.,True
748,Malik Herring,MIA,00-0036682,True,fc stable GSIS corroborated in roster,Malik Herring,True
749,Zach Sieler,MIA,00-0034285,True,fc stable GSIS corroborated in roster,Zach Sieler,True
750,Joshua Uche,MIA,00-0036159,True,fc stable GSIS corroborated in roster,Joshua Uche,True
751,Zeek Biggers,MIA,00-0040248,True,fc stable GSIS corroborated in roster,Zeek Biggers,True
752,Rob Beal,MIA,00-0038603,True,fc stable GSIS corroborated in roster,Rob Beal Jr.,True
753,Jordan Phillips,MIA,00-0040175,True,fc stable GSIS corroborated in roster,Jordan Phillips,True
754,DJ Herman,MIA,00-0041436,True,fc stable GSIS corroborated in roster,DJ Herman,True
755,Jaylen Wright,MIA,00-0039874,True,fc stable GSIS corroborated in roster,Jaylen Wright,True
756,Julius Brents,MIA,00-0039156,True,fc stable GSIS corroborated in roster,Julius Brents,True
757,Marcellas Dial,MIA,00-0039390,True,fc stable GSIS corroborated in roster,Marcellas Dial Jr.,True
758,Julius Wood,MIA,00-0039532,True,fc stable GSIS corroborated in roster,Julius Wood,True
759,Patrick Paul,MIA,00-0039899,True,fc stable GSIS corroborated in roster,Patrick Paul,True
760,Caedan Wallace,MIA,00-0039863,True,fc stable GSIS corroborated in roster,Caedan Wallace,True
761,Aaron Brewer,MIA,00-0036171,True,fc stable GSIS corroborated in roster,Aaron Brewer,True
762,Tucker Addington,MIA,00-0037686,True,fc stable GSIS corroborated in roster,Tucker Addington,True
763,Kadyn Proctor,MIA,00-0041521,True,fc stable GSIS corroborated in roster,Kadyn Proctor,True
764,De'Von Achane,MIA,00-0039040,True,fc stable GSIS corroborated in roster,De'Von Achane,True
765,Ollie Gordon,MIA,00-0040198,True,fc stable GSIS corroborated in roster,Ollie Gordon II,True
766,Justin Joly,MIA,00-0041077,True,fc stable GSIS corroborated in roster,Justin Joly,True
767,Jordyn Brooks,MIA,00-0036409,True,fc stable GSIS corroborated in roster,Jordyn Brooks,True
768,Willie Gay,MIA,00-0036362,True,fc stable GSIS corroborated in roster,Willie Gay Jr.,True
769,Riley Patterson,MIA,00-0036816,True,fc stable GSIS corroborated in roster,Riley Patterson,True
770,Jacob Rodriguez,MIA,00-0041522,True,fc stable GSIS corroborated in roster,Jacob Rodriguez,True
771,Jackson Woodard,MIA,00-0040066,True,fc stable GSIS corroborated in roster,Jackson Woodard,True
772,Andre Jones,MIA,00-0038635,True,fc stable GSIS corroborated in roster,Andre Jones Jr.,True
773,Dante Trader,MIA,00-0040182,True,fc stable GSIS corroborated in roster,Dante Trader Jr.,True
774,Bradley Pinion,MIA,00-0032065,True,fc stable GSIS corroborated in roster,Bradley Pinion,True
775,Malik Willis,MIA,00-0038128,True,fc stable GSIS corroborated in roster,Malik Willis,True
776,Kyle McCord,MIA,00-0040014,True,fc stable GSIS corroborated in roster,Kyle McCord,True
777,Brady Cook,MIA,00-0040398,True,fc stable GSIS corroborated in roster,Brady Cook,True
778,Chris Johnson,MIA,00-0041533,True,fc stable GSIS corroborated in roster,Chris Johnson,True
779,Reese Taylor,MIA,00-0038521,True,fc stable GSIS corroborated in roster,Reese Taylor,True
780,Austin Jackson,MIA,00-0036248,True,fc stable GSIS corroborated in roster,Austin Jackson,True
781,DJ Campbell,MIA,00-0041530,True,fc stable GSIS corroborated in roster,DJ Campbell,True
782,Jonah Savaiinaea,MIA,00-0040742,True,fc stable GSIS corroborated in roster,Jonah Savaiinaea,True
783,Andrew Meyer,MIA,00-0039485,True,fc stable GSIS corroborated in roster,Andrew Meyer,True
784,Greg Dulcich,MIA,00-0037252,True,fc stable GSIS corroborated in roster,Greg Dulcich,True
785,Will Kacmarek,MIA,00-0041524,True,fc stable GSIS corroborated in roster,Will Kacmarek,True
786,Seydou Traore,MIA,00-0041579,True,fc stable GSIS corroborated in roster,Seydou Traore,True
787,Malik Washington,MIA,00-0039880,True,fc stable GSIS corroborated in roster,Malik Washington,True
788,Ryan Miller,MIA,00-0038824,True,fc stable GSIS corroborated in roster,Ryan Miller,True
789,Caleb Douglas,MIA,00-0041523,True,fc stable GSIS corroborated in roster,Caleb Douglas,True
790,Kevin Coleman,MIA,00-0041529,True,fc stable GSIS corroborated in roster,Kevin Coleman Jr.,True
791,Chris Bell,MIA,00-0041525,True,fc stable GSIS corroborated in roster,Chris Bell,True
792,Jalen Tolbert,MIA,00-0037666,True,fc stable GSIS corroborated in roster,Jalen Tolbert,True
793,Chukwuebuka Godrick,MIA,00-0039174,True,fc stable GSIS corroborated in roster,Chukwuebuka Godrick,True
794,Jarrett Kingston,MIA,00-0039832,True,fc stable GSIS corroborated in roster,Jarrett Kingston,True
795,Charles Demmings,MIN,00-0041083,True,fc stable GSIS corroborated in roster,Charles Demmings,True
796,Theo Jackson,MIN,00-0037301,True,fc stable GSIS corroborated in roster,Theo Jackson,True
797,Josh Metellus,MIN,00-0036348,True,fc stable GSIS corroborated in roster,Josh Metellus,True
798,Zemaiah Vaughn,MIN,00-0040507,True,fc stable GSIS corroborated in roster,Zemaiah Vaughn,True
799,Andrew Van Ginkel,MIN,00-0035272,True,fc stable GSIS corroborated in roster,Andrew Van Ginkel,True
800,Jalen Redmond,MIN,00-0038778,True,fc stable GSIS corroborated in roster,Jalen Redmond,True
801,Chaz Chambliss,MIN,00-0040496,True,fc stable GSIS corroborated in roster,Chaz Chambliss,True
802,Elijah Williams,MIN,00-0040624,True,fc stable GSIS corroborated in roster,Elijah Williams,True
803,Tyrion Ingram-Dawkins,MIN,00-0040173,True,fc stable GSIS corroborated in roster,Tyrion Ingram-Dawkins,True
804,Caleb Banks,MIN,00-0041033,True,fc stable GSIS corroborated in roster,Caleb Banks,True
805,Dallas Turner,MIN,00-0039924,True,fc stable GSIS corroborated in roster,Dallas Turner,True
806,Levi Drake Rodriguez,MIN,00-0039421,True,fc stable GSIS corroborated in roster,Levi Drake Rodriguez,True
807,Bo Richter,MIN,00-0039718,True,fc stable GSIS corroborated in roster,Bo Richter,True
808,Domonique Orange,MIN,00-0041046,True,fc stable GSIS corroborated in roster,Domonique Orange,True
809,Max Bredeson,MIN,00-0041081,True,fc stable GSIS corroborated in roster,Max Bredeson,True
810,Demond Claiborne,MIN,00-0041104,True,fc stable GSIS corroborated in roster,Demond Claiborne,True
811,James Pierre,MIN,00-0035795,True,fc stable GSIS corroborated in roster,James Pierre,True
812,Isaiah Rodgers,MIN,00-0036222,True,fc stable GSIS corroborated in roster,Isaiah Rodgers,True
813,Jacob Thomas,MIN,00-0041354,True,fc stable GSIS corroborated in roster,Jacob Thomas,True
814,Christian Darrisaw,MIN,00-0036616,True,fc stable GSIS corroborated in roster,Christian Darrisaw,True
815,Joe Huber,MIN,00-0040500,True,fc stable GSIS corroborated in roster,Joe Huber,True
816,Caleb Tiernan,MIN,00-0041053,True,fc stable GSIS corroborated in roster,Caleb Tiernan,True
817,Aaron Jones,MIN,00-0033293,True,fc stable GSIS corroborated in roster,Aaron Jones,True
818,DeeJay Dallas,MIN,00-0036425,True,fc stable GSIS corroborated in roster,DeeJay Dallas,True
819,Nick Samac,MIN,00-0039237,True,fc stable GSIS corroborated in roster,Nick Samac,True
820,Andrew DePaola,MIN,00-0029714,True,fc stable GSIS corroborated in roster,Andrew DePaola,True
821,Eric Wilson,MIN,00-0033336,True,fc stable GSIS corroborated in roster,Eric Wilson,True
822,Jake Golday,MIN,00-0041495,True,fc stable GSIS corroborated in roster,Jake Golday,True
823,Will Reichard,MIN,00-0039404,True,fc stable GSIS corroborated in roster,Will Reichard,True
824,Blake Cashman,MIN,00-0035276,True,fc stable GSIS corroborated in roster,Blake Cashman,True
825,Jay Ward,MIN,00-0038578,True,fc stable GSIS corroborated in roster,Jay Ward,True
826,Jakobe Thomas,MIN,00-0041054,True,fc stable GSIS corroborated in roster,Jakobe Thomas,True
827,Ivan Pace,MIN,00-0038807,True,fc stable GSIS corroborated in roster,Ivan Pace Jr.,True
828,Brett Thorson,MIN,00-0041581,True,fc stable GSIS corroborated in roster,Brett Thorson,True
829,Kyler Murray,MIN,00-0035228,True,fc stable GSIS corroborated in roster,Kyler Murray,True
830,Carson Wentz,MIN,00-0032950,True,fc stable GSIS corroborated in roster,Carson Wentz,True
831,J.J. McCarthy,MIN,00-0039923,True,fc stable GSIS corroborated in roster,J.J. McCarthy,True
832,Byron Murphy,MIN,00-0035236,True,fc stable GSIS corroborated in roster,Byron Murphy,True
833,Harrison Smith,MIN,00-0029606,True,fc stable GSIS corroborated in roster,Harrison Smith,True
834,Brian O'Neill,MIN,00-0034158,True,fc stable GSIS corroborated in roster,Brian O'Neill,True
835,Trevor Keegan,MIN,00-0039310,True,fc stable GSIS corroborated in roster,Trevor Keegan,True
836,Donovan Jackson,MIN,00-0040661,True,fc stable GSIS corroborated in roster,Donovan Jackson,True
837,Blake Brandel,MIN,00-0036347,True,fc stable GSIS corroborated in roster,Blake Brandel,True
838,T.J. Hockenson,MIN,00-0035229,True,fc stable GSIS corroborated in roster,T.J. Hockenson,True
839,Josh Oliver,MIN,00-0035249,True,fc stable GSIS corroborated in roster,Josh Oliver,True
840,Gavin Bartholomew,MIN,00-0040215,True,fc stable GSIS corroborated in roster,Gavin Bartholomew,True
841,Justin Jefferson,MIN,00-0036322,True,fc stable GSIS corroborated in roster,Justin Jefferson,True
842,Tai Felton,MIN,00-0040154,True,fc stable GSIS corroborated in roster,Tai Felton,True
843,Jordan Addison,MIN,00-0038994,True,fc stable GSIS corroborated in roster,Jordan Addison,True
844,Myles Price,MIN,00-0040506,True,fc stable GSIS corroborated in roster,Myles Price,True
845,Jauan Jennings,MIN,00-0036259,True,fc stable GSIS corroborated in roster,Jauan Jennings,True
846,Ryan Van Demark,MIN,00-0037404,True,fc stable GSIS corroborated in roster,Ryan Van Demark,True
847,Will Fries,MIN,00-0036483,True,fc stable GSIS corroborated in roster,Will Fries,True
848,Carlton Davis,NE,00-0034778,True,fc stable GSIS corroborated in roster,Carlton Davis III,True
849,Jaylen Reed,NE,00-0040204,True,fc stable GSIS corroborated in roster,Jaylen Reed,True
850,Charles Woods,NE,00-0039770,True,fc stable GSIS corroborated in roster,Charles Woods,True
851,Kevin Byard,NE,00-0033132,True,fc stable GSIS corroborated in roster,Kevin Byard,True
852,Craig Woodson,NE,00-0040716,True,fc stable GSIS corroborated in roster,Craig Woodson,True
853,Dell Pettus,NE,00-0039692,True,fc stable GSIS corroborated in roster,Dell Pettus,True
854,Elijah Ponder,NE,00-0040574,True,fc stable GSIS corroborated in roster,Elijah Ponder,True
855,Cory Durden,NE,00-0038653,True,fc stable GSIS corroborated in roster,Cory Durden,True
856,Quintayvious Hutchins,NE,00-0041402,True,fc stable GSIS corroborated in roster,Quintayvious Hutchins,True
857,Milton Williams,NE,00-0036916,True,fc stable GSIS corroborated in roster,Milton Williams,True
858,Dre'Mont Jones,NE,00-0035678,True,fc stable GSIS corroborated in roster,Dre'Mont Jones,True
859,Christian Barmore,NE,00-0036981,True,fc stable GSIS corroborated in roster,Christian Barmore,True
860,Gabe Jacas,NE,00-0041569,True,fc stable GSIS corroborated in roster,Gabe Jacas,True
861,Reggie Gilliam,NE,00-0036187,True,fc stable GSIS corroborated in roster,Reggie Gilliam,True
862,TreVeyon Henderson,NE,00-0040734,True,fc stable GSIS corroborated in roster,TreVeyon Henderson,True
863,Christian Gonzalez,NE,00-0039147,True,fc stable GSIS corroborated in roster,Christian Gonzalez,True
864,Karon Prunty,NE,00-0041088,True,fc stable GSIS corroborated in roster,Karon Prunty,True
865,Will Campbell,NE,00-0040699,True,fc stable GSIS corroborated in roster,Will Campbell,True
866,Walter Rouse,NE,00-0039828,True,fc stable GSIS corroborated in roster,Walter Rouse,True
867,Caleb Lomu,NE,00-0041541,True,fc stable GSIS corroborated in roster,Caleb Lomu,True
868,Rhamondre Stevenson,NE,00-0036875,True,fc stable GSIS corroborated in roster,Rhamondre Stevenson,True
869,Corey Kiner,NE,00-0040556,True,fc stable GSIS corroborated in roster,Corey Kiner,True
870,Cameron Latu,NE,00-0038564,True,fc stable GSIS corroborated in roster,Cameron Latu,True
871,Ben Brown,NE,00-0037413,True,fc stable GSIS corroborated in roster,Ben Brown,True
872,Christian Elliss,NE,00-0036813,True,fc stable GSIS corroborated in roster,Christian Elliss,True
873,Namdi Obiazor,NE,00-0041109,True,fc stable GSIS corroborated in roster,Namdi Obiazor,True
874,Julian Ashby,NE,00-0040246,True,fc stable GSIS corroborated in roster,Julian Ashby,True
875,Darius Muasau,NE,00-0039829,True,fc stable GSIS corroborated in roster,Darius Muasau,True
876,Andy Borregales,NE,00-0040200,True,fc stable GSIS corroborated in roster,Andy Borregales,True
877,Robert Spillane,NE,00-0034720,True,fc stable GSIS corroborated in roster,Robert Spillane,True
878,Leonard Taylor,NE,00-0039289,True,fc stable GSIS corroborated in roster,Leonard Taylor III,True
879,Erick Hunter,NE,00-0041455,True,fc stable GSIS corroborated in roster,Erick Hunter,True
880,Mitch Wishnowsky,NE,00-0034941,True,fc stable GSIS corroborated in roster,Mitch Wishnowsky,True
881,Drake Maye,NE,00-0039851,True,fc stable GSIS corroborated in roster,Drake Maye,True
882,Tommy DeVito,NE,00-0038476,True,fc stable GSIS corroborated in roster,Tommy DeVito,True
883,Behren Morton,NE,00-0041123,True,fc stable GSIS corroborated in roster,Behren Morton,True
884,Marcus Jones,NE,00-0037253,True,fc stable GSIS corroborated in roster,Marcus Jones,True
885,Channing Canada,NE,00-0041316,True,fc stable GSIS corroborated in roster,Channing Canada,True
886,Morgan Moses,NE,00-0031330,True,fc stable GSIS corroborated in roster,Morgan Moses,True
887,Alijah Vera-Tucker,NE,00-0036979,True,fc stable GSIS corroborated in roster,Alijah Vera-Tucker,True
888,Jared Wilson,NE,00-0040147,True,fc stable GSIS corroborated in roster,Jared Wilson,True
889,Hunter Henry,NE,00-0033090,True,fc stable GSIS corroborated in roster,Hunter Henry,True
890,Eli Raridon,NE,00-0041395,True,fc stable GSIS corroborated in roster,Eli Raridon,True
891,Tanner Arkin,NE,00-0041314,True,fc stable GSIS corroborated in roster,Tanner Arkin,True
892,Romeo Doubs,NE,00-0037816,True,fc stable GSIS corroborated in roster,Romeo Doubs,True
893,Efton Chism,NE,00-0040563,True,fc stable GSIS corroborated in roster,Efton Chism III,True
894,DeMario Douglas,NE,00-0038621,True,fc stable GSIS corroborated in roster,DeMario Douglas,True
895,DaQuan Jones,NE,00-0031054,True,fc stable GSIS corroborated in roster,DaQuan Jones,True
896,Mack Hollins,NE,00-0033555,True,fc stable GSIS corroborated in roster,Mack Hollins,True
897,Joshua Farmer,NE,00-0040171,True,fc stable GSIS corroborated in roster,Joshua Farmer,True
898,Kyle Williams,NE,00-0040131,True,fc stable GSIS corroborated in roster,Kyle Williams,True
899,Dametrious Crownover,NE,00-0041103,True,fc stable GSIS corroborated in roster,Dametrious Crownover,True
900,Greg Van Roten,NE,00-0029685,True,fc stable GSIS corroborated in roster,Greg Van Roten,True
901,Kool-Aid McKinstry,NO,00-0039860,True,fc stable GSIS corroborated in roster,Kool-Aid McKinstry,True
902,Jayden Price,NO,00-0039725,True,fc stable GSIS corroborated in roster,Jayden Price,True
903,Michael Reid,NO,00-0040293,True,fc stable GSIS corroborated in roster,Michael Reid,True
904,Jordan Howden,NO,00-0038588,True,fc stable GSIS corroborated in roster,Jordan Howden,True
905,Decamerion Richardson,NO,00-0039357,True,fc stable GSIS corroborated in roster,Decamerion Richardson,True
906,Carl Granderson,NO,00-0035402,True,fc stable GSIS corroborated in roster,Carl Granderson,True
907,Colby Wooden,NO,00-0038387,True,fc stable GSIS corroborated in roster,Colby Wooden,True
908,Chase Young,NO,00-0036321,True,fc stable GSIS corroborated in roster,Chase Young,True
909,Nathan Shepherd,NO,00-0034760,True,fc stable GSIS corroborated in roster,Nathan Shepherd,True
910,Davon Godchaux,NO,00-0033860,True,fc stable GSIS corroborated in roster,Davon Godchaux,True
911,Tyree Wilson,NO,00-0038541,True,fc stable GSIS corroborated in roster,Tyree Wilson,True
912,Cameron Jordan,NO,00-0027962,True,fc stable GSIS corroborated in roster,Cameron Jordan,True
913,Chris Rumph,NO,00-0036867,True,fc stable GSIS corroborated in roster,Chris Rumph II,True
914,Vernon Broughton,NO,00-0040642,True,fc stable GSIS corroborated in roster,Vernon Broughton,True
915,Anfernee Jennings,NO,00-0036193,True,fc stable GSIS corroborated in roster,Anfernee Jennings,True
916,Travis Etienne,NO,00-0036973,True,fc stable GSIS corroborated in roster,Travis Etienne,True
917,Kendre Miller,NO,00-0038551,True,fc stable GSIS corroborated in roster,Kendre Miller,True
918,Oscar Delp,NO,00-0041041,True,fc stable GSIS corroborated in roster,Oscar Delp,True
919,Quincy Riley,NO,00-0040166,True,fc stable GSIS corroborated in roster,Quincy Riley,True
920,Taliese Fuaga,NO,00-0039339,True,fc stable GSIS corroborated in roster,Taliese Fuaga,True
921,Mason Murphy,NO,00-0041173,True,fc stable GSIS corroborated in roster,Mason Murphy,True
922,Jeremiah Wright,NO,00-0041065,True,fc stable GSIS corroborated in roster,Jeremiah Wright,True
923,Alvin Kamara,NO,00-0033906,True,fc stable GSIS corroborated in roster,Alvin Kamara,True
924,CJ Donaldson,NO,00-0041326,True,fc stable GSIS corroborated in roster,CJ Donaldson,True
925,Treyton Welch,NO,00-0039518,True,fc stable GSIS corroborated in roster,Treyton Welch,True
926,Kaden Elliss,NO,00-0035316,True,fc stable GSIS corroborated in roster,Kaden Elliss,True
927,John Ridgeway,NO,00-0037283,True,fc stable GSIS corroborated in roster,John Ridgeway,True
928,Isaiah Stalbird,NO,00-0039622,True,fc stable GSIS corroborated in roster,Isaiah Stalbird,True
929,Daniel Carlson,NO,00-0034161,True,fc stable GSIS corroborated in roster,Daniel Carlson,True
930,Pete Werner,NO,00-0036927,True,fc stable GSIS corroborated in roster,Pete Werner,True
931,Christen Miller,NO,00-0041390,True,fc stable GSIS corroborated in roster,Christen Miller,True
932,Danny Stutsman,NO,00-0040155,True,fc stable GSIS corroborated in roster,Danny Stutsman,True
933,Khristian Boyd,NO,00-0039401,True,fc stable GSIS corroborated in roster,Khristian Boyd,True
934,Julian Blackmon,NO,00-0036253,True,fc stable GSIS corroborated in roster,Julian Blackmon,True
935,Ryan Wright,NO,00-0037500,True,fc stable GSIS corroborated in roster,Ryan Wright,True
936,Tyler Shough,NO,00-0040743,True,fc stable GSIS corroborated in roster,Tyler Shough,True
937,Spencer Rattler,NO,00-0039376,True,fc stable GSIS corroborated in roster,Spencer Rattler,True
938,Zach Wilson,NO,00-0037013,True,fc stable GSIS corroborated in roster,Zach Wilson,True
939,Jonas Sanker,NO,00-0040643,True,fc stable GSIS corroborated in roster,Jonas Sanker,True
940,Martin Emerson,NO,00-0037250,True,fc stable GSIS corroborated in roster,Martin Emerson,True
941,Kelvin Banks,NO,00-0040125,True,fc stable GSIS corroborated in roster,Kelvin Banks Jr.,True
942,Will Sherman,NO,00-0036535,True,fc stable GSIS corroborated in roster,Will Sherman,True
943,David Edwards,NO,00-0035668,True,fc stable GSIS corroborated in roster,David Edwards,True
944,Erik McCoy,NO,00-0035242,True,fc stable GSIS corroborated in roster,Erik McCoy,True
945,Juwan Johnson,NO,00-0036040,True,fc stable GSIS corroborated in roster,Juwan Johnson,True
946,Noah Fant,NO,00-0035644,True,fc stable GSIS corroborated in roster,Noah Fant,True
947,Chris Olave,NO,00-0037239,True,fc stable GSIS corroborated in roster,Chris Olave,True
948,Bryce Lance,NO,00-0041067,True,fc stable GSIS corroborated in roster,Bryce Lance,True
949,Devaughn Vele,NO,00-0039424,True,fc stable GSIS corroborated in roster,Devaughn Vele,True
950,Justin Reid,NO,00-0034361,True,fc stable GSIS corroborated in roster,Justin Reid,True
951,Barion Brown,NO,00-0041099,True,fc stable GSIS corroborated in roster,Barion Brown,True
952,Asim Richards,NO,00-0038601,True,fc stable GSIS corroborated in roster,Asim Richards,True
953,Cesar Ruiz,NO,00-0036408,True,fc stable GSIS corroborated in roster,Cesar Ruiz,True
954,Deonte Banks,NYG,00-0039000,True,fc stable GSIS corroborated in roster,Deonte Banks,True
955,Nikko Reed,NYG,00-0040471,True,fc stable GSIS corroborated in roster,Nikko Reed,True
956,Colton Hood,NYG,00-0041462,True,fc stable GSIS corroborated in roster,Colton Hood,True
957,Jevon Holland,NYG,00-0036998,True,fc stable GSIS corroborated in roster,Jevon Holland,True
958,Brian Burns,NYG,00-0035713,True,fc stable GSIS corroborated in roster,Brian Burns,True
959,Basil Okoye,NYG,00-0039176,True,fc stable GSIS corroborated in roster,Basil Okoye,True
960,Kayvon Thibodeaux,NYG,00-0037611,True,fc stable GSIS corroborated in roster,Kayvon Thibodeaux,True
961,Darius Alexander,NYG,00-0040694,True,fc stable GSIS corroborated in roster,Darius Alexander,True
962,Shelby Harris,NYG,00-0031270,True,fc stable GSIS corroborated in roster,Shelby Harris,True
963,Abdul Carter,NYG,00-0040677,True,fc stable GSIS corroborated in roster,Abdul Carter,True
964,Bobby Jamison-Travis,NYG,00-0041095,True,fc stable GSIS corroborated in roster,Bobby Jamison-Travis,True
965,DJ Reader,NYG,00-0032424,True,fc stable GSIS corroborated in roster,DJ Reader,True
966,Josh Tupou,NYG,00-0033347,True,fc stable GSIS corroborated in roster,Josh Tupou,True
967,Chauncey Golston,NYG,00-0036982,True,fc stable GSIS corroborated in roster,Chauncey Golston,True
968,Patrick Ricard,NYG,00-0033376,True,fc stable GSIS corroborated in roster,Patrick Ricard,True
969,Greg Newsome,NYG,00-0036996,True,fc stable GSIS corroborated in roster,Greg Newsome II,True
970,Nic Jones,NYG,00-0038986,True,fc stable GSIS corroborated in roster,Nic Jones,True
971,Andrew Thomas,NYG,00-0036386,True,fc stable GSIS corroborated in roster,Andrew Thomas,True
972,Marcus Mbow,NYG,00-0040181,True,fc stable GSIS corroborated in roster,Marcus Mbow,True
973,Aaron Stinnie,NYG,00-0034668,True,fc stable GSIS corroborated in roster,Aaron Stinnie,True
974,Cam Skattebo,NYG,00-0040715,True,fc stable GSIS corroborated in roster,Cam Skattebo,True
975,Devin Singletary,NYG,00-0035250,True,fc stable GSIS corroborated in roster,Devin Singletary,True
976,Najee Harris,NYG,00-0036893,True,fc stable GSIS corroborated in roster,Najee Harris,True
977,Tyrone Tracy,NYG,00-0039384,True,fc stable GSIS corroborated in roster,Tyrone Tracy Jr.,True
978,Arvell Reese,NYG,00-0041509,True,fc stable GSIS corroborated in roster,Arvell Reese,True
979,Micah McFadden,NYG,00-0037259,True,fc stable GSIS corroborated in roster,Micah McFadden,True
980,Dominic Zvada,NYG,00-0041145,True,fc stable GSIS corroborated in roster,Dominic Zvada,True
981,Chris Manhertz,NYG,00-0031484,True,fc stable GSIS corroborated in roster,Chris Manhertz,True
982,Tremaine Edmunds,NYG,00-0034673,True,fc stable GSIS corroborated in roster,Tremaine Edmunds,True
983,Ar'Darius Washington,NYG,00-0036587,True,fc stable GSIS corroborated in roster,Ar'Darius Washington,True
984,Jack Kelly,NYG,00-0041102,True,fc stable GSIS corroborated in roster,Jack Kelly,True
985,Zaire Barnes,NYG,00-0038399,True,fc stable GSIS corroborated in roster,Zaire Barnes,True
986,Jordan Stout,NYG,00-0038094,True,fc stable GSIS corroborated in roster,Jordan Stout,True
987,Jaxson Dart,NYG,00-0040691,True,fc stable GSIS corroborated in roster,Jaxson Dart,True
988,Jameis Winston,NYG,00-0031503,True,fc stable GSIS corroborated in roster,Jameis Winston,True
989,Elijah Campbell,NYG,00-0034248,True,fc stable GSIS corroborated in roster,Elijah Campbell,True
990,Andru Phillips,NYG,00-0039821,True,fc stable GSIS corroborated in roster,Andru Phillips,True
991,Jermaine Eluemunor,NYG,00-0033290,True,fc stable GSIS corroborated in roster,Jermaine Eluemunor,True
992,John Michael Schmitz,NYG,00-0039019,True,fc stable GSIS corroborated in roster,John Michael Schmitz,True
993,Jon Runyan,NYG,00-0036246,True,fc stable GSIS corroborated in roster,Jon Runyan,True
994,Ben Mann,NYG,00-0041143,True,fc stable GSIS corroborated in roster,Ben Mann,True
995,Isaiah Likely,NYG,00-0037838,True,fc stable GSIS corroborated in roster,Isaiah Likely,True
996,Theo Johnson,NYG,00-0039847,True,fc stable GSIS corroborated in roster,Theo Johnson,True
997,Thomas Fidone,NYG,00-0040225,True,fc stable GSIS corroborated in roster,Thomas Fidone II,True
998,Malik Nabers,NYG,00-0039337,True,fc stable GSIS corroborated in roster,Malik Nabers,True
999,Odell Beckham,NYG,00-0031235,True,fc stable GSIS corroborated in roster,Odell Beckham Jr.,True
1000,Tyler Nubin,NYG,00-0039861,True,fc stable GSIS corroborated in roster,Tyler Nubin,True
1001,Malachi Fields,NYG,00-0041042,True,fc stable GSIS corroborated in roster,Malachi Fields,True
1002,Darnell Mooney,NYG,00-0036309,True,fc stable GSIS corroborated in roster,Darnell Mooney,True
1003,J.C. Davis,NYG,00-0041101,True,fc stable GSIS corroborated in roster,J.C. Davis,True
1004,Francis Mauigoa,NYG,00-0041505,True,fc stable GSIS corroborated in roster,Francis Mauigoa,True
1005,Bryan Hudson,NYG,00-0039446,True,fc stable GSIS corroborated in roster,Bryan Hudson,True
1006,Jason Pinnock,NYG,00-0036502,True,fc stable GSIS corroborated in roster,Jason Pinnock,True
1007,Nahshon Wright,NYJ,00-0036986,True,fc stable GSIS corroborated in roster,Nahshon Wright,True
1008,Malachi Moore,NYJ,00-0040165,True,fc stable GSIS corroborated in roster,Malachi Moore,True
1009,Azareye'h Thomas,NYJ,00-0040133,True,fc stable GSIS corroborated in roster,Azareye'h Thomas,True
1010,Dane Belton,NYJ,00-0038123,True,fc stable GSIS corroborated in roster,Dane Belton,True
1011,Jordan Clark,NYJ,00-0040397,True,fc stable GSIS corroborated in roster,Jordan Clark,True
1012,Kingsley Enagbare,NYJ,00-0037083,True,fc stable GSIS corroborated in roster,Kingsley Enagbare,True
1013,Harrison Phillips,NYJ,00-0034782,True,fc stable GSIS corroborated in roster,Harrison Phillips,True
1014,David Bailey,NYJ,00-0041026,True,fc stable GSIS corroborated in roster,David Bailey,True
1015,Darrell Jackson,NYJ,00-0041549,True,fc stable GSIS corroborated in roster,Darrell Jackson Jr.,True
1016,Joseph Ossai,NYJ,00-0036902,True,fc stable GSIS corroborated in roster,Joseph Ossai,True
1017,Braiden McGregor,NYJ,00-0039284,True,fc stable GSIS corroborated in roster,Braiden McGregor,True
1018,Will McDonald,NYJ,00-0039142,True,fc stable GSIS corroborated in roster,Will McDonald IV,True
1019,T'Vondre Sweat,NYJ,00-0039886,True,fc stable GSIS corroborated in roster,T'Vondre Sweat,True
1020,David Onyemata,NYJ,00-0033051,True,fc stable GSIS corroborated in roster,David Onyemata,True
1021,Jowon Briggs,NYJ,00-0039431,True,fc stable GSIS corroborated in roster,Jowon Briggs,True
1022,Jelani Woods,NYJ,00-0037755,True,fc stable GSIS corroborated in roster,Jelani Woods,True
1023,Andrew Beck,NYJ,00-0034959,True,fc stable GSIS corroborated in roster,Andrew Beck,True
1024,Braelon Allen,NYJ,00-0039794,True,fc stable GSIS corroborated in roster,Braelon Allen,True
1025,Brandon Stephens,NYJ,00-0036987,True,fc stable GSIS corroborated in roster,Brandon Stephens,True
1026,Qwan'tez Stiggers,NYJ,00-0039789,True,fc stable GSIS corroborated in roster,Qwan'tez Stiggers,True
1027,Olumuyiwa Fashanu,NYJ,00-0039790,True,fc stable GSIS corroborated in roster,Olumuyiwa Fashanu,True
1028,Joe Tippmann,NYJ,00-0039145,True,fc stable GSIS corroborated in roster,Joe Tippmann,True
1029,Chukwuma Okorafor,NYJ,00-0034768,True,fc stable GSIS corroborated in roster,Chukwuma Okorafor,True
1030,Breece Hall,NYJ,00-0038120,True,fc stable GSIS corroborated in roster,Breece Hall,True
1031,Isaiah Davis,NYJ,00-0039798,True,fc stable GSIS corroborated in roster,Isaiah Davis,True
1032,Kene Nwangwu,NYJ,00-0036842,True,fc stable GSIS corroborated in roster,Kene Nwangwu,True
1033,Demario Davis,NYJ,00-0029607,True,fc stable GSIS corroborated in roster,Demario Davis,True
1034,Francisco Mauigoa,NYJ,00-0040186,True,fc stable GSIS corroborated in roster,Francisco Mauigoa,True
1035,Blake Grupe,NYJ,00-0038905,True,fc stable GSIS corroborated in roster,Blake Grupe,True
1036,Jamien Sherwood,NYJ,00-0036500,True,fc stable GSIS corroborated in roster,Jamien Sherwood,True
1037,Trevin Wallace,NYJ,00-0039347,True,fc stable GSIS corroborated in roster,Trevin Wallace,True
1038,Troy Reeder,NYJ,00-0035617,True,fc stable GSIS corroborated in roster,Troy Reeder,True
1039,Thomas Hennessy,NYJ,00-0033260,True,fc stable GSIS corroborated in roster,Thomas Hennessy,True
1040,Marcelino McCrary-Ball,NYJ,00-0037526,True,fc stable GSIS corroborated in roster,Marcelino McCrary-Ball,True
1041,Austin McNamara,NYJ,00-0039634,True,fc stable GSIS corroborated in roster,Austin McNamara,True
1042,Geno Smith,NYJ,00-0030565,True,fc stable GSIS corroborated in roster,Geno Smith,True
1043,Cade Klubnik,NYJ,00-0041056,True,fc stable GSIS corroborated in roster,Cade Klubnik,True
1044,Jarvis Brownlee,NYJ,00-0039372,True,fc stable GSIS corroborated in roster,Jarvis Brownlee Jr.,True
1045,D'Angelo Ponds,NYJ,00-0041038,True,fc stable GSIS corroborated in roster,D'Angelo Ponds,True
1046,Minkah Fitzpatrick,NYJ,00-0034789,True,fc stable GSIS corroborated in roster,Minkah Fitzpatrick,True
1047,Armand Membou,NYJ,00-0040123,True,fc stable GSIS corroborated in roster,Armand Membou,True
1048,Josh Myers,NYJ,00-0036622,True,fc stable GSIS corroborated in roster,Josh Myers,True
1049,Dylan Parham,NYJ,00-0037255,True,fc stable GSIS corroborated in roster,Dylan Parham,True
1050,Jordan Meredith,NYJ,00-0036604,True,fc stable GSIS corroborated in roster,Jordan Meredith,True
1051,Mason Taylor,NYJ,00-0040736,True,fc stable GSIS corroborated in roster,Mason Taylor,True
1052,Kenyon Sadiq,NYJ,00-0041032,True,fc stable GSIS corroborated in roster,Kenyon Sadiq,True
1053,Jeremy Ruckert,NYJ,00-0037805,True,fc stable GSIS corroborated in roster,Jeremy Ruckert,True
1054,Garrett Wilson,NYJ,00-0037740,True,fc stable GSIS corroborated in roster,Garrett Wilson,True
1055,Arian Smith,NYJ,00-0040582,True,fc stable GSIS corroborated in roster,Arian Smith,True
1056,Adonai Mitchell,NYJ,00-0039890,True,fc stable GSIS corroborated in roster,Adonai Mitchell,True
1057,Andre Cisco,NYJ,00-0036941,True,fc stable GSIS corroborated in roster,Andre Cisco,True
1058,Isaiah Williams,NYJ,00-0039451,True,fc stable GSIS corroborated in roster,Isaiah Williams,True
1059,Max Mitchell,NYJ,00-0038114,True,fc stable GSIS corroborated in roster,Max Mitchell,True
1060,Eric Stokes,OAK,00-0036901,True,fc stable GSIS corroborated in roster,Eric Stokes,True
1061,Treydan Stukes,OAK,00-0040868,True,fc stable GSIS corroborated in roster,Treydan Stukes,True
1062,Tristin McCollum,OAK,00-0037461,True,fc stable GSIS corroborated in roster,Tristin McCollum,True
1063,Hezekiah Masses,OAK,00-0040889,True,fc stable GSIS corroborated in roster,Hezekiah Masses,True
1064,Jeremy Chinn,OAK,00-0036293,True,fc stable GSIS corroborated in roster,Jeremy Chinn,True
1065,Maxx Crosby,OAK,00-0034973,True,fc stable GSIS corroborated in roster,Maxx Crosby,True
1066,Adam Butler,OAK,00-0033381,True,fc stable GSIS corroborated in roster,Adam Butler,True
1067,Jonah Laulu,OAK,00-0039423,True,fc stable GSIS corroborated in roster,Jonah Laulu,True
1068,Malcolm Koonce,OAK,00-0036989,True,fc stable GSIS corroborated in roster,Malcolm Koonce,True
1069,Kwity Paye,OAK,00-0036479,True,fc stable GSIS corroborated in roster,Kwity Paye,True
1070,Patrick Johnson,OAK,00-0036922,True,fc stable GSIS corroborated in roster,Patrick Johnson,True
1071,Connor Heyward,OAK,00-0037304,True,fc stable GSIS corroborated in roster,Connor Heyward,True
1072,Mike Washington,OAK,00-0040878,True,fc stable GSIS corroborated in roster,Mike Washington Jr.,True
1073,Darien Porter,OAK,00-0040641,True,fc stable GSIS corroborated in roster,Darien Porter,True
1074,Jermod McCoy,OAK,00-0041563,True,fc stable GSIS corroborated in roster,Jermod McCoy,True
1075,Isaiah Pola-Mao,OAK,00-0037512,True,fc stable GSIS corroborated in roster,Isaiah Pola-Mao,True
1076,Kolton Miller,OAK,00-0034759,True,fc stable GSIS corroborated in roster,Kolton Miller,True
1077,Caleb Rogers,OAK,00-0040150,True,fc stable GSIS corroborated in roster,Caleb Rogers,True
1078,Trey Zuhn,OAK,00-0040871,True,fc stable GSIS corroborated in roster,Trey Zuhn III,True
1079,Alex Ward,OAK,00-0038360,True,fc stable GSIS corroborated in roster,Alex Ward,True
1080,Ashton Jeanty,OAK,00-0040122,True,fc stable GSIS corroborated in roster,Ashton Jeanty,True
1081,Dylan Laube,OAK,00-0039407,True,fc stable GSIS corroborated in roster,Dylan Laube,True
1082,Tonka Hemingway,OAK,00-0040169,True,fc stable GSIS corroborated in roster,Tonka Hemingway,True
1083,Thomas Booker,OAK,00-0037262,True,fc stable GSIS corroborated in roster,Thomas Booker,True
1084,Tommy Eichenberg,OAK,00-0039374,True,fc stable GSIS corroborated in roster,Tommy Eichenberg,True
1085,Nakobe Dean,OAK,00-0037615,True,fc stable GSIS corroborated in roster,Nakobe Dean,True
1086,Segun Olubi,OAK,00-0037527,True,fc stable GSIS corroborated in roster,Segun Olubi,True
1087,Matt Gay,OAK,00-0035269,True,fc stable GSIS corroborated in roster,Matt Gay,True
1088,Quay Walker,OAK,00-0037074,True,fc stable GSIS corroborated in roster,Quay Walker,True
1089,JJ Pegues,OAK,00-0040199,True,fc stable GSIS corroborated in roster,JJ Pegues,True
1090,Cody Lindenberg,OAK,00-0040228,True,fc stable GSIS corroborated in roster,Cody Lindenberg,True
1091,Foley Fatukasi,OAK,00-0034275,True,fc stable GSIS corroborated in roster,Foley Fatukasi,True
1092,AJ Cole,OAK,00-0035190,True,fc stable GSIS corroborated in roster,AJ Cole,True
1093,Kirk Cousins,OAK,00-0029604,True,fc stable GSIS corroborated in roster,Kirk Cousins,True
1094,Fernando Mendoza,OAK,00-0041562,True,fc stable GSIS corroborated in roster,Fernando Mendoza,True
1095,Aidan O'Connell,OAK,00-0038579,True,fc stable GSIS corroborated in roster,Aidan O'Connell,True
1096,Taron Johnson,OAK,00-0034376,True,fc stable GSIS corroborated in roster,Taron Johnson,True
1097,Darrell Luter,OAK,00-0038594,True,fc stable GSIS corroborated in roster,Darrell Luter Jr.,True
1098,DJ Glaze,OAK,00-0039349,True,fc stable GSIS corroborated in roster,DJ Glaze,True
1099,Spencer Burford,OAK,00-0037829,True,fc stable GSIS corroborated in roster,Spencer Burford,True
1100,Bryce Cabeldue,OAK,00-0040650,True,fc stable GSIS corroborated in roster,Bryce Cabeldue,True
1101,Brock Bowers,OAK,00-0039338,True,fc stable GSIS corroborated in roster,Brock Bowers,True
1102,Michael Mayer,OAK,00-0039066,True,fc stable GSIS corroborated in roster,Michael Mayer,True
1103,Ian Thomas,OAK,00-0034365,True,fc stable GSIS corroborated in roster,Ian Thomas,True
1104,Tre Tucker,OAK,00-0038563,True,fc stable GSIS corroborated in roster,Tre Tucker,True
1105,Malik Benson,OAK,00-0040894,True,fc stable GSIS corroborated in roster,Malik Benson,True
1106,Jalen Nailor,OAK,00-0037291,True,fc stable GSIS corroborated in roster,Jalen Nailor,True
1107,Dareke Young,OAK,00-0037093,True,fc stable GSIS corroborated in roster,Dareke Young,True
1108,Jack Bech,OAK,00-0040729,True,fc stable GSIS corroborated in roster,Jack Bech,True
1109,Dalton Johnson,OAK,00-0040883,True,fc stable GSIS corroborated in roster,Dalton Johnson,True
1110,Charles Grant,OAK,00-0040151,True,fc stable GSIS corroborated in roster,Charles Grant,True
1111,Jackson Powers-Johnson,OAK,00-0039735,True,fc stable GSIS corroborated in roster,Jackson Powers-Johnson,True
1112,Tyler Linderbaum,OAK,00-0037825,True,fc stable GSIS corroborated in roster,Tyler Linderbaum,True
1113,Riq Woolen,PHI,00-0037079,True,fc stable GSIS corroborated in roster,Riq Woolen,True
1114,Andrew Mukuba,PHI,00-0040749,True,fc stable GSIS corroborated in roster,Andrew Mukuba,True
1115,Jonathan Jones,PHI,00-0032580,True,fc stable GSIS corroborated in roster,Jonathan Jones,True
1116,Marcus Epps,PHI,00-0034993,True,fc stable GSIS corroborated in roster,Marcus Epps,True
1117,Michael Carter,PHI,00-0036501,True,fc stable GSIS corroborated in roster,Michael Carter II,True
1118,Nolan Smith,PHI,00-0039013,True,fc stable GSIS corroborated in roster,Nolan Smith,True
1119,Arnold Ebiketie,PHI,00-0038116,True,fc stable GSIS corroborated in roster,Arnold Ebiketie,True
1120,A.J. Epenesa,PHI,00-0036192,True,fc stable GSIS corroborated in roster,A.J. Epenesa,True
1121,Moro Ojomo,PHI,00-0038412,True,fc stable GSIS corroborated in roster,Moro Ojomo,True
1122,Jonathan Greenard,PHI,00-0036224,True,fc stable GSIS corroborated in roster,Jonathan Greenard,True
1123,Jalen Carter,PHI,00-0038386,True,fc stable GSIS corroborated in roster,Jalen Carter,True
1124,Jalyx Hunt,PHI,00-0039740,True,fc stable GSIS corroborated in roster,Jalyx Hunt,True
1125,Saquon Barkley,PHI,00-0034844,True,fc stable GSIS corroborated in roster,Saquon Barkley,True
1126,Will Shipley,PHI,00-0039746,True,fc stable GSIS corroborated in roster,Will Shipley,True
1127,Quinyon Mitchell,PHI,00-0039888,True,fc stable GSIS corroborated in roster,Quinyon Mitchell,True
1128,Kelee Ringo,PHI,00-0039140,True,fc stable GSIS corroborated in roster,Kelee Ringo,True
1129,Jordan Mailata,PHI,00-0034429,True,fc stable GSIS corroborated in roster,Jordan Mailata,True
1130,Willie Lampkin,PHI,00-0040631,True,fc stable GSIS corroborated in roster,Willie Lampkin,True
1131,Drew Kendall,PHI,00-0040587,True,fc stable GSIS corroborated in roster,Drew Kendall,True
1132,Rocco Underwood,PHI,00-0040925,True,fc stable GSIS corroborated in roster,Rocco Underwood,True
1133,Markel Bell,PHI,00-0041554,True,fc stable GSIS corroborated in roster,Markel Bell,True
1134,Tank Bigsby,PHI,00-0038555,True,fc stable GSIS corroborated in roster,Tank Bigsby,True
1135,Britain Covey,PHI,00-0037132,True,fc stable GSIS corroborated in roster,Britain Covey,True
1136,E.J. Jenkins,PHI,00-0038498,True,fc stable GSIS corroborated in roster,E.J. Jenkins,True
1137,Byron Young,PHI,00-0038978,True,fc stable GSIS corroborated in roster,Byron Young,True
1138,Zack Baun,PHI,00-0036418,True,fc stable GSIS corroborated in roster,Zack Baun,True
1139,Smael Mondon,PHI,00-0040013,True,fc stable GSIS corroborated in roster,Smael Mondon Jr.,True
1140,Jake Elliott,PHI,00-0033787,True,fc stable GSIS corroborated in roster,Jake Elliott,True
1141,Jihaad Campbell,PHI,00-0040708,True,fc stable GSIS corroborated in roster,Jihaad Campbell,True
1142,Ty Robinson,PHI,00-0040662,True,fc stable GSIS corroborated in roster,Ty Robinson,True
1143,Jeremiah Trotter,PHI,00-0039826,True,fc stable GSIS corroborated in roster,Jeremiah Trotter Jr.,True
1144,Jordan Davis,PHI,00-0037073,True,fc stable GSIS corroborated in roster,Jordan Davis,True
1145,Braden Mann,PHI,00-0036313,True,fc stable GSIS corroborated in roster,Braden Mann,True
1146,Jalen Hurts,PHI,00-0036389,True,fc stable GSIS corroborated in roster,Jalen Hurts,True
1147,Andy Dalton,PHI,00-0027973,True,fc stable GSIS corroborated in roster,Andy Dalton,True
1148,Tanner McKee,PHI,00-0038400,True,fc stable GSIS corroborated in roster,Tanner McKee,True
1149,Cole Payton,PHI,00-0040891,True,fc stable GSIS corroborated in roster,Cole Payton,True
1150,Cooper DeJean,PHI,00-0039841,True,fc stable GSIS corroborated in roster,Cooper DeJean,True
1151,Mac McWilliams,PHI,00-0040071,True,fc stable GSIS corroborated in roster,Mac McWilliams,True
1152,Lane Johnson,PHI,00-0030561,True,fc stable GSIS corroborated in roster,Lane Johnson,True
1153,Micah Morris,PHI,00-0040897,True,fc stable GSIS corroborated in roster,Micah Morris,True
1154,Cam Jurgens,PHI,00-0038112,True,fc stable GSIS corroborated in roster,Cam Jurgens,True
1155,Dallas Goedert,PHI,00-0034351,True,fc stable GSIS corroborated in roster,Dallas Goedert,True
1156,Zach Ertz,PHI,00-0030061,True,fc stable GSIS corroborated in roster,Zach Ertz,True
1157,Johnny Mundt,PHI,00-0033246,True,fc stable GSIS corroborated in roster,Johnny Mundt,True
1158,DeVonta Smith,PHI,00-0036912,True,fc stable GSIS corroborated in roster,DeVonta Smith,True
1159,Marquise Brown,PHI,00-0035662,True,fc stable GSIS corroborated in roster,Marquise Brown,True
1160,Darius Cooper,PHI,00-0040024,True,fc stable GSIS corroborated in roster,Darius Cooper,True
1161,Dontayvion Wicks,PHI,00-0038393,True,fc stable GSIS corroborated in roster,Dontayvion Wicks,True
1162,Makai Lemon,PHI,00-0040867,True,fc stable GSIS corroborated in roster,Makai Lemon,True
1163,Elijah Moore,PHI,00-0036980,True,fc stable GSIS corroborated in roster,Elijah Moore,True
1164,Fred Johnson,PHI,00-0034951,True,fc stable GSIS corroborated in roster,Fred Johnson,True
1165,Tyler Steen,PHI,00-0039001,True,fc stable GSIS corroborated in roster,Tyler Steen,True
1166,Joey Porter,PIT,00-0039167,True,fc stable GSIS corroborated in roster,Joey Porter Jr.,True
1167,Jaquan Brisker,PIT,00-0038135,True,fc stable GSIS corroborated in roster,Jaquan Brisker,True
1168,Robert Spears-Jennings,PIT,00-0041401,True,fc stable GSIS corroborated in roster,Robert Spears-Jennings,True
1169,Asante Samuel,PIT,00-0036617,True,fc stable GSIS corroborated in roster,Asante Samuel Jr.,True
1170,Rayshawn Jenkins,PIT,00-0033941,True,fc stable GSIS corroborated in roster,Rayshawn Jenkins,True
1171,Brandin Echols,PIT,00-0036504,True,fc stable GSIS corroborated in roster,Brandin Echols,True
1172,T.J. Watt,PIT,00-0033886,True,fc stable GSIS corroborated in roster,T.J. Watt,True
1173,Derrick Harmon,PIT,00-0040678,True,fc stable GSIS corroborated in roster,Derrick Harmon,True
1174,Cameron Heyward,PIT,00-0027969,True,fc stable GSIS corroborated in roster,Cameron Heyward,True
1175,Nick Herbig,PIT,00-0038577,True,fc stable GSIS corroborated in roster,Nick Herbig,True
1176,Keeanu Benton,PIT,00-0039110,True,fc stable GSIS corroborated in roster,Keeanu Benton,True
1177,Sebastian Joseph-Day,PIT,00-0034810,True,fc stable GSIS corroborated in roster,Sebastian Joseph-Day,True
1178,Alex Highsmith,PIT,00-0036333,True,fc stable GSIS corroborated in roster,Alex Highsmith,True
1179,Jack Sawyer,PIT,00-0040160,True,fc stable GSIS corroborated in roster,Jack Sawyer,True
1180,Riley Nowakowski,PIT,00-0041398,True,fc stable GSIS corroborated in roster,Riley Nowakowski,True
1181,Rico Dowdle,PIT,00-0036139,True,fc stable GSIS corroborated in roster,Rico Dowdle,True
1182,Jamel Dean,PIT,00-0035699,True,fc stable GSIS corroborated in roster,Jamel Dean,True
1183,Daylen Everette,PIT,00-0041393,True,fc stable GSIS corroborated in roster,Daylen Everette,True
1184,Troy Fautanu,PIT,00-0039871,True,fc stable GSIS corroborated in roster,Troy Fautanu,True
1185,Gennings Dunker,PIT,00-0041396,True,fc stable GSIS corroborated in roster,Gennings Dunker,True
1186,Mason McCormick,PIT,00-0039358,True,fc stable GSIS corroborated in roster,Mason McCormick,True
1187,Jaylen Warren,PIT,00-0037228,True,fc stable GSIS corroborated in roster,Jaylen Warren,True
1188,Eli Heidenreich,PIT,00-0041490,True,fc stable GSIS corroborated in roster,Eli Heidenreich,True
1189,Payton Wilson,PIT,00-0039741,True,fc stable GSIS corroborated in roster,Payton Wilson,True
1190,Kaden Wetjen,PIT,00-0041397,True,fc stable GSIS corroborated in roster,Kaden Wetjen,True
1191,Cole Holcomb,PIT,00-0035286,True,fc stable GSIS corroborated in roster,Cole Holcomb,True
1192,Chris Boswell,PIT,00-0031136,True,fc stable GSIS corroborated in roster,Chris Boswell,True
1193,Patrick Queen,PIT,00-0036323,True,fc stable GSIS corroborated in roster,Patrick Queen,True
1194,Carson Bruener,PIT,00-0040231,True,fc stable GSIS corroborated in roster,Carson Bruener,True
1195,Yahya Black,PIT,00-0040188,True,fc stable GSIS corroborated in roster,Yahya Black,True
1196,Cameron Johnston,PIT,00-0033729,True,fc stable GSIS corroborated in roster,Cameron Johnston,True
1197,Aaron Rodgers,PIT,00-0023459,True,fc stable GSIS corroborated in roster,Aaron Rodgers,True
1198,Mason Rudolph,PIT,00-0034771,True,fc stable GSIS corroborated in roster,Mason Rudolph,True
1199,Will Howard,PIT,00-0040203,True,fc stable GSIS corroborated in roster,Will Howard,True
1200,Drew Allar,PIT,00-0041565,True,fc stable GSIS corroborated in roster,Drew Allar,True
1201,Jalen Ramsey,PIT,00-0033055,True,fc stable GSIS corroborated in roster,Jalen Ramsey,True
1202,Dylan Cook,PIT,00-0037480,True,fc stable GSIS corroborated in roster,Dylan Cook,True
1203,Christian Kuntz,PIT,00-0034051,True,fc stable GSIS corroborated in roster,Christian Kuntz,True
1204,Spencer Anderson,PIT,00-0038645,True,fc stable GSIS corroborated in roster,Spencer Anderson,True
1205,Kevin Jobity,PIT,00-0041261,True,fc stable GSIS corroborated in roster,Kevin Jobity Jr.,True
1206,Zach Frazier,PIT,00-0039896,True,fc stable GSIS corroborated in roster,Zach Frazier,True
1207,Gabe Rubio,PIT,00-0041400,True,fc stable GSIS corroborated in roster,Gabe Rubio,True
1208,Darnell Washington,PIT,00-0038558,True,fc stable GSIS corroborated in roster,Darnell Washington,True
1209,Pat Freiermuth,PIT,00-0036894,True,fc stable GSIS corroborated in roster,Pat Freiermuth,True
1210,Robert Tonyan,PIT,00-0033757,True,fc stable GSIS corroborated in roster,Robert Tonyan,True
1211,DK Metcalf,PIT,00-0035640,True,fc stable GSIS corroborated in roster,DK Metcalf,True
1212,Germie Bernard,PIT,00-0041489,True,fc stable GSIS corroborated in roster,Germie Bernard,True
1213,Ben Skowronek,PIT,00-0036862,True,fc stable GSIS corroborated in roster,Ben Skowronek,True
1214,Michael Pittman,PIT,00-0036252,True,fc stable GSIS corroborated in roster,Michael Pittman,True
1215,Roman Wilson,PIT,00-0039739,True,fc stable GSIS corroborated in roster,Roman Wilson,True
1216,Max Iheanachor,PIT,00-0041482,True,fc stable GSIS corroborated in roster,Max Iheanachor,True
1217,Brock Hoffman,PIT,00-0037336,True,fc stable GSIS corroborated in roster,Brock Hoffman,True
1218,Ryan McCollum,PIT,00-0036783,True,fc stable GSIS corroborated in roster,Ryan McCollum,True
1219,Jaylen Watson,STL,00-0037195,True,fc stable GSIS corroborated in roster,Jaylen Watson,True
1220,Tanner Ingle,STL,00-0038366,True,fc stable GSIS corroborated in roster,Tanner Ingle,True
1221,Emmanuel Forbes,STL,00-0039151,True,fc stable GSIS corroborated in roster,Emmanuel Forbes,True
1222,Jaylen McCollough,STL,00-0039776,True,fc stable GSIS corroborated in roster,Jaylen McCollough,True
1223,Byron Young,STL,00-0039137,True,fc stable GSIS corroborated in roster,Byron Young,True
1224,Aaron Donald,STL,00-0031388,True,fc stable GSIS corroborated in roster,Aaron Donald,True
1225,Josaiah Stewart,STL,00-0040580,True,fc stable GSIS corroborated in roster,Josaiah Stewart,True
1226,Tyler Davis,STL,00-0039749,True,fc stable GSIS corroborated in roster,Tyler Davis,True
1227,Poona Ford,STL,00-0034234,True,fc stable GSIS corroborated in roster,Poona Ford,True
1228,Braden Fiske,STL,00-0039734,True,fc stable GSIS corroborated in roster,Braden Fiske,True
1229,CJ Daniels,STL,00-0041399,True,fc stable GSIS corroborated in roster,CJ Daniels,True
1230,Kobie Turner,STL,00-0039138,True,fc stable GSIS corroborated in roster,Kobie Turner,True
1231,Desjuan Johnson,STL,00-0039061,True,fc stable GSIS corroborated in roster,Desjuan Johnson,True
1232,Wesley Bailey,STL,00-0041404,True,fc stable GSIS corroborated in roster,Wesley Bailey,True
1233,Ty Hamilton,STL,00-0040585,True,fc stable GSIS corroborated in roster,Ty Hamilton,True
1234,Kyren Williams,STL,00-0037840,True,fc stable GSIS corroborated in roster,Kyren Williams,True
1235,Ronnie Rivers,STL,00-0037557,True,fc stable GSIS corroborated in roster,Ronnie Rivers,True
1236,Terrance Ferguson,STL,00-0040737,True,fc stable GSIS corroborated in roster,Terrance Ferguson,True
1237,Trent McDuffie,STL,00-0037191,True,fc stable GSIS corroborated in roster,Trent McDuffie,True
1238,Josh Wallace,STL,00-0039772,True,fc stable GSIS corroborated in roster,Josh Wallace,True
1239,Alaric Jackson,STL,00-0036603,True,fc stable GSIS corroborated in roster,Alaric Jackson,True
1240,Beaux Limmer,STL,00-0039753,True,fc stable GSIS corroborated in roster,Beaux Limmer,True
1241,Steve Avila,STL,00-0039058,True,fc stable GSIS corroborated in roster,Steve Avila,True
1242,Blake Corum,STL,00-0039738,True,fc stable GSIS corroborated in roster,Blake Corum,True
1243,Davis Allen,STL,00-0039074,True,fc stable GSIS corroborated in roster,Davis Allen,True
1244,Max Klare,STL,00-0041510,True,fc stable GSIS corroborated in roster,Max Klare,True
1245,Nate Landman,STL,00-0037587,True,fc stable GSIS corroborated in roster,Nate Landman,True
1246,Grant Stuard,STL,00-0036672,True,fc stable GSIS corroborated in roster,Grant Stuard,True
1247,Harrison Mevis,STL,00-0039498,True,fc stable GSIS corroborated in roster,Harrison Mevis,True
1248,Omar Speights,STL,00-0039774,True,fc stable GSIS corroborated in roster,Omar Speights,True
1249,Coleman Shelton,STL,00-0034114,True,fc stable GSIS corroborated in roster,Coleman Shelton,True
1250,Shaun Dolac,STL,00-0040613,True,fc stable GSIS corroborated in roster,Shaun Dolac,True
1251,Dylan McMahon,STL,00-0039830,True,fc stable GSIS corroborated in roster,Dylan McMahon,True
1252,Joe Cardona,STL,00-0032228,True,fc stable GSIS corroborated in roster,Joe Cardona,True
1253,Ethan Evans,STL,00-0039059,True,fc stable GSIS corroborated in roster,Ethan Evans,True
1254,Matthew Stafford,STL,00-0026498,True,fc stable GSIS corroborated in roster,Matthew Stafford,True
1255,Stetson Bennett,STL,00-0039107,True,fc stable GSIS corroborated in roster,Stetson Bennett,True
1256,Ty Simpson,STL,00-0041568,True,fc stable GSIS corroborated in roster,Ty Simpson,True
1257,Quentin Lake,STL,00-0037841,True,fc stable GSIS corroborated in roster,Quentin Lake,True
1258,Kamren Kinchens,STL,00-0039834,True,fc stable GSIS corroborated in roster,Kamren Kinchens,True
1259,Kam Curl,STL,00-0036349,True,fc stable GSIS corroborated in roster,Kam Curl,True
1260,Warren McClendon,STL,00-0039077,True,fc stable GSIS corroborated in roster,Warren McClendon Jr.,True
1261,Bill Murray,STL,00-0036093,True,fc stable GSIS corroborated in roster,Bill Murray,True
1262,Kevin Dotson,STL,00-0036339,True,fc stable GSIS corroborated in roster,Kevin Dotson,True
1263,Colby Parkinson,STL,00-0036244,True,fc stable GSIS corroborated in roster,Colby Parkinson,True
1264,Tyler Higbee,STL,00-0033110,True,fc stable GSIS corroborated in roster,Tyler Higbee,True
1265,Puka Nacua,STL,00-0039075,True,fc stable GSIS corroborated in roster,Puka Nacua,True
1266,Konata Mumpfield,STL,00-0040590,True,fc stable GSIS corroborated in roster,Konata Mumpfield,True
1267,Davante Adams,STL,00-0031381,True,fc stable GSIS corroborated in roster,Davante Adams,True
1268,Xavier Smith,STL,00-0038359,True,fc stable GSIS corroborated in roster,Xavier Smith,True
1269,Jordan Whittington,STL,00-0039751,True,fc stable GSIS corroborated in roster,Jordan Whittington,True
1270,Tutu Atwell,STL,00-0036849,True,fc stable GSIS corroborated in roster,Tutu Atwell,True
1271,David Quessenberry,STL,00-0030097,True,fc stable GSIS corroborated in roster,David Quessenberry,True
1272,Cam Hart,SD,00-0039369,True,fc stable GSIS corroborated in roster,Cam Hart,True
1273,Genesis Smith,SD,00-0041064,True,fc stable GSIS corroborated in roster,Genesis Smith,True
1274,R.J. Mickens,SD,00-0040221,True,fc stable GSIS corroborated in roster,R.J. Mickens,True
1275,Rodney Shelley,SD,00-0041381,True,fc stable GSIS corroborated in roster,Rodney Shelley,True
1276,Derwin James,SD,00-0034790,True,fc stable GSIS corroborated in roster,Derwin James,True
1277,Tuli Tuipulotu,SD,00-0039111,True,fc stable GSIS corroborated in roster,Tuli Tuipulotu,True
1278,Jamaree Caldwell,SD,00-0040144,True,fc stable GSIS corroborated in roster,Jamaree Caldwell,True
1279,Bud Dupree,SD,00-0032146,True,fc stable GSIS corroborated in roster,Bud Dupree,True
1280,Justin Eboigbe,SD,00-0039835,True,fc stable GSIS corroborated in roster,Justin Eboigbe,True
1281,Dalvin Tomlinson,SD,00-0033546,True,fc stable GSIS corroborated in roster,Dalvin Tomlinson,True
1282,Khalil Mack,SD,00-0031040,True,fc stable GSIS corroborated in roster,Khalil Mack,True
1283,Teair Tart,SD,00-0036181,True,fc stable GSIS corroborated in roster,Teair Tart,True
1284,Nick Barrett,SD,00-0041072,True,fc stable GSIS corroborated in roster,Nick Barrett,True
1285,Akheem Mesidor,SD,00-0041544,True,fc stable GSIS corroborated in roster,Akheem Mesidor,True
1286,Alec Ingold,SD,00-0035125,True,fc stable GSIS corroborated in roster,Alec Ingold,True
1287,Donte Jackson,SD,00-0034356,True,fc stable GSIS corroborated in roster,Donte Jackson,True
1288,Deane Leonard,SD,00-0037320,True,fc stable GSIS corroborated in roster,Deane Leonard,True
1289,Rashawn Slater,SD,00-0037009,True,fc stable GSIS corroborated in roster,Rashawn Slater,True
1290,Trey Pipkins,SD,00-0035688,True,fc stable GSIS corroborated in roster,Trey Pipkins,True
1291,Logan Taylor,SD,00-0041105,True,fc stable GSIS corroborated in roster,Logan Taylor,True
1292,Omarion Hampton,SD,00-0040666,True,fc stable GSIS corroborated in roster,Omarion Hampton,True
1293,Keaton Mitchell,SD,00-0038454,True,fc stable GSIS corroborated in roster,Keaton Mitchell,True
1294,Kimani Vidal,SD,00-0039391,True,fc stable GSIS corroborated in roster,Kimani Vidal,True
1295,Oronde Gadsden,SD,00-0040189,True,fc stable GSIS corroborated in roster,Oronde Gadsden II,True
1296,Jacob Spomer,SD,00-0041383,True,fc stable GSIS corroborated in roster,Jacob Spomer,True
1297,Troy Dye,SD,00-0036338,True,fc stable GSIS corroborated in roster,Troy Dye,True
1298,Daiyan Henley,SD,00-0038553,True,fc stable GSIS corroborated in roster,Daiyan Henley,True
1299,Josh Harris,SD,00-0028845,True,fc stable GSIS corroborated in roster,Josh Harris,True
1300,Cameron Dicker,SD,00-0037224,True,fc stable GSIS corroborated in roster,Cameron Dicker,True
1301,Del'Shawn Phillips,SD,00-0035202,True,fc stable GSIS corroborated in roster,Del'Shawn Phillips,True
1302,Marlowe Wax,SD,00-0040460,True,fc stable GSIS corroborated in roster,Marlowe Wax,True
1303,Tony Jefferson,SD,00-0030294,True,fc stable GSIS corroborated in roster,Tony Jefferson,True
1304,J.K. Scott,SD,00-0034162,True,fc stable GSIS corroborated in roster,J.K. Scott,True
1305,Justin Herbert,SD,00-0036355,True,fc stable GSIS corroborated in roster,Justin Herbert,True
1306,Trey Lance,SD,00-0037012,True,fc stable GSIS corroborated in roster,Trey Lance,True
1307,Kendall Williamson,SD,00-0038414,True,fc stable GSIS corroborated in roster,Kendall Williamson,True
1308,Tarheeb Still,SD,00-0039366,True,fc stable GSIS corroborated in roster,Tarheeb Still,True
1309,Elijah Molden,SD,00-0036992,True,fc stable GSIS corroborated in roster,Elijah Molden,True
1310,Joe Alt,SD,00-0039897,True,fc stable GSIS corroborated in roster,Joe Alt,True
1311,Trevor Penning,SD,00-0037241,True,fc stable GSIS corroborated in roster,Trevor Penning,True
1312,Cole Strange,SD,00-0038103,True,fc stable GSIS corroborated in roster,Cole Strange,True
1313,Jake Slaughter,SD,00-0041392,True,fc stable GSIS corroborated in roster,Jake Slaughter,True
1314,Charlie Kolar,SD,00-0038046,True,fc stable GSIS corroborated in roster,Charlie Kolar,True
1315,Hayden Rucci,SD,00-0039489,True,fc stable GSIS corroborated in roster,Hayden Rucci,True
1316,David Njoku,SD,00-0033885,True,fc stable GSIS corroborated in roster,David Njoku,True
1317,Ladd McConkey,SD,00-0039915,True,fc stable GSIS corroborated in roster,Ladd McConkey,True
1318,Brenen Thompson,SD,00-0041550,True,fc stable GSIS corroborated in roster,Brenen Thompson,True
1319,Quentin Johnston,SD,00-0038544,True,fc stable GSIS corroborated in roster,Quentin Johnston,True
1320,Derius Davis,SD,00-0038573,True,fc stable GSIS corroborated in roster,Derius Davis,True
1321,Tre Harris,SD,00-0040727,True,fc stable GSIS corroborated in roster,Tre Harris,True
1322,Travis Burke,SD,00-0041058,True,fc stable GSIS corroborated in roster,Travis Burke,True
1323,Kayode Awosika,SD,00-0036736,True,fc stable GSIS corroborated in roster,Kayode Awosika,True
1324,Alex Harkey,SD,00-0041107,True,fc stable GSIS corroborated in roster,Alex Harkey,True
1325,Renardo Green,SF,00-0039345,True,fc stable GSIS corroborated in roster,Renardo Green,True
1326,Ji'Ayir Brown,SF,00-0038554,True,fc stable GSIS corroborated in roster,Ji'Ayir Brown,True
1327,Siran Neal,SF,00-0034391,True,fc stable GSIS corroborated in roster,Siran Neal,True
1328,Jack Jones,SF,00-0038039,True,fc stable GSIS corroborated in roster,Jack Jones,True
1329,Malik Mustapha,SF,00-0039360,True,fc stable GSIS corroborated in roster,Malik Mustapha,True
1330,Keion White,SF,00-0039148,True,fc stable GSIS corroborated in roster,Keion White,True
1331,Ogbo Okoronkwo,SF,00-0034807,True,fc stable GSIS corroborated in roster,Ogbo Okoronkwo,True
1332,Khalid Kareem,SF,00-0036341,True,fc stable GSIS corroborated in roster,Khalid Kareem,True
1333,Gracen Halton,SF,00-0041557,True,fc stable GSIS corroborated in roster,Gracen Halton,True
1334,Nick Bosa,SF,00-0035717,True,fc stable GSIS corroborated in roster,Nick Bosa,True
1335,Osa Odighizuwa,SF,00-0036942,True,fc stable GSIS corroborated in roster,Osa Odighizuwa,True
1336,C.J. West,SF,00-0040711,True,fc stable GSIS corroborated in roster,C.J. West,True
1337,Romello Height,SF,00-0041556,True,fc stable GSIS corroborated in roster,Romello Height,True
1338,Kyle Juszczyk,SF,00-0029892,True,fc stable GSIS corroborated in roster,Kyle Juszczyk,True
1339,Kaelon Black,SF,00-0041052,True,fc stable GSIS corroborated in roster,Kaelon Black,True
1340,Jon Weeks,SF,00-0027224,True,fc stable GSIS corroborated in roster,Jon Weeks,True
1341,Deommodore Lenoir,SF,00-0036563,True,fc stable GSIS corroborated in roster,Deommodore Lenoir,True
1342,Trent Williams,SF,00-0027857,True,fc stable GSIS corroborated in roster,Trent Williams,True
1343,Carver Willis,SF,00-0041061,True,fc stable GSIS corroborated in roster,Carver Willis,True
1344,Jarrett Patterson,SF,00-0038615,True,fc stable GSIS corroborated in roster,Jarrett Patterson,True
1345,Enrique Cruz,SF,00-0041090,True,fc stable GSIS corroborated in roster,Enrique Cruz Jr.,True
1346,Christian McCaffrey,SF,00-0033280,True,fc stable GSIS corroborated in roster,Christian McCaffrey,True
1347,Jordan James,SF,00-0040177,True,fc stable GSIS corroborated in roster,Jordan James,True
1348,James Thompson,SF,00-0041363,True,fc stable GSIS corroborated in roster,James Thompson Jr.,True
1349,Fred Warner,SF,00-0034815,True,fc stable GSIS corroborated in roster,Fred Warner,True
1350,Luke Gifford,SF,00-0035413,True,fc stable GSIS corroborated in roster,Luke Gifford,True
1351,Eddy Pineiro,SF,00-0034173,True,fc stable GSIS corroborated in roster,Eddy Pineiro,True
1352,Dre Greenlaw,SF,00-0034982,True,fc stable GSIS corroborated in roster,Dre Greenlaw,True
1353,Tatum Bethune,SF,00-0039435,True,fc stable GSIS corroborated in roster,Tatum Bethune,True
1354,Garret Wallow,SF,00-0036844,True,fc stable GSIS corroborated in roster,Garret Wallow,True
1355,Jaden Dugger,SF,00-0041078,True,fc stable GSIS corroborated in roster,Jaden Dugger,True
1356,Corliss Waitman,SF,00-0035821,True,fc stable GSIS corroborated in roster,Corliss Waitman,True
1357,Brock Purdy,SF,00-0037834,True,fc stable GSIS corroborated in roster,Brock Purdy,True
1358,Mac Jones,SF,00-0036972,True,fc stable GSIS corroborated in roster,Mac Jones,True
1359,Kurtis Rourke,SF,00-0040589,True,fc stable GSIS corroborated in roster,Kurtis Rourke,True
1360,Marques Sigle,SF,00-0040185,True,fc stable GSIS corroborated in roster,Marques Sigle,True
1361,Upton Stout,SF,00-0040152,True,fc stable GSIS corroborated in roster,Upton Stout,True
1362,Ephesians Prysock,SF,00-0041068,True,fc stable GSIS corroborated in roster,Ephesians Prysock,True
1363,Colton McKivitz,SF,00-0036256,True,fc stable GSIS corroborated in roster,Colton McKivitz,True
1364,Jake Brendel,SF,00-0032701,True,fc stable GSIS corroborated in roster,Jake Brendel,True
1365,Connor Colby,SF,00-0040245,True,fc stable GSIS corroborated in roster,Connor Colby,True
1366,George Kittle,SF,00-0033288,True,fc stable GSIS corroborated in roster,George Kittle,True
1367,Luke Farrell,SF,00-0036887,True,fc stable GSIS corroborated in roster,Luke Farrell,True
1368,Brayden Willis,SF,00-0038643,True,fc stable GSIS corroborated in roster,Brayden Willis,True
1369,Ashtyn Davis,SF,00-0036329,True,fc stable GSIS corroborated in roster,Ashtyn Davis,True
1370,Mike Evans,SF,00-0031408,True,fc stable GSIS corroborated in roster,Mike Evans,True
1371,Jordan Watkins,SF,00-0040172,True,fc stable GSIS corroborated in roster,Jordan Watkins,True
1372,Deebo Samuel,SF,00-0035719,True,fc stable GSIS corroborated in roster,Deebo Samuel Sr.,True
1373,Jacob Cowing,SF,00-0039365,True,fc stable GSIS corroborated in roster,Jacob Cowing,True
1374,Demarcus Robinson,SF,00-0032775,True,fc stable GSIS corroborated in roster,Demarcus Robinson,True
1375,KhaDarel Hodge,SF,00-0034854,True,fc stable GSIS corroborated in roster,KhaDarel Hodge,True
1376,Vederian Lowe,SF,00-0037287,True,fc stable GSIS corroborated in roster,Vederian Lowe,True
1377,Dominick Puni,SF,00-0039351,True,fc stable GSIS corroborated in roster,Dominick Puni,True
1378,Devon Witherspoon,SEA,00-0039169,True,fc stable GSIS corroborated in roster,Devon Witherspoon,True
1379,Avery Smith,SEA,00-0041382,True,fc stable GSIS corroborated in roster,Avery Smith,True
1380,Ty Okada,SEA,00-0038765,True,fc stable GSIS corroborated in roster,Ty Okada,True
1381,Nehemiah Pritchett,SEA,00-0039795,True,fc stable GSIS corroborated in roster,Nehemiah Pritchett,True
1382,DeMarcus Lawrence,SEA,00-0031411,True,fc stable GSIS corroborated in roster,DeMarcus Lawrence,True
1383,Connor O'Toole,SEA,00-0040061,True,fc stable GSIS corroborated in roster,Connor O'Toole,True
1384,Dante Fowler,SEA,00-0032052,True,fc stable GSIS corroborated in roster,Dante Fowler Jr.,True
1385,Leonard Williams,SEA,00-0031933,True,fc stable GSIS corroborated in roster,Leonard Williams,True
1386,Brandon Pili,SEA,00-0038694,True,fc stable GSIS corroborated in roster,Brandon Pili,True
1387,Uchenna Nwosu,SEA,00-0034350,True,fc stable GSIS corroborated in roster,Uchenna Nwosu,True
1388,Byron Murphy,SEA,00-0039309,True,fc stable GSIS corroborated in roster,Byron Murphy II,True
1389,Jarran Reed,SEA,00-0032387,True,fc stable GSIS corroborated in roster,Jarran Reed,True
1390,Derick Hall,SEA,00-0039047,True,fc stable GSIS corroborated in roster,Derick Hall,True
1391,Mike Morris,SEA,00-0038591,True,fc stable GSIS corroborated in roster,Mike Morris,True
1392,Brady Russell,SEA,00-0038488,True,fc stable GSIS corroborated in roster,Brady Russell,True
1393,George Holani,SEA,00-0039299,True,fc stable GSIS corroborated in roster,George Holani,True
1394,Josh Jobe,SEA,00-0037137,True,fc stable GSIS corroborated in roster,Josh Jobe,True
1395,Charles Cross,SEA,00-0037821,True,fc stable GSIS corroborated in roster,Charles Cross,True
1396,Christian Haynes,SEA,00-0039839,True,fc stable GSIS corroborated in roster,Christian Haynes,True
1397,Olu Oluwatimi,SEA,00-0038593,True,fc stable GSIS corroborated in roster,Olu Oluwatimi,True
1398,Grey Zabel,SEA,00-0040639,True,fc stable GSIS corroborated in roster,Grey Zabel,True
1399,Jadarian Price,SEA,00-0041512,True,fc stable GSIS corroborated in roster,Jadarian Price,True
1400,Emanuel Wilson,SEA,00-0038797,True,fc stable GSIS corroborated in roster,Emanuel Wilson,True
1401,Elijah Arroyo,SEA,00-0040739,True,fc stable GSIS corroborated in roster,Elijah Arroyo,True
1402,Drake Thomas,SEA,00-0038922,True,fc stable GSIS corroborated in roster,Drake Thomas,True
1403,Tyrice Knight,SEA,00-0039815,True,fc stable GSIS corroborated in roster,Tyrice Knight,True
1404,Chazz Surratt,SEA,00-0037003,True,fc stable GSIS corroborated in roster,Chazz Surratt,True
1405,Jason Myers,SEA,00-0031492,True,fc stable GSIS corroborated in roster,Jason Myers,True
1406,Ernest Jones,SEA,00-0036994,True,fc stable GSIS corroborated in roster,Ernest Jones,True
1407,Nick Kallerup,SEA,00-0040058,True,fc stable GSIS corroborated in roster,Nick Kallerup,True
1408,Patrick O'Connell,SEA,00-0038764,True,fc stable GSIS corroborated in roster,Patrick O'Connell,True
1409,Chris Stoll,SEA,00-0038769,True,fc stable GSIS corroborated in roster,Chris Stoll,True
1410,Michael Dickson,SEA,00-0034160,True,fc stable GSIS corroborated in roster,Michael Dickson,True
1411,Sam Darnold,SEA,00-0034869,True,fc stable GSIS corroborated in roster,Sam Darnold,True
1412,Drew Lock,SEA,00-0035704,True,fc stable GSIS corroborated in roster,Drew Lock,True
1413,Jalen Milroe,SEA,00-0040673,True,fc stable GSIS corroborated in roster,Jalen Milroe,True
1414,Rylie Mills,SEA,00-0040647,True,fc stable GSIS corroborated in roster,Rylie Mills,True
1415,Nick Emmanwori,SEA,00-0040733,True,fc stable GSIS corroborated in roster,Nick Emmanwori,True
1416,Julian Neal,SEA,00-0040873,True,fc stable GSIS corroborated in roster,Julian Neal,True
1417,Julian Love,SEA,00-0034974,True,fc stable GSIS corroborated in roster,Julian Love,True
1418,Abraham Lucas,SEA,00-0037812,True,fc stable GSIS corroborated in roster,Abraham Lucas,True
1419,Jalen Sundell,SEA,00-0039926,True,fc stable GSIS corroborated in roster,Jalen Sundell,True
1420,Anthony Bradford,SEA,00-0039020,True,fc stable GSIS corroborated in roster,Anthony Bradford,True
1421,AJ Barner,SEA,00-0039793,True,fc stable GSIS corroborated in roster,AJ Barner,True
1422,Eric Saubert,SEA,00-0033576,True,fc stable GSIS corroborated in roster,Eric Saubert,True
1423,Jaxon Smith-Njigba,SEA,00-0038543,True,fc stable GSIS corroborated in roster,Jaxon Smith-Njigba,True
1424,Tory Horton,SEA,00-0040648,True,fc stable GSIS corroborated in roster,Tory Horton,True
1425,Montorie Foster,SEA,00-0040621,True,fc stable GSIS corroborated in roster,Montorie Foster Jr,True
1426,Rashid Shaheed,SEA,00-0037545,True,fc stable GSIS corroborated in roster,Rashid Shaheed,True
1427,Cooper Kupp,SEA,00-0033908,True,fc stable GSIS corroborated in roster,Cooper Kupp,True
1428,AJ Finley,SEA,00-0038866,True,fc stable GSIS corroborated in roster,AJ Finley,True
1429,Josh Jones,SEA,00-0036363,True,fc stable GSIS corroborated in roster,Josh Jones,True
1430,Beau Stephens,SEA,00-0040882,True,fc stable GSIS corroborated in roster,Beau Stephens,True
1431,Zyon McCollum,TB,00-0037268,True,fc stable GSIS corroborated in roster,Zyon McCollum,True
1432,Antoine Winfield,TB,00-0036411,True,fc stable GSIS corroborated in roster,Antoine Winfield Jr.,True
1433,Kevin Knowles,TB,00-0040089,True,fc stable GSIS corroborated in roster,Kevin Knowles,True
1434,Tykee Smith,TB,00-0039846,True,fc stable GSIS corroborated in roster,Tykee Smith,True
1435,Keionte Scott,TB,00-0041057,True,fc stable GSIS corroborated in roster,Keionte Scott,True
1436,Rueben Bain,TB,00-0041031,True,fc stable GSIS corroborated in roster,Rueben Bain Jr.,True
1437,David Walker,TB,00-0040158,True,fc stable GSIS corroborated in roster,David Walker,True
1438,Al-Quadin Muhammad,TB,00-0033964,True,fc stable GSIS corroborated in roster,Al-Quadin Muhammad,True
1439,Yaya Diaby,TB,00-0039068,True,fc stable GSIS corroborated in roster,Yaya Diaby,True
1440,Vita Vea,TB,00-0034773,True,fc stable GSIS corroborated in roster,Vita Vea,True
1441,Anthony Nelson,TB,00-0035254,True,fc stable GSIS corroborated in roster,Anthony Nelson,True
1442,Calijah Kancey,TB,00-0039063,True,fc stable GSIS corroborated in roster,Calijah Kancey,True
1443,Bucky Irving,TB,00-0039361,True,fc stable GSIS corroborated in roster,Bucky Irving,True
1444,Sean Tucker,TB,00-0038951,True,fc stable GSIS corroborated in roster,Sean Tucker,True
1445,Benjamin Morrison,TB,00-0040747,True,fc stable GSIS corroborated in roster,Benjamin Morrison,True
1446,Tristan Wirfs,TB,00-0036406,True,fc stable GSIS corroborated in roster,Tristan Wirfs,True
1447,Graham Barton,TB,00-0039905,True,fc stable GSIS corroborated in roster,Graham Barton,True
1448,Justin Skule,TB,00-0034989,True,fc stable GSIS corroborated in roster,Justin Skule,True
1449,Evan Deckers,TB,00-0038817,True,fc stable GSIS corroborated in roster,Evan Deckers,True
1450,Billy Schrauth,TB,00-0041082,True,fc stable GSIS corroborated in roster,Billy Schrauth,True
1451,Kenny Gainwell,TB,00-0036919,True,fc stable GSIS corroborated in roster,Kenny Gainwell,True
1452,A'Shawn Robinson,TB,00-0032889,True,fc stable GSIS corroborated in roster,A'Shawn Robinson,True
1453,Rakeem Nunez-Roches,TB,00-0031957,True,fc stable GSIS corroborated in roster,Rakeem Nunez-Roches,True
1454,Elijah Roberts,TB,00-0040183,True,fc stable GSIS corroborated in roster,Elijah Roberts,True
1455,Alex Anzalone,TB,00-0033914,True,fc stable GSIS corroborated in roster,Alex Anzalone,True
1456,Christian Rozeboom,TB,00-0035942,True,fc stable GSIS corroborated in roster,Christian Rozeboom,True
1457,Chase McLaughlin,TB,00-0035358,True,fc stable GSIS corroborated in roster,Chase McLaughlin,True
1458,Josiah Trotter,TB,00-0041502,True,fc stable GSIS corroborated in roster,Josiah Trotter,True
1459,DeMonte Capehart,TB,00-0041079,True,fc stable GSIS corroborated in roster,DeMonte Capehart,True
1460,SirVocea Dennis,TB,00-0039049,True,fc stable GSIS corroborated in roster,SirVocea Dennis,True
1461,Elijah Simmons,TB,00-0040384,True,fc stable GSIS corroborated in roster,Elijah Simmons,True
1462,Riley Dixon,TB,00-0032943,True,fc stable GSIS corroborated in roster,Riley Dixon,True
1463,Baker Mayfield,TB,00-0034855,True,fc stable GSIS corroborated in roster,Baker Mayfield,True
1464,Jalon Daniels,TB,00-0041251,True,fc stable GSIS corroborated in roster,Jalon Daniels,True
1465,Miles Killebrew,TB,00-0032399,True,fc stable GSIS corroborated in roster,Miles Killebrew,True
1466,Jacob Parrish,TB,00-0040143,True,fc stable GSIS corroborated in roster,Jacob Parrish,True
1467,Ayden Garnes,TB,00-0041253,True,fc stable GSIS corroborated in roster,Ayden Garnes,True
1468,Luke Goedeke,TB,00-0037835,True,fc stable GSIS corroborated in roster,Luke Goedeke,True
1469,Luke Haggard,TB,00-0038818,True,fc stable GSIS corroborated in roster,Luke Haggard,True
1470,Ben Bredeson,TB,00-0036132,True,fc stable GSIS corroborated in roster,Ben Bredeson,True
1471,Dan Feeney,TB,00-0033910,True,fc stable GSIS corroborated in roster,Dan Feeney,True
1472,Cade Otton,TB,00-0038129,True,fc stable GSIS corroborated in roster,Cade Otton,True
1473,Payne Durham,TB,00-0039050,True,fc stable GSIS corroborated in roster,Payne Durham,True
1474,Ko Kieft,TB,00-0037311,True,fc stable GSIS corroborated in roster,Ko Kieft,True
1475,Bauer Sharp,TB,00-0041094,True,fc stable GSIS corroborated in roster,Bauer Sharp,True
1476,Emeka Egbuka,TB,00-0040129,True,fc stable GSIS corroborated in roster,Emeka Egbuka,True
1477,Ted Hurst,TB,00-0041048,True,fc stable GSIS corroborated in roster,Ted Hurst III,True
1478,Chris Godwin,TB,00-0033921,True,fc stable GSIS corroborated in roster,Chris Godwin Jr.,True
1479,Tez Johnson,TB,00-0040237,True,fc stable GSIS corroborated in roster,Tez Johnson,True
1480,Jalen McMillan,TB,00-0039855,True,fc stable GSIS corroborated in roster,Jalen McMillan,True
1481,Kameron Johnson,TB,00-0039589,True,fc stable GSIS corroborated in roster,Kameron Johnson,True
1482,Benjamin Chukwuma,TB,00-0040417,True,fc stable GSIS corroborated in roster,Benjamin Chukwuma,True
1483,Cody Mauch,TB,00-0039157,True,fc stable GSIS corroborated in roster,Cody Mauch,True
1484,Cordale Flott,TEN,00-0037758,True,fc stable GSIS corroborated in roster,Cordale Flott,True
1485,Amani Hooker,TEN,00-0035632,True,fc stable GSIS corroborated in roster,Amani Hooker,True
1486,Micah Robinson,TEN,00-0040020,True,fc stable GSIS corroborated in roster,Micah Robinson,True
1487,Tony Adams,TEN,00-0037155,True,fc stable GSIS corroborated in roster,Tony Adams,True
1488,David Martin-Robinson,TEN,00-0039648,True,fc stable GSIS corroborated in roster,David Martin-Robinson,True
1489,Terrell Burgess,TEN,00-0036421,True,fc stable GSIS corroborated in roster,Terrell Burgess,True
1490,John Franklin-Myers,TEN,00-0034805,True,fc stable GSIS corroborated in roster,John Franklin-Myers,True
1491,Jeffery Simmons,TEN,00-0035643,True,fc stable GSIS corroborated in roster,Jeffery Simmons,True
1492,Keldric Faulk,TEN,00-0041508,True,fc stable GSIS corroborated in roster,Keldric Faulk,True
1493,Solomon Thomas,TEN,00-0033870,True,fc stable GSIS corroborated in roster,Solomon Thomas,True
1494,Oluwafemi Oladejo,TEN,00-0040752,True,fc stable GSIS corroborated in roster,Oluwafemi Oladejo,True
1495,Truman Jones,TEN,00-0038514,True,fc stable GSIS corroborated in roster,Truman Jones,True
1496,Jermaine Johnson,TEN,00-0037663,True,fc stable GSIS corroborated in roster,Jermaine Johnson II,True
1497,Jordan Elliott,TEN,00-0036266,True,fc stable GSIS corroborated in roster,Jordan Elliott,True
1498,Jacob Martin,TEN,00-0034163,True,fc stable GSIS corroborated in roster,Jacob Martin,True
1499,Tony Pollard,TEN,00-0035261,True,fc stable GSIS corroborated in roster,Tony Pollard,True
1500,Julius Chestnut,TEN,00-0037594,True,fc stable GSIS corroborated in roster,Julius Chestnut,True
1501,Alontae Taylor,TEN,00-0038121,True,fc stable GSIS corroborated in roster,Alontae Taylor,True
1502,Jaylon Jones,TEN,00-0038407,True,fc stable GSIS corroborated in roster,Jaylon Jones,True
1503,Dan Moore,TEN,00-0036869,True,fc stable GSIS corroborated in roster,Dan Moore Jr.,True
1504,Jackson Slater,TEN,00-0040190,True,fc stable GSIS corroborated in roster,Jackson Slater,True
1505,Austin Schlottmann,TEN,00-0034112,True,fc stable GSIS corroborated in roster,Austin Schlottmann,True
1506,Brandon Crenshaw,TEN,00-0040512,True,fc stable GSIS corroborated in roster,Brandon Crenshaw-Dickson,False
1507,Tyjae Spears,TEN,00-0039032,True,fc stable GSIS corroborated in roster,Tyjae Spears,True
1508,Nicholas Singleton,TEN,00-0040886,True,fc stable GSIS corroborated in roster,Nicholas Singleton,True
1509,Pat Coogan,TEN,00-0040893,True,fc stable GSIS corroborated in roster,Pat Coogan,True
1510,Cedric Gray,TEN,00-0039858,True,fc stable GSIS corroborated in roster,Cedric Gray,True
1511,Owen Pappoe,TEN,00-0038600,True,fc stable GSIS corroborated in roster,Owen Pappoe,True
1512,Morgan Cox,TEN,00-0027557,True,fc stable GSIS corroborated in roster,Morgan Cox,True
1513,Cody Barton,TEN,00-0035672,True,fc stable GSIS corroborated in roster,Cody Barton,True
1514,Joey Slye,TEN,00-0035192,True,fc stable GSIS corroborated in roster,Joey Slye,True
1515,James Williams,TEN,00-0039430,True,fc stable GSIS corroborated in roster,James Williams,True
1516,Jackie Marshall,TEN,00-0040892,True,fc stable GSIS corroborated in roster,Jackie Marshall,True
1517,Anthony Hill,TEN,00-0041479,True,fc stable GSIS corroborated in roster,Anthony Hill Jr.,True
1518,Tommy Townsend,TEN,00-0035889,True,fc stable GSIS corroborated in roster,Tommy Townsend,True
1519,Cam Ward,TEN,00-0040676,True,fc stable GSIS corroborated in roster,Cam Ward,True
1520,Mitchell Trubisky,TEN,00-0033869,True,fc stable GSIS corroborated in roster,Mitchell Trubisky,True
1521,Nazir Stackhouse,TEN,00-0040041,True,fc stable GSIS corroborated in roster,Nazir Stackhouse,True
1522,Marcus Harris,TEN,00-0040201,True,fc stable GSIS corroborated in roster,Marcus Harris,True
1523,Kevin Winston,TEN,00-0040141,True,fc stable GSIS corroborated in roster,Kevin Winston Jr.,True
1524,JC Latham,TEN,00-0039731,True,fc stable GSIS corroborated in roster,JC Latham,True
1525,Atonio Mafi,TEN,00-0038586,True,fc stable GSIS corroborated in roster,Atonio Mafi,True
1526,Peter Skoronski,TEN,00-0039034,True,fc stable GSIS corroborated in roster,Peter Skoronski,True
1527,Gunnar Helm,TEN,00-0040584,True,fc stable GSIS corroborated in roster,Gunnar Helm,True
1528,Daniel Bellinger,TEN,00-0038115,True,fc stable GSIS corroborated in roster,Daniel Bellinger,True
1529,Kylen Granson,TEN,00-0036876,True,fc stable GSIS corroborated in roster,Kylen Granson,True
1530,Carnell Tate,TEN,00-0041438,True,fc stable GSIS corroborated in roster,Carnell Tate,True
1531,Chimere Dike,TEN,00-0040705,True,fc stable GSIS corroborated in roster,Chimere Dike,True
1532,Wan'Dale Robinson,TEN,00-0038117,True,fc stable GSIS corroborated in roster,Wan'Dale Robinson,True
1533,Elic Ayomanor,TEN,00-0040170,True,fc stable GSIS corroborated in roster,Elic Ayomanor,True
1534,Calvin Ridley,TEN,00-0034837,True,fc stable GSIS corroborated in roster,Calvin Ridley,True
1535,James Hudson,TEN,00-0036866,True,fc stable GSIS corroborated in roster,James Hudson,True
1536,Fernando Carmona,TEN,00-0040881,True,fc stable GSIS corroborated in roster,Fernando Carmona,True
1537,Rasul Douglas,WAS,00-0033551,True,fc stable GSIS corroborated in roster,Rasul Douglas,True
1538,Quan Martin,WAS,00-0039149,True,fc stable GSIS corroborated in roster,Quan Martin,True
1539,Fabian Moreau,WAS,00-0033918,True,fc stable GSIS corroborated in roster,Fabian Moreau,True
1540,Nick Cross,WAS,00-0037616,True,fc stable GSIS corroborated in roster,Nick Cross,True
1541,Tyler Owens,WAS,00-0039681,True,fc stable GSIS corroborated in roster,Tyler Owens,True
1542,Jaylin Lane,WAS,00-0040164,True,fc stable GSIS corroborated in roster,Jaylin Lane,True
1543,Odafe Oweh,WAS,00-0036940,True,fc stable GSIS corroborated in roster,Odafe Oweh,True
1544,K'Lavon Chaisson,WAS,00-0036286,True,fc stable GSIS corroborated in roster,K'Lavon Chaisson,True
1545,Javontae Jean-Baptiste,WAS,00-0039412,True,fc stable GSIS corroborated in roster,Javontae Jean-Baptiste,True
1546,Dorance Armstrong,WAS,00-0034373,True,fc stable GSIS corroborated in roster,Dorance Armstrong,True
1547,Daron Payne,WAS,00-0034333,True,fc stable GSIS corroborated in roster,Daron Payne,True
1548,Joshua Josephs,WAS,00-0041074,True,fc stable GSIS corroborated in roster,Joshua Josephs,True
1549,Tim Settle,WAS,00-0034397,True,fc stable GSIS corroborated in roster,Tim Settle,True
1550,Jacory Croskey-Merritt,WAS,00-0040242,True,fc stable GSIS corroborated in roster,Jacory Croskey-Merritt,True
1551,Mike Sainristil,WAS,00-0039898,True,fc stable GSIS corroborated in roster,Mike Sainristil,True
1552,Isaac Yiadom,WAS,00-0034780,True,fc stable GSIS corroborated in roster,Isaac Yiadom,True
1553,Brandon Coleman,WAS,00-0039913,True,fc stable GSIS corroborated in roster,Brandon Coleman,True
1554,Lucas Patrick,WAS,00-0033082,True,fc stable GSIS corroborated in roster,Lucas Patrick,True
1555,Chris Paul,WAS,00-0037092,True,fc stable GSIS corroborated in roster,Chris Paul,True
1556,Rachaad White,WAS,00-0037256,True,fc stable GSIS corroborated in roster,Rachaad White,True
1557,Kaytron Allen,WAS,00-0041096,True,fc stable GSIS corroborated in roster,Kaytron Allen,True
1558,Luke McCaffrey,WAS,00-0039355,True,fc stable GSIS corroborated in roster,Luke McCaffrey,True
1559,Frankie Luvu,WAS,00-0034302,True,fc stable GSIS corroborated in roster,Frankie Luvu,True
1560,Javon Kinlaw,WAS,00-0036260,True,fc stable GSIS corroborated in roster,Javon Kinlaw,True
1561,Leo Chenal,WAS,00-0037819,True,fc stable GSIS corroborated in roster,Leo Chenal,True
1562,Drew Stevens,WAS,00-0041182,True,fc stable GSIS corroborated in roster,Drew Stevens,True
1563,Sonny Styles,WAS,00-0041028,True,fc stable GSIS corroborated in roster,Sonny Styles,True
1564,Kain Medrano,WAS,00-0040216,True,fc stable GSIS corroborated in roster,Kain Medrano,True
1565,Shy Tuttle,WAS,00-0035409,True,fc stable GSIS corroborated in roster,Shy Tuttle,True
1566,Tress Way,WAS,00-0030140,True,fc stable GSIS corroborated in roster,Tress Way,True
1567,Jayden Daniels,WAS,00-0039910,True,fc stable GSIS corroborated in roster,Jayden Daniels,True
1568,Marcus Mariota,WAS,00-0032268,True,fc stable GSIS corroborated in roster,Marcus Mariota,True
1569,Athan Kaliakmanis,WAS,00-0041117,True,fc stable GSIS corroborated in roster,Athan Kaliakmanis,True
1570,Amik Robertson,WAS,00-0036375,True,fc stable GSIS corroborated in roster,Amik Robertson,True
1571,Jeremy Reaves,WAS,00-0034465,True,fc stable GSIS corroborated in roster,Jeremy Reaves,True
1572,Percy Butler,WAS,00-0038100,True,fc stable GSIS corroborated in roster,Percy Butler,True
1573,Josh Conerly,WAS,00-0040686,True,fc stable GSIS corroborated in roster,Josh Conerly Jr.,True
1574,Nick Allegretti,WAS,00-0035149,True,fc stable GSIS corroborated in roster,Nick Allegretti,True
1575,Sam Cosmi,WAS,00-0036618,True,fc stable GSIS corroborated in roster,Sam Cosmi,True
1576,Tyler Ott,WAS,00-0031156,True,fc stable GSIS corroborated in roster,Tyler Ott,True
1577,Chig Okonkwo,WAS,00-0037809,True,fc stable GSIS corroborated in roster,Chig Okonkwo,True
1578,John Bates,WAS,00-0036628,True,fc stable GSIS corroborated in roster,John Bates,True
1579,Ben Sinnott,WAS,00-0039912,True,fc stable GSIS corroborated in roster,Ben Sinnott,True
1580,Colson Yankoff,WAS,00-0039686,True,fc stable GSIS corroborated in roster,Colson Yankoff,True
1581,Charles Omenihu,WAS,00-0035279,True,fc stable GSIS corroborated in roster,Charles Omenihu,True
1582,Terry McLaurin,WAS,00-0035659,True,fc stable GSIS corroborated in roster,Terry McLaurin,True
1583,Dyami Brown,WAS,00-0036626,True,fc stable GSIS corroborated in roster,Dyami Brown,True
1584,Stefon Diggs,WAS,00-0031588,True,fc stable GSIS corroborated in roster,Stefon Diggs,True
1585,Treylon Burks,WAS,00-0037742,True,fc stable GSIS corroborated in roster,Treylon Burks,True
1586,Antonio Williams,WAS,00-0041040,True,fc stable GSIS corroborated in roster,Antonio Williams,True
1587,Andrew Wylie,WAS,00-0033831,True,fc stable GSIS corroborated in roster,Andrew Wylie,True
1588,Tanoa Togiai,WAS,00-0041183,True,fc stable GSIS corroborated in roster,Tanoa Togiai,True
1589,Matt Gulbin,WAS,00-0041108,True,fc stable GSIS corroborated in roster,Matt Gulbin,True
1590,Denzel Ward,CLE,00-0034856,True,fc stable GSIS corroborated in roster,Denzel Ward,True
1591,Ronnie Hickman,CLE,00-0038715,True,fc stable GSIS corroborated in roster,Ronnie Hickman Jr.,True
1592,Donovan McMillon,CLE,00-0040263,True,fc stable GSIS corroborated in roster,Donovan McMillon,True
1593,Toriano Pride,CLE,00-0041115,True,fc stable GSIS corroborated in roster,Toriano Pride Jr.,True
1594,Isaiah McGuire,CLE,00-0038574,True,fc stable GSIS corroborated in roster,Isaiah McGuire,True
1595,Mike Hall,CLE,00-0039895,True,fc stable GSIS corroborated in roster,Mike Hall Jr.,True
1596,Derek Barnett,CLE,00-0033876,True,fc stable GSIS corroborated in roster,Derek Barnett,True
1597,Malachi Corley,CLE,00-0039920,True,fc stable GSIS corroborated in roster,Malachi Corley,True
1598,Maliek Collins,CLE,00-0033131,True,fc stable GSIS corroborated in roster,Maliek Collins,True
1599,Jared Verse,CLE,00-0039852,True,fc stable GSIS corroborated in roster,Jared Verse,True
1600,Adin Huntington,CLE,00-0040255,True,fc stable GSIS corroborated in roster,Adin Huntington,True
1601,Sam Williams,CLE,00-0037665,True,fc stable GSIS corroborated in roster,Sam Williams,True
1602,Luke Wypler,CLE,00-0038609,True,fc stable GSIS corroborated in roster,Luke Wypler,True
1603,Mason Graham,CLE,00-0040685,True,fc stable GSIS corroborated in roster,Mason Graham,True
1604,Michael Burton,CLE,00-0031595,True,fc stable GSIS corroborated in roster,Michael Burton,True
1605,Raheim Sanders,CLE,00-0040466,True,fc stable GSIS corroborated in roster,Raheim Sanders,True
1606,Tyson Campbell,CLE,00-0036974,True,fc stable GSIS corroborated in roster,Tyson Campbell,True
1607,Mekhi Blackmon,CLE,00-0038565,True,fc stable GSIS corroborated in roster,Mekhi Blackmon,True
1608,Spencer Fano,CLE,00-0041030,True,fc stable GSIS corroborated in roster,Spencer Fano,True
1609,Zion Johnson,CLE,00-0037818,True,fc stable GSIS corroborated in roster,Zion Johnson,True
1610,Austin Barber,CLE,00-0041049,True,fc stable GSIS corroborated in roster,Austin Barber,True
1611,Quinshon Judkins,CLE,00-0040784,True,fc stable GSIS corroborated in roster,Quinshon Judkins,True
1612,Jaleel McLaughlin,CLE,00-0038794,True,fc stable GSIS corroborated in roster,Jaleel McLaughlin,True
1613,Rex Sunahara,CLE,00-0036443,True,fc stable GSIS corroborated in roster,Rex Sunahara,True
1614,Grant Delpit,CLE,00-0036282,True,fc stable GSIS corroborated in roster,Grant Delpit,True
1615,Easton Mascarenas,CLE,00-0040261,True,fc stable GSIS corroborated in roster,Easton Mascarenas-Arnold,False
1616,Quincy Williams,CLE,00-0035680,True,fc stable GSIS corroborated in roster,Quincy Williams,True
1617,Andre Szmyt,CLE,00-0038428,True,fc stable GSIS corroborated in roster,Andre Szmyt,True
1618,Carson Schwesinger,CLE,00-0040579,True,fc stable GSIS corroborated in roster,Carson Schwesinger,True
1619,Justin Jefferson,CLE,00-0041075,True,fc stable GSIS corroborated in roster,Justin Jefferson,True
1620,Winston Reid,CLE,00-0039515,True,fc stable GSIS corroborated in roster,Winston Reid,True
1621,Emmanuel McNeil-Warren,CLE,00-0041471,True,fc stable GSIS corroborated in roster,Emmanuel McNeil-Warren,True
1622,Daniel Thomas,CLE,00-0036306,True,fc stable GSIS corroborated in roster,Daniel Thomas,True
1623,Corey Bojorquez,CLE,00-0034721,True,fc stable GSIS corroborated in roster,Corey Bojorquez,True
1624,Deshaun Watson,CLE,00-0033537,True,fc stable GSIS corroborated in roster,Deshaun Watson,True
1625,Shedeur Sanders,CLE,00-0040668,True,fc stable GSIS corroborated in roster,Shedeur Sanders,True
1626,Taylen Green,CLE,00-0041092,True,fc stable GSIS corroborated in roster,Taylen Green,True
1627,Myles Harden,CLE,00-0039417,True,fc stable GSIS corroborated in roster,Myles Harden,True
1628,Noah Igbinoghene,CLE,00-0036287,True,fc stable GSIS corroborated in roster,Noah Igbinoghene,True
1629,Tytus Howard,CLE,00-0035234,True,fc stable GSIS corroborated in roster,Tytus Howard,True
1630,Elgton Jenkins,CLE,00-0035526,True,fc stable GSIS corroborated in roster,Elgton Jenkins,True
1631,Teven Jenkins,CLE,00-0036953,True,fc stable GSIS corroborated in roster,Teven Jenkins,True
1632,Harold Fannin,CLE,00-0040663,True,fc stable GSIS corroborated in roster,Harold Fannin Jr.,True
1633,Blake Whiteheart,CLE,00-0038710,True,fc stable GSIS corroborated in roster,Blake Whiteheart,True
1634,Carsen Ryan,CLE,00-0041131,True,fc stable GSIS corroborated in roster,Carsen Ryan,True
1635,Jerry Jeudy,CLE,00-0036407,True,fc stable GSIS corroborated in roster,Jerry Jeudy,True
1636,Isaiah Bond,CLE,00-0040782,True,fc stable GSIS corroborated in roster,Isaiah Bond,True
1637,KC Concepcion,CLE,00-0041547,True,fc stable GSIS corroborated in roster,KC Concepcion,True
1638,Tylan Wallace,CLE,00-0036630,True,fc stable GSIS corroborated in roster,Tylan Wallace,True
1639,Denzel Boston,CLE,00-0041037,True,fc stable GSIS corroborated in roster,Denzel Boston,True
1640,Dawand Jones,CLE,00-0039014,True,fc stable GSIS corroborated in roster,Dawand Jones,True
1641,Zak Zinter,CLE,00-0039350,True,fc stable GSIS corroborated in roster,Zak Zinter,True
1642,Parker Brailsford,CLE,00-0041073,True,fc stable GSIS corroborated in roster,Parker Brailsford,True
1643,Derek Stingley,HOU,00-0037237,True,fc stable GSIS corroborated in roster,Derek Stingley Jr.,True
1644,Collin Wright,HOU,00-0041313,True,fc stable GSIS corroborated in roster,Collin Wright,True
1645,Calen Bullock,HOU,00-0039838,True,fc stable GSIS corroborated in roster,Calen Bullock,True
1646,Jaylin Smith,HOU,00-0040149,True,fc stable GSIS corroborated in roster,Jaylin Smith,True
1647,Reed Blankenship,HOU,00-0037130,True,fc stable GSIS corroborated in roster,Reed Blankenship,True
1648,Will Anderson,HOU,00-0039108,True,fc stable GSIS corroborated in roster,Will Anderson Jr.,True
1649,Sheldon Rankins,HOU,00-0032759,True,fc stable GSIS corroborated in roster,Sheldon Rankins,True
1650,Dominique Robinson,HOU,00-0037082,True,fc stable GSIS corroborated in roster,Dominique Robinson,True
1651,Tommy Togiai,HOU,00-0036883,True,fc stable GSIS corroborated in roster,Tommy Togiai,True
1652,Mario Edwards,HOU,00-0032265,True,fc stable GSIS corroborated in roster,Mario Edwards,True
1653,Sabastian Harsh,HOU,00-0041305,True,fc stable GSIS corroborated in roster,Sabastian Harsh,True
1654,Danielle Hunter,HOU,00-0031565,True,fc stable GSIS corroborated in roster,Danielle Hunter,True
1655,Jadeveon Clowney,HOU,00-0031364,True,fc stable GSIS corroborated in roster,Jadeveon Clowney,True
1656,David Montgomery,HOU,00-0035685,True,fc stable GSIS corroborated in roster,David Montgomery,True
1657,British Brooks,HOU,00-0039603,True,fc stable GSIS corroborated in roster,British Brooks,True
1658,Kamari Lassiter,HOU,00-0039343,True,fc stable GSIS corroborated in roster,Kamari Lassiter,True
1659,Tremon Smith,HOU,00-0034278,True,fc stable GSIS corroborated in roster,Tremon Smith,True
1660,Aireontae Ersery,HOU,00-0040745,True,unique name plus team or DOB,Aireontae Ersery,True
1661,Blake Fisher,HOU,00-0039857,True,fc stable GSIS corroborated in roster,Blake Fisher,True
1662,Ed Ingram,HOU,00-0038131,True,fc stable GSIS corroborated in roster,Ed Ingram,True
1663,Woody Marks,HOU,00-0040583,True,fc stable GSIS corroborated in roster,Woody Marks,True
1664,Brevin Jordan,HOU,00-0036556,True,fc stable GSIS corroborated in roster,Brevin Jordan,True
1665,Febechi Nwaiwu,HOU,00-0041559,True,fc stable GSIS corroborated in roster,Febechi Nwaiwu,True
1666,Evan Brown,HOU,00-0034495,True,fc stable GSIS corroborated in roster,Evan Brown,True
1667,Aiden Fisher,HOU,00-0041449,True,fc stable GSIS corroborated in roster,Aiden Fisher,True
1668,Azeez Al-Shaair,HOU,00-0035166,True,fc stable GSIS corroborated in roster,Azeez Al-Shaair,True
1669,Jamal Hill,HOU,00-0039395,True,fc stable GSIS corroborated in roster,Jamal Hill,True
1670,Jake Andrews,HOU,00-0039030,True,fc stable GSIS corroborated in roster,Jake Andrews,True
1671,Ka'imi Fairbairn,HOU,00-0032726,True,fc stable GSIS corroborated in roster,Ka'imi Fairbairn,True
1672,Jacob Hummel,HOU,00-0037633,True,fc stable GSIS corroborated in roster,Jacob Hummel,True
1673,Wade Woodaz,HOU,00-0041465,True,fc stable GSIS corroborated in roster,Wade Woodaz,True
1674,Jake Hansen,HOU,00-0037457,True,fc stable GSIS corroborated in roster,Jake Hansen,True
1675,Austin Brinkman,HOU,00-0040409,True,fc stable GSIS corroborated in roster,Austin Brinkman,True
1676,Kai Kroeger,HOU,00-0040654,True,fc stable GSIS corroborated in roster,Kai Kroeger,True
1677,C.J. Stroud,HOU,00-0039163,True,fc stable GSIS corroborated in roster,C.J. Stroud,True
1678,Davis Mills,HOU,00-0036898,True,fc stable GSIS corroborated in roster,Davis Mills,True
1679,Logan Hall,HOU,00-0038127,True,fc stable GSIS corroborated in roster,Logan Hall,True
1680,Jaden Crumedy,HOU,00-0039402,True,fc stable GSIS corroborated in roster,Jaden Crumedy,True
1681,Jalen Pitre,HOU,00-0037246,True,fc stable GSIS corroborated in roster,Jalen Pitre,True
1682,Trent Brown,HOU,00-0032071,True,fc stable GSIS corroborated in roster,Trent Brown,True
1683,Wyatt Teller,HOU,00-0034399,True,fc stable GSIS corroborated in roster,Wyatt Teller,True
1684,Keylan Rutledge,HOU,00-0041532,True,fc stable GSIS corroborated in roster,Keylan Rutledge,True
1685,Dalton Schultz,HOU,00-0034383,True,fc stable GSIS corroborated in roster,Dalton Schultz,True
1686,Foster Moreau,HOU,00-0034981,True,fc stable GSIS corroborated in roster,Foster Moreau,True
1687,Marlin Klein,HOU,00-0041472,True,fc stable GSIS corroborated in roster,Marlin Klein,True
1688,Cade Stover,HOU,00-0039359,True,fc stable GSIS corroborated in roster,Cade Stover,True
1689,Nico Collins,HOU,00-0036554,True,fc stable GSIS corroborated in roster,Nico Collins,True
1690,Jaylin Noel,HOU,00-0040138,True,fc stable GSIS corroborated in roster,Jaylin Noel,True
1691,Jared Wayne,HOU,00-0038728,True,fc stable GSIS corroborated in roster,Jared Wayne,True
1692,Xavier Hutchinson,HOU,00-0038618,True,fc stable GSIS corroborated in roster,Xavier Hutchinson,True
1693,Kayshon Boutte,HOU,00-0038608,True,fc stable GSIS corroborated in roster,Kayshon Boutte,True
1694,Kamari Ramsey,HOU,00-0041466,True,fc stable GSIS corroborated in roster,Kamari Ramsey,True
1695,Nathan Thomas,HOU,00-0039422,True,fc stable GSIS corroborated in roster,Nathan Thomas,True
